tag,prec_no,block_no,year,month,day,date,pressure_local_hpa,pressure_sea_level_hpa,pressure_extra_hpa,pressure_extra_time,precip_total_mm,precip_1h_max_mm,precip_1h_max_time,precip_10m_max_mm,precip_10m_max_time,temp_mean_c,temp_max_c,temp_max_time,temp_min_c,temp_min_time,vapor_pressure_hpa,humidity_mean_pct,humidity_min_pct,humidity_min_time,page_url,saved_html
jma_0402_48,48,0402,2024,1,1,2024-01-01,,,,,1.0,1.0,03:23,0.5,03:10,2.1,6.2,11:41,-2.6,23:23,5.3,74.0,50.0,13:01,https://www.data.jma.go.jp/stats/etrn/view/daily_a1.php?block_no=0402&day=&month=01&prec_no=48&view=a1s&year=2024,D:\CQUPT\self_file\competition\gjsschool2026\B题\赛题主要文件夹\问题四\外部数据抓取\raw\weather_html\jma_0402_48_2024_01_30be6699d4.html
jma_0402_48,48,0402,2024,1,2,2024-01-02,,,,,0.0,0.0,24:00,0.0,24:00,0.6,9.5,14:24,-4.8,07:04,5.1,81.0,49.0,14:25,https://www.data.jma.go.jp/stats/etrn/view/daily_a1.php?block_no=0402&day=&month=01&prec_no=48&view=a1s&year=2024,D:\CQUPT\self_file\competition\gjsschool2026\B题\赛题主要文件夹\问题四\外部数据抓取\raw\weather_html\jma_0402_48_2024_01_30be6699d4.html
jma_0402_48,48,0402,2024,1,3,2024-01-03,,,,,0.0,0.0,24:00,0.0,24:00,1.9,7.2,15:02,-3.4,04:35,6.0,85.0,58.0,14:02,https://www.data.jma.go.jp/stats/etrn/view/daily_a1.php?block_no=0402&day=&month=01&prec_no=48&view=a1s&year=2024,D:\CQUPT\self_file\competition\gjsschool2026\B题\赛题主要文件夹\问题四\外部数据抓取\raw\weather_html\jma_0402_48_2024_01_30be6699d4.html
jma_0402_48,48,0402,2024,1,4,2024-01-04,,,,,0.5,0.5,09:24,0.5,08:34,2.6,7.8,13:15,-1.5,24:00,6.2,85.0,56.0,16:01,https://www.data.jma.go.jp/stats/etrn/view/daily_a1.php?block_no=0402&day=&month=01&prec_no=48&view=a1s&year=2024,D:\CQUPT\self_file\competition\gjsschool2026\B题\赛题主要文件夹\问题四\外部数据抓取\raw\weather_html\jma_0402_48_2024_01_30be6699d4.html
jma_0402_48,48,0402,2024,1,5,2024-01-05,,,,,0.0,0.0,24:00,0.0,24:00,1.4,11.8,14:16,-4.9,07:02,5.2,79.0,40.0,14:17,https://www.data.jma.go.jp/stats/etrn/view/daily_a1.php?block_no=0402&day=&month=01&prec_no=48&view=a1s&year=2024,D:\CQUPT\self_file\competition\gjsschool2026\B题\赛题主要文件夹\问题四\外部数据抓取\raw\weather_html\jma_0402_48_2024_01_30be6699d4.html
jma_0402_48,48,0402,2024,1,6,2024-01-06,,,,,0.0,0.0,24:00,0.0,24:00,3.9,14.6,14:46,-3.9,06:39,5.4,70.0,36.0,14:49,https://www.data.jma.go.jp/stats/etrn/view/daily_a1.php?block_no=0402&day=&month=01&prec_no=48&view=a1s&year=2024,D:\CQUPT\self_file\competition\gjsschool2026\B题\赛题主要文件夹\问题四\外部数据抓取\raw\weather_html\jma_0402_48_2024_01_30be6699d4.html
jma_0402_48,48,0402,2024,1,7,2024-01-07,,,,,0.0,0.0,24:00,0.0,24:00,2.7,8.0,12:52,-1.2,23:28,5.1,70.0,38.0,14:58,https://www.data.jma.go.jp/stats/etrn/view/daily_a1.php?block_no=0402&day=&month=01&prec_no=48&view=a1s&year=2024,D:\CQUPT\self_file\competition\gjsschool2026\B题\赛题主要文件夹\问题四\外部数据抓取\raw\weather_html\jma_0402_48_2024_01_30be6699d4.html
jma_0402_48,48,0402,2024,1,8,2024-01-08,,,,,0.5,0.5,03:39,0.5,02:49,-0.9,3.6,13:15,-5.2,24:00,4.1,73.0,42.0,12:40,https://www.data.jma.go.jp/stats/etrn/view/daily_a1.php?block_no=0402&day=&month=01&prec_no=48&view=a1s&year=2024,D:\CQUPT\self_file\competition\gjsschool2026\B题\赛题主要文件夹\问题四\外部数据抓取\raw\weather_html\jma_0402_48_2024_01_30be6699d4.html
jma_0402_48,48,0402,2024,1,9,2024-01-09,,,,,0.0,0.0,24:00,0.0,24:00,-2.2,7.1,15:00,-8.5,07:17,3.7,73.0,38.0,14:20,https://www.data.jma.go.jp/stats/etrn/view/daily_a1.php?block_no=0402&day=&month=01&prec_no=48&view=a1s&year=2024,D:\CQUPT\self_file\competition\gjsschool2026\B题\赛题主要文件夹\问题四\外部数据抓取\raw\weather_html\jma_0402_48_2024_01_30be6699d4.html
jma_0402_48,48,0402,2024,1,10,2024-01-10,,,,,0.0,0.0,24:00,0.0,24:00,-0.9,5.3,13:51,-5.7,07:22,4.6,82.0,52.0,14:23,https://www.data.jma.go.jp/stats/etrn/view/daily_a1.php?block_no=0402&day=&month=01&prec_no=48&view=a1s&year=2024,D:\CQUPT\self_file\competition\gjsschool2026\B题\赛题主要文件夹\问题四\外部数据抓取\raw\weather_html\jma_0402_48_2024_01_30be6699d4.html
jma_0402_48,48,0402,2024,1,11,2024-01-11,,,,,0.0,0.0,24:00,0.0,24:00,-1.8,5.9,15:22,-5.6,23:53,3.9,75.0,35.0,15:26,https://www.data.jma.go.jp/stats/etrn/view/daily_a1.php?block_no=0402&day=&month=01&prec_no=48&view=a1s&year=2024,D:\CQUPT\self_file\competition\gjsschool2026\B题\赛题主要文件夹\问题四\外部数据抓取\raw\weather_html\jma_0402_48_2024_01_30be6699d4.html
jma_0402_48,48,0402,2024,1,12,2024-01-12,,,,,0.0,0.0,24:00,0.0,24:00,-0.3,9.0,13:34,-8.3,07:08,4.4,73.0,37.0,12:37,https://www.data.jma.go.jp/stats/etrn/view/daily_a1.php?block_no=0402&day=&month=01&prec_no=48&view=a1s&year=2024,D:\CQUPT\self_file\competition\gjsschool2026\B题\赛题主要文件夹\问题四\外部数据抓取\raw\weather_html\jma_0402_48_2024_01_30be6699d4.html
jma_0402_48,48,0402,2024,1,13,2024-01-13,,,,,1.0,0.5,18:32,0.5,17:42,-0.5,4.2,10:13,-4.0,23:25,5.4,90.0,68.0,13:23,https://www.data.jma.go.jp/stats/etrn/view/daily_a1.php?block_no=0402&day=&month=01&prec_no=48&view=a1s&year=2024,D:\CQUPT\self_file\competition\gjsschool2026\B题\赛题主要文件夹\问题四\外部数据抓取\raw\weather_html\jma_0402_48_2024_01_30be6699d4.html
jma_0402_48,48,0402,2024,1,14,2024-01-14,,,,,0.0,0.0,24:00,0.0,24:00,-0.9,6.0,15:32,-7.6,07:25,3.9,71.0,34.0,22:26,https://www.data.jma.go.jp/stats/etrn/view/daily_a1.php?block_no=0402&day=&month=01&prec_no=48&view=a1s&year=2024,D:\CQUPT\self_file\competition\gjsschool2026\B题\赛题主要文件夹\问题四\外部数据抓取\raw\weather_html\jma_0402_48_2024_01_30be6699d4.html
jma_0402_48,48,0402,2024,1,15,2024-01-15,,,,,0.0,0.0,24:00,0.0,24:00,1.1,6.3,01:52,-2.6,23:47,4.4,67.0,43.0,01:52,https://www.data.jma.go.jp/stats/etrn/view/daily_a1.php?block_no=0402&day=&month=01&prec_no=48&view=a1s&year=2024,D:\CQUPT\self_file\competition\gjsschool2026\B题\赛题主要文件夹\问题四\外部数据抓取\raw\weather_html\jma_0402_48_2024_01_30be6699d4.html
jma_0402_48,48,0402,2024,1,16,2024-01-16,,,,,0.0,0.0,24:00,0.0,24:00,-1.9,2.4,14:55,-4.1,07:22,3.7,71.0,49.0,15:20,https://www.data.jma.go.jp/stats/etrn/view/daily_a1.php?block_no=0402&day=&month=01&prec_no=48&view=a1s&year=2024,D:\CQUPT\self_file\competition\gjsschool2026\B题\赛题主要文件夹\问题四\外部数据抓取\raw\weather_html\jma_0402_48_2024_01_30be6699d4.html
jma_0402_48,48,0402,2024,1,17,2024-01-17,,,,,0.0,0.0,24:00,0.0,24:00,0.4,9.4,14:59,-5.2,07:30,3.8,63.0,31.0,15:21,https://www.data.jma.go.jp/stats/etrn/view/daily_a1.php?block_no=0402&day=&month=01&prec_no=48&view=a1s&year=2024,D:\CQUPT\self_file\competition\gjsschool2026\B题\赛题主要文件夹\问题四\外部数据抓取\raw\weather_html\jma_0402_48_2024_01_30be6699d4.html
jma_0402_48,48,0402,2024,1,18,2024-01-18,,,,,0.0,0.0,24:00,0.0,24:00,2.0,10.2,12:32,-3.7,03:22,5.6,79.0,38.0,12:33,https://www.data.jma.go.jp/stats/etrn/view/daily_a1.php?block_no=0402&day=&month=01&prec_no=48&view=a1s&year=2024,D:\CQUPT\self_file\competition\gjsschool2026\B题\赛题主要文件夹\问题四\外部数据抓取\raw\weather_html\jma_0402_48_2024_01_30be6699d4.html
jma_0402_48,48,0402,2024,1,19,2024-01-19,,,,,0.0,0.0,24:00,0.0,24:00,4.5,8.9,12:42,2.5,23:58,6.8,81.0,59.0,14:50,https://www.data.jma.go.jp/stats/etrn/view/daily_a1.php?block_no=0402&day=&month=01&prec_no=48&view=a1s&year=2024,D:\CQUPT\self_file\competition\gjsschool2026\B题\赛题主要文件夹\问题四\外部数据抓取\raw\weather_html\jma_0402_48_2024_01_30be6699d4.html
jma_0402_48,48,0402,2024,1,20,2024-01-20,,,,,8.5,2.5,23:51,0.5,23:55,2.4,4.0,11:44,1.6,07:42,6.7,92.0,80.0,11:50,https://www.data.jma.go.jp/stats/etrn/view/daily_a1.php?block_no=0402&day=&month=01&prec_no=48&view=a1s&year=2024,D:\CQUPT\self_file\competition\gjsschool2026\B题\赛题主要文件夹\问题四\外部数据抓取\raw\weather_html\jma_0402_48_2024_01_30be6699d4.html
jma_0402_48,48,0402,2024,1,21,2024-01-21,,,,,8.0,2.5,09:46,1.0,08:56,5.4,7.5,15:43,1.6,00:02,8.7,96.0,86.0,07:18,https://www.data.jma.go.jp/stats/etrn/view/daily_a1.php?block_no=0402&day=&month=01&prec_no=48&view=a1s&year=2024,D:\CQUPT\self_file\competition\gjsschool2026\B题\赛题主要文件夹\问题四\外部数据抓取\raw\weather_html\jma_0402_48_2024_01_30be6699d4.html
jma_0402_48,48,0402,2024,1,22,2024-01-22,,,,,0.5,0.5,19:42,0.5,18:52,6.1,12.3,12:31,2.2,23:58,7.9,85.0,53.0,13:09,https://www.data.jma.go.jp/stats/etrn/view/daily_a1.php?block_no=0402&day=&month=01&prec_no=48&view=a1s&year=2024,D:\CQUPT\self_file\competition\gjsschool2026\B题\赛题主要文件夹\问题四\外部数据抓取\raw\weather_html\jma_0402_48_2024_01_30be6699d4.html
jma_0402_48,48,0402,2024,1,23,2024-01-23,,,,,0.0,0.0,24:00,0.0,24:00,2.4,8.3,13:54,-1.6,22:14,5.4,77.0,38.0,14:10,https://www.data.jma.go.jp/stats/etrn/view/daily_a1.php?block_no=0402&day=&month=01&prec_no=48&view=a1s&year=2024,D:\CQUPT\self_file\competition\gjsschool2026\B题\赛题主要文件夹\问题四\外部数据抓取\raw\weather_html\jma_0402_48_2024_01_30be6699d4.html
jma_0402_48,48,0402,2024,1,24,2024-01-24,,,,,1.0,1.0,03:04,0.5,02:31,-2.7,0.8,13:11,-5.6,23:51,3.5,71.0,46.0,01:02,https://www.data.jma.go.jp/stats/etrn/view/daily_a1.php?block_no=0402&day=&month=01&prec_no=48&view=a1s&year=2024,D:\CQUPT\self_file\competition\gjsschool2026\B题\赛题主要文件夹\问题四\外部数据抓取\raw\weather_html\jma_0402_48_2024_01_30be6699d4.html
jma_0402_48,48,0402,2024,1,25,2024-01-25,,,,,0.0,0.0,24:00,0.0,24:00,-1.9,2.2,14:41,-6.1,01:52,3.2,61.0,35.0,14:45,https://www.data.jma.go.jp/stats/etrn/view/daily_a1.php?block_no=0402&day=&month=01&prec_no=48&view=a1s&year=2024,D:\CQUPT\self_file\competition\gjsschool2026\B题\赛题主要文件夹\问题四\外部数据抓取\raw\weather_html\jma_0402_48_2024_01_30be6699d4.html
jma_0402_48,48,0402,2024,1,26,2024-01-26,,,,,0.0,0.0,24:00,0.0,24:00,-0.7,6.1,14:08,-5.6,04:51,3.6,65.0,35.0,14:10,https://www.data.jma.go.jp/stats/etrn/view/daily_a1.php?block_no=0402&day=&month=01&prec_no=48&view=a1s&year=2024,D:\CQUPT\self_file\competition\gjsschool2026\B题\赛题主要文件夹\问题四\外部数据抓取\raw\weather_html\jma_0402_48_2024_01_30be6699d4.html
jma_0402_48,48,0402,2024,1,27,2024-01-27,,,,,0.0,0.0,24:00,0.0,24:00,0.3,7.2,14:40,-4.2,06:24,3.9,65.0,34.0,13:31,https://www.data.jma.go.jp/stats/etrn/view/daily_a1.php?block_no=0402&day=&month=01&prec_no=48&view=a1s&year=2024,D:\CQUPT\self_file\competition\gjsschool2026\B题\赛题主要文件夹\问题四\外部数据抓取\raw\weather_html\jma_0402_48_2024_01_30be6699d4.html
jma_0402_48,48,0402,2024,1,28,2024-01-28,,,,,0.0,0.0,24:00,0.0,24:00,-0.7,4.9,14:05,-6.3,07:03,4.4,76.0,48.0,14:07,https://www.data.jma.go.jp/stats/etrn/view/daily_a1.php?block_no=0402&day=&month=01&prec_no=48&view=a1s&year=2024,D:\CQUPT\self_file\competition\gjsschool2026\B题\赛题主要文件夹\问题四\外部数据抓取\raw\weather_html\jma_0402_48_2024_01_30be6699d4.html
jma_0402_48,48,0402,2024,1,29,2024-01-29,,,,,0.0,0.0,24:00,0.0,24:00,0.5,8.3,14:00,-5.4,07:22,4.3,70.0,35.0,14:46,https://www.data.jma.go.jp/stats/etrn/view/daily_a1.php?block_no=0402&day=&month=01&prec_no=48&view=a1s&year=2024,D:\CQUPT\self_file\competition\gjsschool2026\B题\赛题主要文件夹\问题四\外部数据抓取\raw\weather_html\jma_0402_48_2024_01_30be6699d4.html
jma_0402_48,48,0402,2024,1,30,2024-01-30,,,,,0.0,0.0,24:00,0.0,24:00,0.9,10.0,14:04,-5.9,07:07,4.1,67.0,32.0,14:41,https://www.data.jma.go.jp/stats/etrn/view/daily_a1.php?block_no=0402&day=&month=01&prec_no=48&view=a1s&year=2024,D:\CQUPT\self_file\competition\gjsschool2026\B题\赛题主要文件夹\问题四\外部数据抓取\raw\weather_html\jma_0402_48_2024_01_30be6699d4.html
jma_0402_48,48,0402,2024,1,31,2024-01-31,,,,,0.0,0.0,24:00,0.0,24:00,2.1,11.1,15:25,-5.0,07:45,4.8,69.0,34.0,14:33,https://www.data.jma.go.jp/stats/etrn/view/daily_a1.php?block_no=0402&day=&month=01&prec_no=48&view=a1s&year=2024,D:\CQUPT\self_file\competition\gjsschool2026\B题\赛题主要文件夹\问题四\外部数据抓取\raw\weather_html\jma_0402_48_2024_01_30be6699d4.html
jma_0402_48,48,0402,2024,2,1,2024-02-01,,,,,1.0,1.0,03:35,0.5,02:56,2.2,8.3,10:58,-2.5,23:38,5.3,73.0,51.0,15:49,https://www.data.jma.go.jp/stats/etrn/view/daily_a1.php?block_no=0402&day=&month=02&prec_no=48&view=a1s&year=2024,D:\CQUPT\self_file\competition\gjsschool2026\B题\赛题主要文件夹\问题四\外部数据抓取\raw\weather_html\jma_0402_48_2024_02_d26cf8e540.html
jma_0402_48,48,0402,2024,2,2,2024-02-02,,,,,0.0,0.0,24:00,0.0,24:00,-0.7,4.6,14:43,-3.6,04:35,3.6,64.0,43.0,14:36,https://www.data.jma.go.jp/stats/etrn/view/daily_a1.php?block_no=0402&day=&month=02&prec_no=48&view=a1s&year=2024,D:\CQUPT\self_file\competition\gjsschool2026\B题\赛题主要文件夹\问题四\外部数据抓取\raw\weather_html\jma_0402_48_2024_02_d26cf8e540.html
jma_0402_48,48,0402,2024,2,3,2024-02-03,,,,,0.0,0.0,24:00,0.0,24:00,0.6,6.3,14:28,-2.7,06:23,4.3,69.0,43.0,14:29,https://www.data.jma.go.jp/stats/etrn/view/daily_a1.php?block_no=0402&day=&month=02&prec_no=48&view=a1s&year=2024,D:\CQUPT\self_file\competition\gjsschool2026\B题\赛题主要文件夹\问题四\外部数据抓取\raw\weather_html\jma_0402_48_2024_02_d26cf8e540.html
jma_0402_48,48,0402,2024,2,4,2024-02-04,,,,,0.0,0.0,24:00,0.0,24:00,1.3,6.4,14:03,-1.4,24:00,4.7,70.0,49.0,14:29,https://www.data.jma.go.jp/stats/etrn/view/daily_a1.php?block_no=0402&day=&month=02&prec_no=48&view=a1s&year=2024,D:\CQUPT\self_file\competition\gjsschool2026\B题\赛题主要文件夹\问题四\外部数据抓取\raw\weather_html\jma_0402_48_2024_02_d26cf8e540.html
jma_0402_48,48,0402,2024,2,5,2024-02-05,,,,,34.0,6.0,18:58,1.5,18:18,-1.2,0.4,10:07,-2.6,03:04,5.1,92.0,72.0,10:08,https://www.data.jma.go.jp/stats/etrn/view/daily_a1.php?block_no=0402&day=&month=02&prec_no=48&view=a1s&year=2024,D:\CQUPT\self_file\competition\gjsschool2026\B题\赛题主要文件夹\问题四\外部数据抓取\raw\weather_html\jma_0402_48_2024_02_d26cf8e540.html
jma_0402_48,48,0402,2024,2,6,2024-02-06,,,,,0.0,0.5,00:03,0.0,24:00,0.2,3.8,14:21,-3.1,24:00,5.6,90.0,71.0,13:50,https://www.data.jma.go.jp/stats/etrn/view/daily_a1.php?block_no=0402&day=&month=02&prec_no=48&view=a1s&year=2024,D:\CQUPT\self_file\competition\gjsschool2026\B题\赛题主要文件夹\问题四\外部数据抓取\raw\weather_html\jma_0402_48_2024_02_d26cf8e540.html
jma_0402_48,48,0402,2024,2,7,2024-02-07,,,,,0.0,0.0,24:00,0.0,24:00,-1.3,6.2,13:22,-6.5,06:44,4.6,84.0,51.0,14:55,https://www.data.jma.go.jp/stats/etrn/view/daily_a1.php?block_no=0402&day=&month=02&prec_no=48&view=a1s&year=2024,D:\CQUPT\self_file\competition\gjsschool2026\B题\赛题主要文件夹\问题四\外部数据抓取\raw\weather_html\jma_0402_48_2024_02_d26cf8e540.html
jma_0402_48,48,0402,2024,2,8,2024-02-08,,,,,0.0,0.0,24:00,0.0,24:00,0.0,5.5,15:29,-3.6,06:10,4.5,75.0,45.0,14:17,https://www.data.jma.go.jp/stats/etrn/view/daily_a1.php?block_no=0402&day=&month=02&prec_no=48&view=a1s&year=2024,D:\CQUPT\self_file\competition\gjsschool2026\B题\赛题主要文件夹\问题四\外部数据抓取\raw\weather_html\jma_0402_48_2024_02_d26cf8e540.html
jma_0402_48,48,0402,2024,2,9,2024-02-09,,,,,0.0,0.0,24:00,0.0,24:00,0.3,5.9,14:50,-3.3,03:58,4.7,77.0,46.0,13:37,https://www.data.jma.go.jp/stats/etrn/view/daily_a1.php?block_no=0402&day=&month=02&prec_no=48&view=a1s&year=2024,D:\CQUPT\self_file\competition\gjsschool2026\B题\赛题主要文件夹\问题四\外部数据抓取\raw\weather_html\jma_0402_48_2024_02_d26cf8e540.html
jma_0402_48,48,0402,2024,2,10,2024-02-10,,,,,0.0,0.0,24:00,0.0,24:00,0.5,8.6,14:33,-5.2,03:33,4.7,77.0,41.0,14:36,https://www.data.jma.go.jp/stats/etrn/view/daily_a1.php?block_no=0402&day=&month=02&prec_no=48&view=a1s&year=2024,D:\CQUPT\self_file\competition\gjsschool2026\B题\赛题主要文件夹\问题四\外部数据抓取\raw\weather_html\jma_0402_48_2024_02_d26cf8e540.html
jma_0402_48,48,0402,2024,2,11,2024-02-11,,,,,0.0,0.0,24:00,0.0,24:00,1.4,7.1,14:02,-2.4,23:26,4.9,74.0,38.0,13:39,https://www.data.jma.go.jp/stats/etrn/view/daily_a1.php?block_no=0402&day=&month=02&prec_no=48&view=a1s&year=2024,D:\CQUPT\self_file\competition\gjsschool2026\B题\赛题主要文件夹\问题四\外部数据抓取\raw\weather_html\jma_0402_48_2024_02_d26cf8e540.html
jma_0402_48,48,0402,2024,2,12,2024-02-12,,,,,0.0,0.0,24:00,0.0,24:00,0.8,7.5,15:08,-3.6,06:53,4.7,74.0,36.0,15:59,https://www.data.jma.go.jp/stats/etrn/view/daily_a1.php?block_no=0402&day=&month=02&prec_no=48&view=a1s&year=2024,D:\CQUPT\self_file\competition\gjsschool2026\B题\赛题主要文件夹\问题四\外部数据抓取\raw\weather_html\jma_0402_48_2024_02_d26cf8e540.html
jma_0402_48,48,0402,2024,2,13,2024-02-13,,,,,0.0,0.0,24:00,0.0,24:00,2.6,15.3,14:57,-6.1,06:12,4.4,65.0,21.0,14:59,https://www.data.jma.go.jp/stats/etrn/view/daily_a1.php?block_no=0402&day=&month=02&prec_no=48&view=a1s&year=2024,D:\CQUPT\self_file\competition\gjsschool2026\B题\赛题主要文件夹\问题四\外部数据抓取\raw\weather_html\jma_0402_48_2024_02_d26cf8e540.html
jma_0402_48,48,0402,2024,2,14,2024-02-14,,,,,0.0,0.0,24:00,0.0,24:00,4.4,15.2,13:48,-3.7,06:51,5.0,64.0,29.0,15:04,https://www.data.jma.go.jp/stats/etrn/view/daily_a1.php?block_no=0402&day=&month=02&prec_no=48&view=a1s&year=2024,D:\CQUPT\self_file\competition\gjsschool2026\B题\赛题主要文件夹\问题四\外部数据抓取\raw\weather_html\jma_0402_48_2024_02_d26cf8e540.html
jma_0402_48,48,0402,2024,2,15,2024-02-15,,,,,3.5,3.0,23:51,1.5,23:08,8.4,17.0,13:23,-0.9,05:52,8.3,74.0,48.0,11:52,https://www.data.jma.go.jp/stats/etrn/view/daily_a1.php?block_no=0402&day=&month=02&prec_no=48&view=a1s&year=2024,D:\CQUPT\self_file\competition\gjsschool2026\B题\赛题主要文件夹\问题四\外部数据抓取\raw\weather_html\jma_0402_48_2024_02_d26cf8e540.html
jma_0402_48,48,0402,2024,2,16,2024-02-16,,,,,0.0,2.0,00:02,0.0,24:00,2.6,11.5,00:26,-1.5,23:59,4.6,63.0,43.0,14:24,https://www.data.jma.go.jp/stats/etrn/view/daily_a1.php?block_no=0402&day=&month=02&prec_no=48&view=a1s&year=2024,D:\CQUPT\self_file\competition\gjsschool2026\B题\赛题主要文件夹\问题四\外部数据抓取\raw\weather_html\jma_0402_48_2024_02_d26cf8e540.html
jma_0402_48,48,0402,2024,2,17,2024-02-17,,,,,0.0,0.0,24:00,0.0,24:00,3.7,14.0,14:32,-3.8,06:34,5.5,71.0,39.0,14:35,https://www.data.jma.go.jp/stats/etrn/view/daily_a1.php?block_no=0402&day=&month=02&prec_no=48&view=a1s&year=2024,D:\CQUPT\self_file\competition\gjsschool2026\B题\赛题主要文件夹\问题四\外部数据抓取\raw\weather_html\jma_0402_48_2024_02_d26cf8e540.html
jma_0402_48,48,0402,2024,2,18,2024-02-18,,,,,0.0,0.0,24:00,0.0,24:00,7.9,18.0,13:16,-0.8,05:58,7.4,72.0,39.0,15:03,https://www.data.jma.go.jp/stats/etrn/view/daily_a1.php?block_no=0402&day=&month=02&prec_no=48&view=a1s&year=2024,D:\CQUPT\self_file\competition\gjsschool2026\B题\赛题主要文件夹\问题四\外部数据抓取\raw\weather_html\jma_0402_48_2024_02_d26cf8e540.html
jma_0402_48,48,0402,2024,2,19,2024-02-19,,,,,0.0,0.0,24:00,0.0,24:00,12.1,16.3,16:36,6.7,04:23,10.4,74.0,56.0,16:37,https://www.data.jma.go.jp/stats/etrn/view/daily_a1.php?block_no=0402&day=&month=02&prec_no=48&view=a1s&year=2024,D:\CQUPT\self_file\competition\gjsschool2026\B题\赛题主要文件夹\问题四\外部数据抓取\raw\weather_html\jma_0402_48_2024_02_d26cf8e540.html
jma_0402_48,48,0402,2024,2,20,2024-02-20,,,,,0.0,0.0,24:00,0.0,24:00,9.9,15.3,02:19,4.9,24:00,10.1,83.0,63.0,15:03,https://www.data.jma.go.jp/stats/etrn/view/daily_a1.php?block_no=0402&day=&month=02&prec_no=48&view=a1s&year=2024,D:\CQUPT\self_file\competition\gjsschool2026\B题\赛题主要文件夹\问题四\外部数据抓取\raw\weather_html\jma_0402_48_2024_02_d26cf8e540.html
jma_0402_48,48,0402,2024,2,21,2024-02-21,,,,,6.5,2.0,20:50,0.5,20:59,3.9,8.0,15:13,1.4,23:54,7.9,97.0,87.0,16:39,https://www.data.jma.go.jp/stats/etrn/view/daily_a1.php?block_no=0402&day=&month=02&prec_no=48&view=a1s&year=2024,D:\CQUPT\self_file\competition\gjsschool2026\B题\赛题主要文件夹\问题四\外部数据抓取\raw\weather_html\jma_0402_48_2024_02_d26cf8e540.html
jma_0402_48,48,0402,2024,2,22,2024-02-22,,,,,4.5,1.0,11:39,0.5,14:29,1.2,5.2,14:25,-0.4,11:38,5.9,88.0,67.0,16:05,https://www.data.jma.go.jp/stats/etrn/view/daily_a1.php?block_no=0402&day=&month=02&prec_no=48&view=a1s&year=2024,D:\CQUPT\self_file\competition\gjsschool2026\B题\赛题主要文件夹\问题四\外部数据抓取\raw\weather_html\jma_0402_48_2024_02_d26cf8e540.html
jma_0402_48,48,0402,2024,2,23,2024-02-23,,,,,0.0,0.0,24:00,0.0,24:00,0.6,2.9,15:56,-0.7,23:54,4.9,77.0,60.0,18:45,https://www.data.jma.go.jp/stats/etrn/view/daily_a1.php?block_no=0402&day=&month=02&prec_no=48&view=a1s&year=2024,D:\CQUPT\self_file\competition\gjsschool2026\B题\赛题主要文件夹\问题四\外部数据抓取\raw\weather_html\jma_0402_48_2024_02_d26cf8e540.html
jma_0402_48,48,0402,2024,2,24,2024-02-24,,,,,0.0,0.0,24:00,0.0,24:00,1.4,7.0,14:45,-1.7,05:10,4.6,69.0,45.0,13:42,https://www.data.jma.go.jp/stats/etrn/view/daily_a1.php?block_no=0402&day=&month=02&prec_no=48&view=a1s&year=2024,D:\CQUPT\self_file\competition\gjsschool2026\B题\赛题主要文件夹\问题四\外部数据抓取\raw\weather_html\jma_0402_48_2024_02_d26cf8e540.html
jma_0402_48,48,0402,2024,2,25,2024-02-25,,,,,10.5,2.5,12:03,1.0,11:13,0.3,2.4,14:42,-1.9,02:29,6.0,95.0,76.0,07:58,https://www.data.jma.go.jp/stats/etrn/view/daily_a1.php?block_no=0402&day=&month=02&prec_no=48&view=a1s&year=2024,D:\CQUPT\self_file\competition\gjsschool2026\B题\赛题主要文件夹\问题四\外部数据抓取\raw\weather_html\jma_0402_48_2024_02_d26cf8e540.html
jma_0402_48,48,0402,2024,2,26,2024-02-26,,,,,0.0,0.0,24:00,0.0,24:00,2.0,4.7,13:50,-0.3,23:44,5.1,73.0,59.0,13:05,https://www.data.jma.go.jp/stats/etrn/view/daily_a1.php?block_no=0402&day=&month=02&prec_no=48&view=a1s&year=2024,D:\CQUPT\self_file\competition\gjsschool2026\B题\赛题主要文件夹\问题四\外部数据抓取\raw\weather_html\jma_0402_48_2024_02_d26cf8e540.html
jma_0402_48,48,0402,2024,2,27,2024-02-27,,,,,0.5,0.5,10:00,0.5,09:10,0.5,4.6,14:09,-1.9,08:31,4.6,72.0,53.0,15:24,https://www.data.jma.go.jp/stats/etrn/view/daily_a1.php?block_no=0402&day=&month=02&prec_no=48&view=a1s&year=2024,D:\CQUPT\self_file\competition\gjsschool2026\B题\赛题主要文件夹\问题四\外部数据抓取\raw\weather_html\jma_0402_48_2024_02_d26cf8e540.html
jma_0402_48,48,0402,2024,2,28,2024-02-28,,,,,0.0,0.0,24:00,0.0,24:00,1.9,7.6,14:35,-1.1,23:53,4.6,67.0,42.0,14:37,https://www.data.jma.go.jp/stats/etrn/view/daily_a1.php?block_no=0402&day=&month=02&prec_no=48&view=a1s&year=2024,D:\CQUPT\self_file\competition\gjsschool2026\B题\赛题主要文件夹\问题四\外部数据抓取\raw\weather_html\jma_0402_48_2024_02_d26cf8e540.html
jma_0402_48,48,0402,2024,2,29,2024-02-29,,,,,9.0,3.5,24:00,1.0,24:00,1.9,10.4,13:22,-3.7,05:44,4.9,73.0,36.0,12:36,https://www.data.jma.go.jp/stats/etrn/view/daily_a1.php?block_no=0402&day=&month=02&prec_no=48&view=a1s&year=2024,D:\CQUPT\self_file\competition\gjsschool2026\B题\赛题主要文件夹\问题四\外部数据抓取\raw\weather_html\jma_0402_48_2024_02_d26cf8e540.html
jma_0402_48,48,0402,2024,3,1,2024-03-01,,,,,13.5,5.0,01:06,1.0,01:15,3.4,9.9,15:37,-0.1,01:28,6.4,83.0,45.0,15:28,https://www.data.jma.go.jp/stats/etrn/view/daily_a1.php?block_no=0402&day=&month=03&prec_no=48&view=a1s&year=2024,D:\CQUPT\self_file\competition\gjsschool2026\B题\赛题主要文件夹\问题四\外部数据抓取\raw\weather_html\jma_0402_48_2024_03_a78c9273b8.html
jma_0402_48,48,0402,2024,3,2,2024-03-02,,,,,0.0,0.0,24:00,0.0,24:00,-0.1,4.9,14:50,-3.5,23:57,3.3,55.0,31.0,14:25,https://www.data.jma.go.jp/stats/etrn/view/daily_a1.php?block_no=0402&day=&month=03&prec_no=48&view=a1s&year=2024,D:\CQUPT\self_file\competition\gjsschool2026\B题\赛题主要文件夹\问题四\外部数据抓取\raw\weather_html\jma_0402_48_2024_03_a78c9273b8.html
jma_0402_48,48,0402,2024,3,3,2024-03-03,,,,,0.0,0.0,24:00,0.0,24:00,1.1,10.6,13:13,-6.7,06:23,3.7,59.0,25.0,13:46,https://www.data.jma.go.jp/stats/etrn/view/daily_a1.php?block_no=0402&day=&month=03&prec_no=48&view=a1s&year=2024,D:\CQUPT\self_file\competition\gjsschool2026\B题\赛题主要文件夹\问题四\外部数据抓取\raw\weather_html\jma_0402_48_2024_03_a78c9273b8.html
jma_0402_48,48,0402,2024,3,4,2024-03-04,,,,,0.0,0.0,24:00,0.0,24:00,2.4,9.1,15:14,-2.7,04:18,4.9,71.0,29.0,17:17,https://www.data.jma.go.jp/stats/etrn/view/daily_a1.php?block_no=0402&day=&month=03&prec_no=48&view=a1s&year=2024,D:\CQUPT\self_file\competition\gjsschool2026\B题\赛题主要文件夹\问题四\外部数据抓取\raw\weather_html\jma_0402_48_2024_03_a78c9273b8.html
jma_0402_48,48,0402,2024,3,5,2024-03-05,,,,,16.0,2.5,22:20,0.5,23:54,0.7,4.8,12:30,-0.9,06:02,5.8,91.0,64.0,12:34,https://www.data.jma.go.jp/stats/etrn/view/daily_a1.php?block_no=0402&day=&month=03&prec_no=48&view=a1s&year=2024,D:\CQUPT\self_file\competition\gjsschool2026\B题\赛题主要文件夹\问题四\外部数据抓取\raw\weather_html\jma_0402_48_2024_03_a78c9273b8.html
jma_0402_48,48,0402,2024,3,6,2024-03-06,,,,,8.0,3.5,02:06,1.0,01:51,1.5,4.0,14:56,0.0,01:17,6.0,88.0,64.0,18:51,https://www.data.jma.go.jp/stats/etrn/view/daily_a1.php?block_no=0402&day=&month=03&prec_no=48&view=a1s&year=2024,D:\CQUPT\self_file\competition\gjsschool2026\B题\赛题主要文件夹\问题四\外部数据抓取\raw\weather_html\jma_0402_48_2024_03_a78c9273b8.html
jma_0402_48,48,0402,2024,3,7,2024-03-07,,,,,0.0,0.0,24:00,0.0,24:00,1.9,7.0,14:49,-0.5,06:04,4.6,67.0,44.0,14:33,https://www.data.jma.go.jp/stats/etrn/view/daily_a1.php?block_no=0402&day=&month=03&prec_no=48&view=a1s&year=2024,D:\CQUPT\self_file\competition\gjsschool2026\B题\赛题主要文件夹\问题四\外部数据抓取\raw\weather_html\jma_0402_48_2024_03_a78c9273b8.html
jma_0402_48,48,0402,2024,3,8,2024-03-08,,,,,0.0,0.0,24:00,0.0,24:00,2.7,10.8,14:46,-1.2,06:25,5.3,74.0,38.0,14:47,https://www.data.jma.go.jp/stats/etrn/view/daily_a1.php?block_no=0402&day=&month=03&prec_no=48&view=a1s&year=2024,D:\CQUPT\self_file\competition\gjsschool2026\B题\赛题主要文件夹\问题四\外部数据抓取\raw\weather_html\jma_0402_48_2024_03_a78c9273b8.html
jma_0402_48,48,0402,2024,3,9,2024-03-09,,,,,2.5,1.0,08:21,0.5,07:57,0.0,4.2,14:48,-3.2,23:55,4.0,68.0,30.0,16:06,https://www.data.jma.go.jp/stats/etrn/view/daily_a1.php?block_no=0402&day=&month=03&prec_no=48&view=a1s&year=2024,D:\CQUPT\self_file\competition\gjsschool2026\B题\赛题主要文件夹\问题四\外部数据抓取\raw\weather_html\jma_0402_48_2024_03_a78c9273b8.html
jma_0402_48,48,0402,2024,3,10,2024-03-10,,,,,0.0,0.0,24:00,0.0,24:00,0.3,7.3,13:10,-4.5,05:28,4.0,68.0,31.0,14:41,https://www.data.jma.go.jp/stats/etrn/view/daily_a1.php?block_no=0402&day=&month=03&prec_no=48&view=a1s&year=2024,D:\CQUPT\self_file\competition\gjsschool2026\B题\赛题主要文件夹\问题四\外部数据抓取\raw\weather_html\jma_0402_48_2024_03_a78c9273b8.html
jma_0402_48,48,0402,2024,3,11,2024-03-11,,,,,0.0,0.0,24:00,0.0,24:00,2.6,12.5,15:15,-5.9,06:24,3.9,56.0,24.0,14:10,https://www.data.jma.go.jp/stats/etrn/view/daily_a1.php?block_no=0402&day=&month=03&prec_no=48&view=a1s&year=2024,D:\CQUPT\self_file\competition\gjsschool2026\B题\赛题主要文件夹\问题四\外部数据抓取\raw\weather_html\jma_0402_48_2024_03_a78c9273b8.html
jma_0402_48,48,0402,2024,3,12,2024-03-12,,,,,12.0,4.0,17:08,1.0,17:04,2.9,7.5,11:46,0.2,18:11,6.2,83.0,56.0,10:58,https://www.data.jma.go.jp/stats/etrn/view/daily_a1.php?block_no=0402&day=&month=03&prec_no=48&view=a1s&year=2024,D:\CQUPT\self_file\competition\gjsschool2026\B题\赛题主要文件夹\问题四\外部数据抓取\raw\weather_html\jma_0402_48_2024_03_a78c9273b8.html
jma_0402_48,48,0402,2024,3,13,2024-03-13,,,,,0.5,0.5,07:06,0.5,06:16,2.5,8.4,13:50,-1.3,23:57,5.3,74.0,41.0,13:57,https://www.data.jma.go.jp/stats/etrn/view/daily_a1.php?block_no=0402&day=&month=03&prec_no=48&view=a1s&year=2024,D:\CQUPT\self_file\competition\gjsschool2026\B题\赛题主要文件夹\问题四\外部数据抓取\raw\weather_html\jma_0402_48_2024_03_a78c9273b8.html
jma_0402_48,48,0402,2024,3,14,2024-03-14,,,,,0.0,0.0,24:00,0.0,24:00,3.5,12.8,14:08,-3.9,06:25,4.5,62.0,27.0,14:42,https://www.data.jma.go.jp/stats/etrn/view/daily_a1.php?block_no=0402&day=&month=03&prec_no=48&view=a1s&year=2024,D:\CQUPT\self_file\competition\gjsschool2026\B题\赛题主要文件夹\问题四\外部数据抓取\raw\weather_html\jma_0402_48_2024_03_a78c9273b8.html
jma_0402_48,48,0402,2024,3,15,2024-03-15,,,,,0.0,0.0,24:00,0.0,24:00,6.8,17.5,15:02,-2.4,06:16,4.2,51.0,15.0,14:59,https://www.data.jma.go.jp/stats/etrn/view/daily_a1.php?block_no=0402&day=&month=03&prec_no=48&view=a1s&year=2024,D:\CQUPT\self_file\competition\gjsschool2026\B题\赛题主要文件夹\问题四\外部数据抓取\raw\weather_html\jma_0402_48_2024_03_a78c9273b8.html
jma_0402_48,48,0402,2024,3,16,2024-03-16,,,,,0.0,0.0,24:00,0.0,24:00,9.5,18.0,14:38,3.4,23:47,5.4,47.0,23.0,15:43,https://www.data.jma.go.jp/stats/etrn/view/daily_a1.php?block_no=0402&day=&month=03&prec_no=48&view=a1s&year=2024,D:\CQUPT\self_file\competition\gjsschool2026\B题\赛题主要文件夹\问题四\外部数据抓取\raw\weather_html\jma_0402_48_2024_03_a78c9273b8.html
jma_0402_48,48,0402,2024,3,17,2024-03-17,,,,,0.0,0.0,24:00,0.0,24:00,8.6,17.9,14:02,0.8,05:44,6.8,64.0,35.0,13:20,https://www.data.jma.go.jp/stats/etrn/view/daily_a1.php?block_no=0402&day=&month=03&prec_no=48&view=a1s&year=2024,D:\CQUPT\self_file\competition\gjsschool2026\B题\赛题主要文件夹\问题四\外部数据抓取\raw\weather_html\jma_0402_48_2024_03_a78c9273b8.html
jma_0402_48,48,0402,2024,3,18,2024-03-18,,,,,0.0,0.0,24:00,0.0,24:00,,,13:47 ),,23:58 ),,,,13:09 ),https://www.data.jma.go.jp/stats/etrn/view/daily_a1.php?block_no=0402&day=&month=03&prec_no=48&view=a1s&year=2024,D:\CQUPT\self_file\competition\gjsschool2026\B题\赛题主要文件夹\问题四\外部数据抓取\raw\weather_html\jma_0402_48_2024_03_a78c9273b8.html
jma_0402_48,48,0402,2024,3,19,2024-03-19,,,,,0.0,0.0,24:00,0.0,24:00,4.0,12.4,15:28,-3.3,05:53,3.6,48.0,21.0,13:40,https://www.data.jma.go.jp/stats/etrn/view/daily_a1.php?block_no=0402&day=&month=03&prec_no=48&view=a1s&year=2024,D:\CQUPT\self_file\competition\gjsschool2026\B题\赛题主要文件夹\问题四\外部数据抓取\raw\weather_html\jma_0402_48_2024_03_a78c9273b8.html
jma_0402_48,48,0402,2024,3,20,2024-03-20,,,,,7.0,2.5,15:57,1.0,15:07,1.9,6.9,12:39,-2.0,22:40,5.6,80.0,44.0,00:30,https://www.data.jma.go.jp/stats/etrn/view/daily_a1.php?block_no=0402&day=&month=03&prec_no=48&view=a1s&year=2024,D:\CQUPT\self_file\competition\gjsschool2026\B题\赛题主要文件夹\问题四\外部数据抓取\raw\weather_html\jma_0402_48_2024_03_a78c9273b8.html
jma_0402_48,48,0402,2024,3,21,2024-03-21,,,,,0.0,0.0,24:00,0.0,24:00,-0.4,5.7,14:45,-3.5,05:42,3.8,65.0,32.0,15:37,https://www.data.jma.go.jp/stats/etrn/view/daily_a1.php?block_no=0402&day=&month=03&prec_no=48&view=a1s&year=2024,D:\CQUPT\self_file\competition\gjsschool2026\B题\赛题主要文件夹\问题四\外部数据抓取\raw\weather_html\jma_0402_48_2024_03_a78c9273b8.html
jma_0402_48,48,0402,2024,3,22,2024-03-22,,,,,0.0,0.0,24:00,0.0,24:00,0.7,8.3,15:08,-6.0,05:53,3.6,60.0,25.0,12:46,https://www.data.jma.go.jp/stats/etrn/view/daily_a1.php?block_no=0402&day=&month=03&prec_no=48&view=a1s&year=2024,D:\CQUPT\self_file\competition\gjsschool2026\B题\赛题主要文件夹\问题四\外部数据抓取\raw\weather_html\jma_0402_48_2024_03_a78c9273b8.html
jma_0402_48,48,0402,2024,3,23,2024-03-23,,,,,3.5,3.0,10:06,1.0,09:43,3.1,11.2,16:16,-1.4,05:25,6.6,84.0,47.0,08:22,https://www.data.jma.go.jp/stats/etrn/view/daily_a1.php?block_no=0402&day=&month=03&prec_no=48&view=a1s&year=2024,D:\CQUPT\self_file\competition\gjsschool2026\B题\赛题主要文件夹\问题四\外部数据抓取\raw\weather_html\jma_0402_48_2024_03_a78c9273b8.html
jma_0402_48,48,0402,2024,3,24,2024-03-24,,,,,0.0,0.0,24:00,0.0,24:00,7.8,17.0,15:48,1.9,06:11,7.5,75.0,30.0,14:10,https://www.data.jma.go.jp/stats/etrn/view/daily_a1.php?block_no=0402&day=&month=03&prec_no=48&view=a1s&year=2024,D:\CQUPT\self_file\competition\gjsschool2026\B题\赛题主要文件夹\问题四\外部数据抓取\raw\weather_html\jma_0402_48_2024_03_a78c9273b8.html
jma_0402_48,48,0402,2024,3,25,2024-03-25,,,,,5.5,2.0,23:22,0.5,23:53,7.8,9.8,13:50,5.4,03:16,9.9,92.0,75.0,01:43,https://www.data.jma.go.jp/stats/etrn/view/daily_a1.php?block_no=0402&day=&month=03&prec_no=48&view=a1s&year=2024,D:\CQUPT\self_file\competition\gjsschool2026\B题\赛题主要文件夹\问题四\外部数据抓取\raw\weather_html\jma_0402_48_2024_03_a78c9273b8.html
jma_0402_48,48,0402,2024,3,26,2024-03-26,,,,,29.0,5.5,10:52,1.5,14:23,6.1,8.5,13:41,2.2,23:17,9.0,94.0,69.0,22:11,https://www.data.jma.go.jp/stats/etrn/view/daily_a1.php?block_no=0402&day=&month=03&prec_no=48&view=a1s&year=2024,D:\CQUPT\self_file\competition\gjsschool2026\B题\赛题主要文件夹\问题四\外部数据抓取\raw\weather_html\jma_0402_48_2024_03_a78c9273b8.html
jma_0402_48,48,0402,2024,3,27,2024-03-27,,,,,0.0,0.0,24:00,0.0,24:00,5.3,11.6,15:06,1.1,23:37,5.7,66.0,36.0,16:23,https://www.data.jma.go.jp/stats/etrn/view/daily_a1.php?block_no=0402&day=&month=03&prec_no=48&view=a1s&year=2024,D:\CQUPT\self_file\competition\gjsschool2026\B题\赛题主要文件夹\问题四\外部数据抓取\raw\weather_html\jma_0402_48_2024_03_a78c9273b8.html
jma_0402_48,48,0402,2024,3,28,2024-03-28,,,,,0.0,0.0,24:00,0.0,24:00,6.1,13.2,13:41,-1.3,04:53,6.6,72.0,43.0,13:29,https://www.data.jma.go.jp/stats/etrn/view/daily_a1.php?block_no=0402&day=&month=03&prec_no=48&view=a1s&year=2024,D:\CQUPT\self_file\competition\gjsschool2026\B题\赛题主要文件夹\问题四\外部数据抓取\raw\weather_html\jma_0402_48_2024_03_a78c9273b8.html
jma_0402_48,48,0402,2024,3,29,2024-03-29,,,,,16.5,5.0,08:31,1.5,08:24,11.6,21.2,15:08,7.0,00:04,11.4,84.0,50.0,17:01,https://www.data.jma.go.jp/stats/etrn/view/daily_a1.php?block_no=0402&day=&month=03&prec_no=48&view=a1s&year=2024,D:\CQUPT\self_file\competition\gjsschool2026\B题\赛题主要文件夹\问题四\外部数据抓取\raw\weather_html\jma_0402_48_2024_03_a78c9273b8.html
jma_0402_48,48,0402,2024,3,30,2024-03-30,,,,,0.0,0.0,24:00,0.0,24:00,11.6,20.2,13:21,5.2,05:47,8.6,66.0,28.0,13:17,https://www.data.jma.go.jp/stats/etrn/view/daily_a1.php?block_no=0402&day=&month=03&prec_no=48&view=a1s&year=2024,D:\CQUPT\self_file\competition\gjsschool2026\B题\赛题主要文件夹\问题四\外部数据抓取\raw\weather_html\jma_0402_48_2024_03_a78c9273b8.html
jma_0402_48,48,0402,2024,3,31,2024-03-31,,,,,0.0,0.0,24:00,0.0,24:00,13.2,20.4,13:40,7.4,24:00,8.9,60.0,37.0,10:42,https://www.data.jma.go.jp/stats/etrn/view/daily_a1.php?block_no=0402&day=&month=03&prec_no=48&view=a1s&year=2024,D:\CQUPT\self_file\competition\gjsschool2026\B题\赛题主要文件夹\问题四\外部数据抓取\raw\weather_html\jma_0402_48_2024_03_a78c9273b8.html
jma_0402_48,48,0402,2024,4,1,2024-04-01,,,,,0.0,0.0,24:00,0.0,24:00,9.7,17.0,11:56,4.8,24:00,5.9,53.0,20.0,15:36,https://www.data.jma.go.jp/stats/etrn/view/daily_a1.php?block_no=0402&day=&month=04&prec_no=48&view=a1s&year=2024,D:\CQUPT\self_file\competition\gjsschool2026\B题\赛题主要文件夹\问题四\外部数据抓取\raw\weather_html\jma_0402_48_2024_04_c39fa60321.html
jma_0402_48,48,0402,2024,4,2,2024-04-02,,,,,0.0,0.0,24:00,0.0,24:00,9.0,19.8,15:24,1.4,06:04,5.4,50.0,24.0,15:26,https://www.data.jma.go.jp/stats/etrn/view/daily_a1.php?block_no=0402&day=&month=04&prec_no=48&view=a1s&year=2024,D:\CQUPT\self_file\competition\gjsschool2026\B题\赛题主要文件夹\问题四\外部数据抓取\raw\weather_html\jma_0402_48_2024_04_c39fa60321.html
jma_0402_48,48,0402,2024,4,3,2024-04-03,,,,,20.5,3.5,22:13,1.0,23:25,8.5,13.3,10:18,3.9,04:21,9.5,84.0,49.0,10:18,https://www.data.jma.go.jp/stats/etrn/view/daily_a1.php?block_no=0402&day=&month=04&prec_no=48&view=a1s&year=2024,D:\CQUPT\self_file\competition\gjsschool2026\B题\赛题主要文件夹\问题四\外部数据抓取\raw\weather_html\jma_0402_48_2024_04_c39fa60321.html
jma_0402_48,48,0402,2024,4,4,2024-04-04,,,,,1.5,2.5,00:15,0.5,02:55,11.0,18.4,14:08,6.0,23:29,10.5,81.0,50.0,14:11,https://www.data.jma.go.jp/stats/etrn/view/daily_a1.php?block_no=0402&day=&month=04&prec_no=48&view=a1s&year=2024,D:\CQUPT\self_file\competition\gjsschool2026\B题\赛题主要文件夹\问题四\外部数据抓取\raw\weather_html\jma_0402_48_2024_04_c39fa60321.html
jma_0402_48,48,0402,2024,4,5,2024-04-05,,,,,0.0,0.0,24:00,0.0,24:00,8.0,11.4,10:44,5.5,00:14,8.5,79.0,58.0,10:46,https://www.data.jma.go.jp/stats/etrn/view/daily_a1.php?block_no=0402&day=&month=04&prec_no=48&view=a1s&year=2024,D:\CQUPT\self_file\competition\gjsschool2026\B题\赛题主要文件夹\问题四\外部数据抓取\raw\weather_html\jma_0402_48_2024_04_c39fa60321.html
jma_0402_48,48,0402,2024,4,6,2024-04-06,,,,,0.0,0.0,24:00,0.0,24:00,11.1,19.3,12:33,3.1,06:03,9.7,76.0,46.0,13:11,https://www.data.jma.go.jp/stats/etrn/view/daily_a1.php?block_no=0402&day=&month=04&prec_no=48&view=a1s&year=2024,D:\CQUPT\self_file\competition\gjsschool2026\B题\赛题主要文件夹\问题四\外部数据抓取\raw\weather_html\jma_0402_48_2024_04_c39fa60321.html
jma_0402_48,48,0402,2024,4,7,2024-04-07,,,,,0.0,0.0,24:00,0.0,24:00,15.0,25.0,14:42,6.7,04:48,10.4,65.0,30.0,14:28,https://www.data.jma.go.jp/stats/etrn/view/daily_a1.php?block_no=0402&day=&month=04&prec_no=48&view=a1s&year=2024,D:\CQUPT\self_file\competition\gjsschool2026\B题\赛题主要文件夹\问题四\外部数据抓取\raw\weather_html\jma_0402_48_2024_04_c39fa60321.html
jma_0402_48,48,0402,2024,4,8,2024-04-08,,,,,10.0,3.0,23:30,1.0,22:50,15.6,22.5,11:51,11.0,05:41,13.6,77.0,47.0,12:34,https://www.data.jma.go.jp/stats/etrn/view/daily_a1.php?block_no=0402&day=&month=04&prec_no=48&view=a1s&year=2024,D:\CQUPT\self_file\competition\gjsschool2026\B题\赛题主要文件夹\问题四\外部数据抓取\raw\weather_html\jma_0402_48_2024_04_c39fa60321.html
jma_0402_48,48,0402,2024,4,9,2024-04-09,,,,,51.0,7.5,05:09,2.0,04:45,9.1,14.0,01:00,2.9,24:00,10.0,83.0,59.0,21:43,https://www.data.jma.go.jp/stats/etrn/view/daily_a1.php?block_no=0402&day=&month=04&prec_no=48&view=a1s&year=2024,D:\CQUPT\self_file\competition\gjsschool2026\B题\赛题主要文件夹\问题四\外部数据抓取\raw\weather_html\jma_0402_48_2024_04_c39fa60321.html
jma_0402_48,48,0402,2024,4,10,2024-04-10,,,,,0.0,0.0,24:00,0.0,24:00,8.1,18.6,15:36,-0.6,05:01,4.9,51.0,10.0,14:13,https://www.data.jma.go.jp/stats/etrn/view/daily_a1.php?block_no=0402&day=&month=04&prec_no=48&view=a1s&year=2024,D:\CQUPT\self_file\competition\gjsschool2026\B题\赛题主要文件夹\问题四\外部数据抓取\raw\weather_html\jma_0402_48_2024_04_c39fa60321.html
jma_0402_48,48,0402,2024,4,11,2024-04-11,,,,,0.0,0.0,24:00,0.0,24:00,10.4,18.1,11:47,3.0,06:02,7.1,58.0,32.0,14:02,https://www.data.jma.go.jp/stats/etrn/view/daily_a1.php?block_no=0402&day=&month=04&prec_no=48&view=a1s&year=2024,D:\CQUPT\self_file\competition\gjsschool2026\B题\赛题主要文件夹\问题四\外部数据抓取\raw\weather_html\jma_0402_48_2024_04_c39fa60321.html
jma_0402_48,48,0402,2024,4,12,2024-04-12,,,,,0.0,0.0,24:00,0.0,24:00,13.7,22.7,15:06,8.2,05:39,9.3,62.0,32.0,15:44,https://www.data.jma.go.jp/stats/etrn/view/daily_a1.php?block_no=0402&day=&month=04&prec_no=48&view=a1s&year=2024,D:\CQUPT\self_file\competition\gjsschool2026\B题\赛题主要文件夹\问题四\外部数据抓取\raw\weather_html\jma_0402_48_2024_04_c39fa60321.html
jma_0402_48,48,0402,2024,4,13,2024-04-13,,,,,0.0,0.0,24:00,0.0,24:00,14.7,25.4,15:02,6.0,06:07,8.7,58.0,17.0,14:31,https://www.data.jma.go.jp/stats/etrn/view/daily_a1.php?block_no=0402&day=&month=04&prec_no=48&view=a1s&year=2024,D:\CQUPT\self_file\competition\gjsschool2026\B题\赛题主要文件夹\问题四\外部数据抓取\raw\weather_html\jma_0402_48_2024_04_c39fa60321.html
jma_0402_48,48,0402,2024,4,14,2024-04-14,,,,,0.0,0.0,24:00,0.0,24:00,16.9,27.8,14:37,7.4,05:51,9.3,54.0,20.0,15:05,https://www.data.jma.go.jp/stats/etrn/view/daily_a1.php?block_no=0402&day=&month=04&prec_no=48&view=a1s&year=2024,D:\CQUPT\self_file\competition\gjsschool2026\B题\赛题主要文件夹\问题四\外部数据抓取\raw\weather_html\jma_0402_48_2024_04_c39fa60321.html
jma_0402_48,48,0402,2024,4,15,2024-04-15,,,,,0.0,0.0,24:00,0.0,24:00,18.1,26.6,14:06,9.2,05:50,9.9,51.0,21.0,12:16,https://www.data.jma.go.jp/stats/etrn/view/daily_a1.php?block_no=0402&day=&month=04&prec_no=48&view=a1s&year=2024,D:\CQUPT\self_file\competition\gjsschool2026\B题\赛题主要文件夹\问题四\外部数据抓取\raw\weather_html\jma_0402_48_2024_04_c39fa60321.html
jma_0402_48,48,0402,2024,4,16,2024-04-16,,,,,1.0,1.0,23:32,0.5,23:32,17.3,25.2,12:26,12.4,06:34,10.4,55.0,25.0,12:39,https://www.data.jma.go.jp/stats/etrn/view/daily_a1.php?block_no=0402&day=&month=04&prec_no=48&view=a1s&year=2024,D:\CQUPT\self_file\competition\gjsschool2026\B题\赛题主要文件夹\问题四\外部数据抓取\raw\weather_html\jma_0402_48_2024_04_c39fa60321.html
jma_0402_48,48,0402,2024,4,17,2024-04-17,,,,,4.5,2.5,01:09,1.0,04:07,15.6,23.0,13:12,11.5,05:37,11.8,69.0,38.0,14:00,https://www.data.jma.go.jp/stats/etrn/view/daily_a1.php?block_no=0402&day=&month=04&prec_no=48&view=a1s&year=2024,D:\CQUPT\self_file\competition\gjsschool2026\B题\赛题主要文件夹\问题四\外部数据抓取\raw\weather_html\jma_0402_48_2024_04_c39fa60321.html
jma_0402_48,48,0402,2024,4,18,2024-04-18,,,,,0.0,0.0,24:00,0.0,24:00,13.7,19.3,12:32,9.5,04:36,10.3,67.0,49.0,15:19,https://www.data.jma.go.jp/stats/etrn/view/daily_a1.php?block_no=0402&day=&month=04&prec_no=48&view=a1s&year=2024,D:\CQUPT\self_file\competition\gjsschool2026\B题\赛题主要文件夹\问题四\外部数据抓取\raw\weather_html\jma_0402_48_2024_04_c39fa60321.html
jma_0402_48,48,0402,2024,4,19,2024-04-19,,,,,0.0,0.0,24:00,0.0,24:00,13.8,20.4,13:00,9.4,05:01,7.6,50.0,28.0,15:42,https://www.data.jma.go.jp/stats/etrn/view/daily_a1.php?block_no=0402&day=&month=04&prec_no=48&view=a1s&year=2024,D:\CQUPT\self_file\competition\gjsschool2026\B题\赛题主要文件夹\问题四\外部数据抓取\raw\weather_html\jma_0402_48_2024_04_c39fa60321.html
jma_0402_48,48,0402,2024,4,20,2024-04-20,,,,,0.0,0.0,24:00,0.0,24:00,14.9,24.4,15:01,7.1,05:07,9.3,56.0,30.0,15:02,https://www.data.jma.go.jp/stats/etrn/view/daily_a1.php?block_no=0402&day=&month=04&prec_no=48&view=a1s&year=2024,D:\CQUPT\self_file\competition\gjsschool2026\B题\赛题主要文件夹\问题四\外部数据抓取\raw\weather_html\jma_0402_48_2024_04_c39fa60321.html
jma_0402_48,48,0402,2024,4,21,2024-04-21,,,,,0.0,0.0,24:00,0.0,24:00,14.6,19.8,14:55,11.4,05:27,11.5,70.0,44.0,14:56,https://www.data.jma.go.jp/stats/etrn/view/daily_a1.php?block_no=0402&day=&month=04&prec_no=48&view=a1s&year=2024,D:\CQUPT\self_file\competition\gjsschool2026\B题\赛题主要文件夹\问题四\外部数据抓取\raw\weather_html\jma_0402_48_2024_04_c39fa60321.html
jma_0402_48,48,0402,2024,4,22,2024-04-22,,,,,0.5,0.5,01:31,0.5,00:41,15.2,20.4,12:44,12.5,04:25,13.6,80.0,56.0,13:09,https://www.data.jma.go.jp/stats/etrn/view/daily_a1.php?block_no=0402&day=&month=04&prec_no=48&view=a1s&year=2024,D:\CQUPT\self_file\competition\gjsschool2026\B题\赛题主要文件夹\问题四\外部数据抓取\raw\weather_html\jma_0402_48_2024_04_c39fa60321.html
jma_0402_48,48,0402,2024,4,23,2024-04-23,,,,,0.0,0.0,24:00,0.0,24:00,15.7,18.9,11:41,13.6,00:13,13.3,75.0,62.0,13:12,https://www.data.jma.go.jp/stats/etrn/view/daily_a1.php?block_no=0402&day=&month=04&prec_no=48&view=a1s&year=2024,D:\CQUPT\self_file\competition\gjsschool2026\B题\赛题主要文件夹\问题四\外部数据抓取\raw\weather_html\jma_0402_48_2024_04_c39fa60321.html
jma_0402_48,48,0402,2024,4,24,2024-04-24,,,,,1.5,0.5,23:07,0.5,22:17,14.1,16.5,13:58,11.9,23:02,12.6,79.0,62.0,14:08,https://www.data.jma.go.jp/stats/etrn/view/daily_a1.php?block_no=0402&day=&month=04&prec_no=48&view=a1s&year=2024,D:\CQUPT\self_file\competition\gjsschool2026\B题\赛题主要文件夹\问题四\外部数据抓取\raw\weather_html\jma_0402_48_2024_04_c39fa60321.html
jma_0402_48,48,0402,2024,4,25,2024-04-25,,,,,0.0,0.0,24:00,0.0,24:00,16.0,24.3,15:06,10.7,23:58,13.1,75.0,41.0,15:26,https://www.data.jma.go.jp/stats/etrn/view/daily_a1.php?block_no=0402&day=&month=04&prec_no=48&view=a1s&year=2024,D:\CQUPT\self_file\competition\gjsschool2026\B题\赛题主要文件夹\问题四\外部数据抓取\raw\weather_html\jma_0402_48_2024_04_c39fa60321.html
jma_0402_48,48,0402,2024,4,26,2024-04-26,,,,,0.0,0.0,24:00,0.0,24:00,17.0,27.3,13:15,7.1,05:40,11.4,62.0,21.0,12:55,https://www.data.jma.go.jp/stats/etrn/view/daily_a1.php?block_no=0402&day=&month=04&prec_no=48&view=a1s&year=2024,D:\CQUPT\self_file\competition\gjsschool2026\B题\赛题主要文件夹\问题四\外部数据抓取\raw\weather_html\jma_0402_48_2024_04_c39fa60321.html
jma_0402_48,48,0402,2024,4,27,2024-04-27,,,,,0.0,0.0,24:00,0.0,24:00,18.8,26.5,11:15,14.2,24:00,13.2,63.0,35.0,14:24,https://www.data.jma.go.jp/stats/etrn/view/daily_a1.php?block_no=0402&day=&month=04&prec_no=48&view=a1s&year=2024,D:\CQUPT\self_file\competition\gjsschool2026\B题\赛题主要文件夹\问题四\外部数据抓取\raw\weather_html\jma_0402_48_2024_04_c39fa60321.html
jma_0402_48,48,0402,2024,4,28,2024-04-28,,,,,0.0,0.0,24:00,0.0,24:00,19.1,31.7,14:29,9.3,05:23,10.7,55.0,13.0,15:30,https://www.data.jma.go.jp/stats/etrn/view/daily_a1.php?block_no=0402&day=&month=04&prec_no=48&view=a1s&year=2024,D:\CQUPT\self_file\competition\gjsschool2026\B题\赛题主要文件夹\问题四\外部数据抓取\raw\weather_html\jma_0402_48_2024_04_c39fa60321.html
jma_0402_48,48,0402,2024,4,29,2024-04-29,,,,,0.0,0.0,24:00,0.0,24:00,19.9,28.1,11:47,12.4,05:15,14.0,62.0,34.0,13:04,https://www.data.jma.go.jp/stats/etrn/view/daily_a1.php?block_no=0402&day=&month=04&prec_no=48&view=a1s&year=2024,D:\CQUPT\self_file\competition\gjsschool2026\B题\赛题主要文件夹\问题四\外部数据抓取\raw\weather_html\jma_0402_48_2024_04_c39fa60321.html
jma_0402_48,48,0402,2024,4,30,2024-04-30,,,,,2.0,1.0,01:32,0.5,03:37,18.0,23.3,12:54,14.2,05:08,16.9,83.0,62.0,12:12,https://www.data.jma.go.jp/stats/etrn/view/daily_a1.php?block_no=0402&day=&month=04&prec_no=48&view=a1s&year=2024,D:\CQUPT\self_file\competition\gjsschool2026\B题\赛题主要文件夹\问题四\外部数据抓取\raw\weather_html\jma_0402_48_2024_04_c39fa60321.html
jma_0402_48,48,0402,2024,5,1,2024-05-01,,,,,10.0,2.0,21:15,0.5,23:59,12.3,16.8,09:51,8.1,23:32,13.0,91.0,73.0,11:42,https://www.data.jma.go.jp/stats/etrn/view/daily_a1.php?block_no=0402&day=&month=05&prec_no=48&view=a1s&year=2024,D:\CQUPT\self_file\competition\gjsschool2026\B题\赛题主要文件夹\问题四\外部数据抓取\raw\weather_html\jma_0402_48_2024_05_48acf64662.html
jma_0402_48,48,0402,2024,5,2,2024-05-02,,,,,0.0,0.5,00:49,0.0,24:00,12.9,22.4,15:42,7.4,05:58,9.6,69.0,34.0,15:03,https://www.data.jma.go.jp/stats/etrn/view/daily_a1.php?block_no=0402&day=&month=05&prec_no=48&view=a1s&year=2024,D:\CQUPT\self_file\competition\gjsschool2026\B题\赛题主要文件夹\问题四\外部数据抓取\raw\weather_html\jma_0402_48_2024_05_48acf64662.html
jma_0402_48,48,0402,2024,5,3,2024-05-03,,,,,0.0,0.0,24:00,0.0,24:00,15.9,27.3,14:08,6.3,05:07,9.9,61.0,21.0,16:39,https://www.data.jma.go.jp/stats/etrn/view/daily_a1.php?block_no=0402&day=&month=05&prec_no=48&view=a1s&year=2024,D:\CQUPT\self_file\competition\gjsschool2026\B题\赛题主要文件夹\问题四\外部数据抓取\raw\weather_html\jma_0402_48_2024_05_48acf64662.html
jma_0402_48,48,0402,2024,5,4,2024-05-04,,,,,0.0,0.0,24:00,0.0,24:00,18.4,30.6,15:09,7.5,05:16,8.7,48.0,14.0,14:56,https://www.data.jma.go.jp/stats/etrn/view/daily_a1.php?block_no=0402&day=&month=05&prec_no=48&view=a1s&year=2024,D:\CQUPT\self_file\competition\gjsschool2026\B题\赛题主要文件夹\问题四\外部数据抓取\raw\weather_html\jma_0402_48_2024_05_48acf64662.html
jma_0402_48,48,0402,2024,5,5,2024-05-05,,,,,0.0,0.0,24:00,0.0,24:00,21.3,32.4,14:36,10.4,05:11,9.0,41.0,14.0,14:29,https://www.data.jma.go.jp/stats/etrn/view/daily_a1.php?block_no=0402&day=&month=05&prec_no=48&view=a1s&year=2024,D:\CQUPT\self_file\competition\gjsschool2026\B题\赛题主要文件夹\问题四\外部数据抓取\raw\weather_html\jma_0402_48_2024_05_48acf64662.html
jma_0402_48,48,0402,2024,5,6,2024-05-06,,,,,0.0,0.0,24:00,0.0,24:00,20.3,23.3,12:52,17.3,04:02,8.6,36.0,22.0,08:53,https://www.data.jma.go.jp/stats/etrn/view/daily_a1.php?block_no=0402&day=&month=05&prec_no=48&view=a1s&year=2024,D:\CQUPT\self_file\competition\gjsschool2026\B题\赛题主要文件夹\问题四\外部数据抓取\raw\weather_html\jma_0402_48_2024_05_48acf64662.html
jma_0402_48,48,0402,2024,5,7,2024-05-07,,,,,3.5,2.5,05:28,1.0,05:24,16.7,21.9,14:51,13.5,24:00,15.2,81.0,45.0,00:10,https://www.data.jma.go.jp/stats/etrn/view/daily_a1.php?block_no=0402&day=&month=05&prec_no=48&view=a1s&year=2024,D:\CQUPT\self_file\competition\gjsschool2026\B题\赛题主要文件夹\问题四\外部数据抓取\raw\weather_html\jma_0402_48_2024_05_48acf64662.html
jma_0402_48,48,0402,2024,5,8,2024-05-08,,,,,0.0,0.0,24:00,0.0,24:00,12.7,19.6,11:19,8.1,23:59,10.7,73.0,48.0,11:59,https://www.data.jma.go.jp/stats/etrn/view/daily_a1.php?block_no=0402&day=&month=05&prec_no=48&view=a1s&year=2024,D:\CQUPT\self_file\competition\gjsschool2026\B题\赛题主要文件夹\问题四\外部数据抓取\raw\weather_html\jma_0402_48_2024_05_48acf64662.html
jma_0402_48,48,0402,2024,5,9,2024-05-09,,,,,0.5,0.5,08:39,0.5,07:49,10.2,17.5,13:35,4.9,23:57,6.8,56.0,25.0,18:29,https://www.data.jma.go.jp/stats/etrn/view/daily_a1.php?block_no=0402&day=&month=05&prec_no=48&view=a1s&year=2024,D:\CQUPT\self_file\competition\gjsschool2026\B题\赛题主要文件夹\问题四\外部数据抓取\raw\weather_html\jma_0402_48_2024_05_48acf64662.html
jma_0402_48,48,0402,2024,5,10,2024-05-10,,,,,0.0,0.0,24:00,0.0,24:00,14.5,27.9,15:03,1.8,05:26,6.6,45.0,19.0,14:53,https://www.data.jma.go.jp/stats/etrn/view/daily_a1.php?block_no=0402&day=&month=05&prec_no=48&view=a1s&year=2024,D:\CQUPT\self_file\competition\gjsschool2026\B题\赛题主要文件夹\问题四\外部数据抓取\raw\weather_html\jma_0402_48_2024_05_48acf64662.html
jma_0402_48,48,0402,2024,5,11,2024-05-11,,,,,0.0,0.0,24:00,0.0,24:00,18.6,29.3,14:24,8.5,05:24,10.5,53.0,21.0,12:30,https://www.data.jma.go.jp/stats/etrn/view/daily_a1.php?block_no=0402&day=&month=05&prec_no=48&view=a1s&year=2024,D:\CQUPT\self_file\competition\gjsschool2026\B题\赛题主要文件夹\问题四\外部数据抓取\raw\weather_html\jma_0402_48_2024_05_48acf64662.html
jma_0402_48,48,0402,2024,5,12,2024-05-12,,,,,0.0,0.0,24:00,0.0,24:00,18.0,22.5,13:56,14.1,04:03,12.2,60.0,41.0,13:00,https://www.data.jma.go.jp/stats/etrn/view/daily_a1.php?block_no=0402&day=&month=05&prec_no=48&view=a1s&year=2024,D:\CQUPT\self_file\competition\gjsschool2026\B题\赛题主要文件夹\问题四\外部数据抓取\raw\weather_html\jma_0402_48_2024_05_48acf64662.html
jma_0402_48,48,0402,2024,5,13,2024-05-13,,,,,25.5,4.0,04:28,1.0,14:28,12.7,17.3,00:54,6.8,24:00,14.1,94.0,68.0,00:54,https://www.data.jma.go.jp/stats/etrn/view/daily_a1.php?block_no=0402&day=&month=05&prec_no=48&view=a1s&year=2024,D:\CQUPT\self_file\competition\gjsschool2026\B题\赛题主要文件夹\问题四\外部数据抓取\raw\weather_html\jma_0402_48_2024_05_48acf64662.html
jma_0402_48,48,0402,2024,5,14,2024-05-14,,,,,0.0,0.0,24:00,0.0,24:00,13.9,23.4,13:41,5.7,01:05,9.3,64.0,24.0,12:42,https://www.data.jma.go.jp/stats/etrn/view/daily_a1.php?block_no=0402&day=&month=05&prec_no=48&view=a1s&year=2024,D:\CQUPT\self_file\competition\gjsschool2026\B题\赛题主要文件夹\问题四\外部数据抓取\raw\weather_html\jma_0402_48_2024_05_48acf64662.html
jma_0402_48,48,0402,2024,5,15,2024-05-15,,,,,2.5,1.5,23:04,0.5,24:00,16.9,25.5,13:02,8.0,05:20,12.8,69.0,32.0,13:13,https://www.data.jma.go.jp/stats/etrn/view/daily_a1.php?block_no=0402&day=&month=05&prec_no=48&view=a1s&year=2024,D:\CQUPT\self_file\competition\gjsschool2026\B题\赛题主要文件夹\问题四\外部数据抓取\raw\weather_html\jma_0402_48_2024_05_48acf64662.html
jma_0402_48,48,0402,2024,5,16,2024-05-16,,,,,2.5,,04:52 ),1.0,04:02,,,14:53 ),,23:42 ),,,,17:41 ),https://www.data.jma.go.jp/stats/etrn/view/daily_a1.php?block_no=0402&day=&month=05&prec_no=48&view=a1s&year=2024,D:\CQUPT\self_file\competition\gjsschool2026\B题\赛题主要文件夹\问题四\外部数据抓取\raw\weather_html\jma_0402_48_2024_05_48acf64662.html
jma_0402_48,48,0402,2024,5,17,2024-05-17,,,,,0.0,0.0,24:00,0.0,24:00,18.0,25.6,14:50,12.1,23:58,8.5,43.0,25.0,13:30,https://www.data.jma.go.jp/stats/etrn/view/daily_a1.php?block_no=0402&day=&month=05&prec_no=48&view=a1s&year=2024,D:\CQUPT\self_file\competition\gjsschool2026\B题\赛题主要文件夹\问题四\外部数据抓取\raw\weather_html\jma_0402_48_2024_05_48acf64662.html
jma_0402_48,48,0402,2024,5,18,2024-05-18,,,,,0.0,0.0,24:00,0.0,24:00,18.9,30.8,14:38,8.6,05:22,10.5,54.0,17.0,15:35,https://www.data.jma.go.jp/stats/etrn/view/daily_a1.php?block_no=0402&day=&month=05&prec_no=48&view=a1s&year=2024,D:\CQUPT\self_file\competition\gjsschool2026\B题\赛题主要文件夹\问题四\外部数据抓取\raw\weather_html\jma_0402_48_2024_05_48acf64662.html
jma_0402_48,48,0402,2024,5,19,2024-05-19,,,,,2.5,2.0,23:03,0.5,23:44,18.2,24.2,14:59,13.6,05:20,13.8,68.0,41.0,15:39,https://www.data.jma.go.jp/stats/etrn/view/daily_a1.php?block_no=0402&day=&month=05&prec_no=48&view=a1s&year=2024,D:\CQUPT\self_file\competition\gjsschool2026\B题\赛题主要文件夹\问题四\外部数据抓取\raw\weather_html\jma_0402_48_2024_05_48acf64662.html
jma_0402_48,48,0402,2024,5,20,2024-05-20,,,,,9.0,2.5,06:51,1.0,03:10,18.4,26.5,15:10,13.4,07:22,17.2,83.0,53.0,15:01,https://www.data.jma.go.jp/stats/etrn/view/daily_a1.php?block_no=0402&day=&month=05&prec_no=48&view=a1s&year=2024,D:\CQUPT\self_file\competition\gjsschool2026\B题\赛题主要文件夹\问题四\外部数据抓取\raw\weather_html\jma_0402_48_2024_05_48acf64662.html
jma_0402_48,48,0402,2024,5,21,2024-05-21,,,,,0.0,0.0,24:00,0.0,24:00,17.1,22.8,13:08,13.7,24:00,14.8,77.0,57.0,13:09,https://www.data.jma.go.jp/stats/etrn/view/daily_a1.php?block_no=0402&day=&month=05&prec_no=48&view=a1s&year=2024,D:\CQUPT\self_file\competition\gjsschool2026\B题\赛题主要文件夹\问题四\外部数据抓取\raw\weather_html\jma_0402_48_2024_05_48acf64662.html
jma_0402_48,48,0402,2024,5,22,2024-05-22,,,,,0.0,0.0,24:00,0.0,24:00,18.0,24.2,14:01,13.2,00:38,12.2,61.0,39.0,09:37,https://www.data.jma.go.jp/stats/etrn/view/daily_a1.php?block_no=0402&day=&month=05&prec_no=48&view=a1s&year=2024,D:\CQUPT\self_file\competition\gjsschool2026\B题\赛题主要文件夹\问题四\外部数据抓取\raw\weather_html\jma_0402_48_2024_05_48acf64662.html
jma_0402_48,48,0402,2024,5,23,2024-05-23,,,,,0.0,0.0,24:00,0.0,24:00,18.7,26.5,15:22,12.3,05:13,14.2,69.0,35.0,15:26,https://www.data.jma.go.jp/stats/etrn/view/daily_a1.php?block_no=0402&day=&month=05&prec_no=48&view=a1s&year=2024,D:\CQUPT\self_file\competition\gjsschool2026\B题\赛题主要文件夹\问题四\外部数据抓取\raw\weather_html\jma_0402_48_2024_05_48acf64662.html
jma_0402_48,48,0402,2024,5,24,2024-05-24,,,,,0.0,0.0,24:00,0.0,24:00,19.5,31.0,14:27,12.5,04:49,15.4,71.0,34.0,14:31,https://www.data.jma.go.jp/stats/etrn/view/daily_a1.php?block_no=0402&day=&month=05&prec_no=48&view=a1s&year=2024,D:\CQUPT\self_file\competition\gjsschool2026\B题\赛题主要文件夹\问题四\外部数据抓取\raw\weather_html\jma_0402_48_2024_05_48acf64662.html
jma_0402_48,48,0402,2024,5,25,2024-05-25,,,,,0.0,0.0,24:00,0.0,24:00,16.4,24.4,14:08,11.9,23:00,10.4,58.0,33.0,13:56,https://www.data.jma.go.jp/stats/etrn/view/daily_a1.php?block_no=0402&day=&month=05&prec_no=48&view=a1s&year=2024,D:\CQUPT\self_file\competition\gjsschool2026\B题\赛题主要文件夹\问题四\外部数据抓取\raw\weather_html\jma_0402_48_2024_05_48acf64662.html
jma_0402_48,48,0402,2024,5,26,2024-05-26,,,,,0.0,0.0,24:00,0.0,24:00,17.5,23.0,11:30,11.1,04:42,13.2,67.0,45.0,11:33,https://www.data.jma.go.jp/stats/etrn/view/daily_a1.php?block_no=0402&day=&month=05&prec_no=48&view=a1s&year=2024,D:\CQUPT\self_file\competition\gjsschool2026\B题\赛题主要文件夹\问题四\外部数据抓取\raw\weather_html\jma_0402_48_2024_05_48acf64662.html
jma_0402_48,48,0402,2024,5,27,2024-05-27,,,,,0.0,0.0,24:00,0.0,24:00,20.8,24.8,15:52,15.0,01:52,16.4,67.0,53.0,12:33,https://www.data.jma.go.jp/stats/etrn/view/daily_a1.php?block_no=0402&day=&month=05&prec_no=48&view=a1s&year=2024,D:\CQUPT\self_file\competition\gjsschool2026\B题\赛题主要文件夹\问题四\外部数据抓取\raw\weather_html\jma_0402_48_2024_05_48acf64662.html
jma_0402_48,48,0402,2024,5,28,2024-05-28,,,,,91.5,21.0,07:11,6.0,06:51,14.6,20.6,00:02,12.6,23:28,16.7,100.0,80.0,00:06,https://www.data.jma.go.jp/stats/etrn/view/daily_a1.php?block_no=0402&day=&month=05&prec_no=48&view=a1s&year=2024,D:\CQUPT\self_file\competition\gjsschool2026\B题\赛题主要文件夹\问题四\外部数据抓取\raw\weather_html\jma_0402_48_2024_05_48acf64662.html
jma_0402_48,48,0402,2024,5,29,2024-05-29,,,,,0.0,0.0,24:00,0.0,24:00,16.6,23.3,13:50,12.0,23:24,13.9,75.0,49.0,17:08,https://www.data.jma.go.jp/stats/etrn/view/daily_a1.php?block_no=0402&day=&month=05&prec_no=48&view=a1s&year=2024,D:\CQUPT\self_file\competition\gjsschool2026\B题\赛题主要文件夹\问题四\外部数据抓取\raw\weather_html\jma_0402_48_2024_05_48acf64662.html
jma_0402_48,48,0402,2024,5,30,2024-05-30,,,,,0.0,0.0,24:00,0.0,24:00,18.8,26.6,13:30,10.2,04:56,14.7,69.0,41.0,14:14,https://www.data.jma.go.jp/stats/etrn/view/daily_a1.php?block_no=0402&day=&month=05&prec_no=48&view=a1s&year=2024,D:\CQUPT\self_file\competition\gjsschool2026\B题\赛题主要文件夹\问题四\外部数据抓取\raw\weather_html\jma_0402_48_2024_05_48acf64662.html
jma_0402_48,48,0402,2024,5,31,2024-05-31,,,,,15.5,4.5,04:08,1.5,03:29,16.3,20.1,12:56,14.4,24:00,17.9,96.0,77.0,13:23,https://www.data.jma.go.jp/stats/etrn/view/daily_a1.php?block_no=0402&day=&month=05&prec_no=48&view=a1s&year=2024,D:\CQUPT\self_file\competition\gjsschool2026\B题\赛题主要文件夹\问题四\外部数据抓取\raw\weather_html\jma_0402_48_2024_05_48acf64662.html
jma_0402_48,48,0402,2024,6,1,2024-06-01,,,,,0.5,0.5,23:13,0.5,22:23,18.0,26.8,15:24,12.1,04:09,14.9,75.0,33.0,15:16,https://www.data.jma.go.jp/stats/etrn/view/daily_a1.php?block_no=0402&day=&month=06&prec_no=48&view=a1s&year=2024,D:\CQUPT\self_file\competition\gjsschool2026\B题\赛题主要文件夹\问题四\外部数据抓取\raw\weather_html\jma_0402_48_2024_06_bdc203280f.html
jma_0402_48,48,0402,2024,6,2,2024-06-02,,,,,14.0,5.5,16:52,1.5,16:38,15.1,18.8,13:28,13.3,23:58,16.2,95.0,79.0,14:00,https://www.data.jma.go.jp/stats/etrn/view/daily_a1.php?block_no=0402&day=&month=06&prec_no=48&view=a1s&year=2024,D:\CQUPT\self_file\competition\gjsschool2026\B题\赛题主要文件夹\问题四\外部数据抓取\raw\weather_html\jma_0402_48_2024_06_bdc203280f.html
jma_0402_48,48,0402,2024,6,3,2024-06-03,,,,,3.0,2.0,22:00,1.0,21:10,16.5,25.0,13:49,12.5,02:17,14.5,79.0,45.0,12:41,https://www.data.jma.go.jp/stats/etrn/view/daily_a1.php?block_no=0402&day=&month=06&prec_no=48&view=a1s&year=2024,D:\CQUPT\self_file\competition\gjsschool2026\B题\赛题主要文件夹\问题四\外部数据抓取\raw\weather_html\jma_0402_48_2024_06_bdc203280f.html
jma_0402_48,48,0402,2024,6,4,2024-06-04,,,,,0.0,0.0,24:00,0.0,24:00,17.1,25.0,14:48,12.0,04:35,13.6,73.0,38.0,13:37,https://www.data.jma.go.jp/stats/etrn/view/daily_a1.php?block_no=0402&day=&month=06&prec_no=48&view=a1s&year=2024,D:\CQUPT\self_file\competition\gjsschool2026\B题\赛题主要文件夹\问题四\外部数据抓取\raw\weather_html\jma_0402_48_2024_06_bdc203280f.html
jma_0402_48,48,0402,2024,6,5,2024-06-05,,,,,0.0,0.0,24:00,0.0,24:00,17.7,26.3,15:40,11.1,04:32,13.5,69.0,39.0,14:27,https://www.data.jma.go.jp/stats/etrn/view/daily_a1.php?block_no=0402&day=&month=06&prec_no=48&view=a1s&year=2024,D:\CQUPT\self_file\competition\gjsschool2026\B题\赛题主要文件夹\问题四\外部数据抓取\raw\weather_html\jma_0402_48_2024_06_bdc203280f.html
jma_0402_48,48,0402,2024,6,6,2024-06-06,,,,,0.0,0.0,24:00,0.0,24:00,19.1,27.5,14:10,12.9,03:05,14.7,69.0,35.0,14:45,https://www.data.jma.go.jp/stats/etrn/view/daily_a1.php?block_no=0402&day=&month=06&prec_no=48&view=a1s&year=2024,D:\CQUPT\self_file\competition\gjsschool2026\B题\赛题主要文件夹\问题四\外部数据抓取\raw\weather_html\jma_0402_48_2024_06_bdc203280f.html
jma_0402_48,48,0402,2024,6,7,2024-06-07,,,,,0.0,0.0,24:00,0.0,24:00,21.1,27.7,14:03,16.5,05:43,15.6,65.0,33.0,13:53,https://www.data.jma.go.jp/stats/etrn/view/daily_a1.php?block_no=0402&day=&month=06&prec_no=48&view=a1s&year=2024,D:\CQUPT\self_file\competition\gjsschool2026\B题\赛题主要文件夹\问题四\外部数据抓取\raw\weather_html\jma_0402_48_2024_06_bdc203280f.html
jma_0402_48,48,0402,2024,6,8,2024-06-08,,,,,0.0,0.0,24:00,0.0,24:00,21.3,28.9,12:56,14.7,05:25,14.6,60.0,30.0,12:31,https://www.data.jma.go.jp/stats/etrn/view/daily_a1.php?block_no=0402&day=&month=06&prec_no=48&view=a1s&year=2024,D:\CQUPT\self_file\competition\gjsschool2026\B题\赛题主要文件夹\问题四\外部数据抓取\raw\weather_html\jma_0402_48_2024_06_bdc203280f.html
jma_0402_48,48,0402,2024,6,9,2024-06-09,,,,,0.0,0.0,24:00,0.0,24:00,19.8,24.4,13:39,17.4,06:00,15.6,68.0,50.0,13:47,https://www.data.jma.go.jp/stats/etrn/view/daily_a1.php?block_no=0402&day=&month=06&prec_no=48&view=a1s&year=2024,D:\CQUPT\self_file\competition\gjsschool2026\B题\赛题主要文件夹\问题四\外部数据抓取\raw\weather_html\jma_0402_48_2024_06_bdc203280f.html
jma_0402_48,48,0402,2024,6,10,2024-06-10,,,,,0.0,0.0,24:00,0.0,24:00,20.3,28.1,14:39,15.9,04:42,18.0,77.0,46.0,14:40,https://www.data.jma.go.jp/stats/etrn/view/daily_a1.php?block_no=0402&day=&month=06&prec_no=48&view=a1s&year=2024,D:\CQUPT\self_file\competition\gjsschool2026\B题\赛题主要文件夹\问题四\外部数据抓取\raw\weather_html\jma_0402_48_2024_06_bdc203280f.html
jma_0402_48,48,0402,2024,6,11,2024-06-11,,,,,0.0,0.0,24:00,0.0,24:00,23.7,32.1,12:34,16.4,04:17,16.0,59.0,26.0,12:24,https://www.data.jma.go.jp/stats/etrn/view/daily_a1.php?block_no=0402&day=&month=06&prec_no=48&view=a1s&year=2024,D:\CQUPT\self_file\competition\gjsschool2026\B题\赛题主要文件夹\问题四\外部数据抓取\raw\weather_html\jma_0402_48_2024_06_bdc203280f.html
jma_0402_48,48,0402,2024,6,12,2024-06-12,,,,,0.0,0.0,24:00,0.0,24:00,24.0,31.3,11:53,18.6,05:00,17.8,62.0,33.0,11:56,https://www.data.jma.go.jp/stats/etrn/view/daily_a1.php?block_no=0402&day=&month=06&prec_no=48&view=a1s&year=2024,D:\CQUPT\self_file\competition\gjsschool2026\B题\赛题主要文件夹\问题四\外部数据抓取\raw\weather_html\jma_0402_48_2024_06_bdc203280f.html
jma_0402_48,48,0402,2024,6,13,2024-06-13,,,,,0.0,0.0,24:00,0.0,24:00,23.1,31.9,14:16,17.1,04:41,17.6,64.0,37.0,14:18,https://www.data.jma.go.jp/stats/etrn/view/daily_a1.php?block_no=0402&day=&month=06&prec_no=48&view=a1s&year=2024,D:\CQUPT\self_file\competition\gjsschool2026\B题\赛题主要文件夹\问题四\外部数据抓取\raw\weather_html\jma_0402_48_2024_06_bdc203280f.html
jma_0402_48,48,0402,2024,6,14,2024-06-14,,,,,0.0,0.0,24:00,0.0,24:00,25.1,34.3,13:47,16.9,05:11,17.8,60.0,23.0,14:17,https://www.data.jma.go.jp/stats/etrn/view/daily_a1.php?block_no=0402&day=&month=06&prec_no=48&view=a1s&year=2024,D:\CQUPT\self_file\competition\gjsschool2026\B题\赛题主要文件夹\问题四\外部数据抓取\raw\weather_html\jma_0402_48_2024_06_bdc203280f.html
jma_0402_48,48,0402,2024,6,15,2024-06-15,,,,,0.0,0.0,24:00,0.0,24:00,24.8,31.2,12:40,19.4,05:35,16.9,56.0,33.0,12:17,https://www.data.jma.go.jp/stats/etrn/view/daily_a1.php?block_no=0402&day=&month=06&prec_no=48&view=a1s&year=2024,D:\CQUPT\self_file\competition\gjsschool2026\B题\赛题主要文件夹\问题四\外部数据抓取\raw\weather_html\jma_0402_48_2024_06_bdc203280f.html
jma_0402_48,48,0402,2024,6,16,2024-06-16,,,,,0.5,0.5,05:09,0.5,04:19,23.7,32.5,13:23,17.9,04:41,20.6,73.0,43.0,13:29,https://www.data.jma.go.jp/stats/etrn/view/daily_a1.php?block_no=0402&day=&month=06&prec_no=48&view=a1s&year=2024,D:\CQUPT\self_file\competition\gjsschool2026\B题\赛题主要文件夹\问题四\外部数据抓取\raw\weather_html\jma_0402_48_2024_06_bdc203280f.html
jma_0402_48,48,0402,2024,6,17,2024-06-17,,,,,0.0,0.0,24:00,0.0,24:00,22.9,29.1,12:58,18.3,05:12,16.8,63.0,28.0,11:46,https://www.data.jma.go.jp/stats/etrn/view/daily_a1.php?block_no=0402&day=&month=06&prec_no=48&view=a1s&year=2024,D:\CQUPT\self_file\competition\gjsschool2026\B题\赛题主要文件夹\问题四\外部数据抓取\raw\weather_html\jma_0402_48_2024_06_bdc203280f.html
jma_0402_48,48,0402,2024,6,18,2024-06-18,,,,,24.5,5.5,12:10,1.5,10:50,16.9,19.3,18:27,15.6,24:00,18.6,97.0,84.0,16:51,https://www.data.jma.go.jp/stats/etrn/view/daily_a1.php?block_no=0402&day=&month=06&prec_no=48&view=a1s&year=2024,D:\CQUPT\self_file\competition\gjsschool2026\B题\赛题主要文件夹\问题四\外部数据抓取\raw\weather_html\jma_0402_48_2024_06_bdc203280f.html
jma_0402_48,48,0402,2024,6,19,2024-06-19,,,,,0.0,0.0,24:00,0.0,24:00,21.9,30.4,16:02,14.8,05:26,17.0,68.0,32.0,15:30,https://www.data.jma.go.jp/stats/etrn/view/daily_a1.php?block_no=0402&day=&month=06&prec_no=48&view=a1s&year=2024,D:\CQUPT\self_file\competition\gjsschool2026\B题\赛题主要文件夹\问题四\外部数据抓取\raw\weather_html\jma_0402_48_2024_06_bdc203280f.html
jma_0402_48,48,0402,2024,6,20,2024-06-20,,,,,0.0,0.0,24:00,0.0,24:00,22.8,32.1,13:29,15.2,05:11,18.4,69.0,32.0,13:31,https://www.data.jma.go.jp/stats/etrn/view/daily_a1.php?block_no=0402&day=&month=06&prec_no=48&view=a1s&year=2024,D:\CQUPT\self_file\competition\gjsschool2026\B题\赛题主要文件夹\问题四\外部数据抓取\raw\weather_html\jma_0402_48_2024_06_bdc203280f.html
jma_0402_48,48,0402,2024,6,21,2024-06-21,,,,,6.0,4.0,12:01,1.0,11:37,19.0,22.2,17:02,15.0,23:55,19.1,87.0,66.0,17:48,https://www.data.jma.go.jp/stats/etrn/view/daily_a1.php?block_no=0402&day=&month=06&prec_no=48&view=a1s&year=2024,D:\CQUPT\self_file\competition\gjsschool2026\B题\赛题主要文件夹\问题四\外部数据抓取\raw\weather_html\jma_0402_48_2024_06_bdc203280f.html
jma_0402_48,48,0402,2024,6,22,2024-06-22,,,,,0.5,0.5,24:00,0.5,23:55,21.0,30.2,13:47,13.0,04:45,16.8,70.0,35.0,13:13,https://www.data.jma.go.jp/stats/etrn/view/daily_a1.php?block_no=0402&day=&month=06&prec_no=48&view=a1s&year=2024,D:\CQUPT\self_file\competition\gjsschool2026\B题\赛题主要文件夹\问题四\外部数据抓取\raw\weather_html\jma_0402_48_2024_06_bdc203280f.html
jma_0402_48,48,0402,2024,6,23,2024-06-23,,,,,31.5,8.0,05:57,2.5,05:12,20.0,24.7,11:43,17.2,05:34,22.3,95.0,73.0,11:45,https://www.data.jma.go.jp/stats/etrn/view/daily_a1.php?block_no=0402&day=&month=06&prec_no=48&view=a1s&year=2024,D:\CQUPT\self_file\competition\gjsschool2026\B题\赛题主要文件夹\问题四\外部数据抓取\raw\weather_html\jma_0402_48_2024_06_bdc203280f.html
jma_0402_48,48,0402,2024,6,24,2024-06-24,,,,,0.0,0.0,24:00,0.0,24:00,25.2,32.7,15:56,20.4,03:53,24.6,80.0,39.0,13:46,https://www.data.jma.go.jp/stats/etrn/view/daily_a1.php?block_no=0402&day=&month=06&prec_no=48&view=a1s&year=2024,D:\CQUPT\self_file\competition\gjsschool2026\B题\赛题主要文件夹\问题四\外部数据抓取\raw\weather_html\jma_0402_48_2024_06_bdc203280f.html
jma_0402_48,48,0402,2024,6,25,2024-06-25,,,,,0.0,0.0,24:00,0.0,24:00,25.0,33.0,14:38,20.6,06:23,22.4,73.0,36.0,15:57,https://www.data.jma.go.jp/stats/etrn/view/daily_a1.php?block_no=0402&day=&month=06&prec_no=48&view=a1s&year=2024,D:\CQUPT\self_file\competition\gjsschool2026\B题\赛题主要文件夹\问题四\外部数据抓取\raw\weather_html\jma_0402_48_2024_06_bdc203280f.html
jma_0402_48,48,0402,2024,6,26,2024-06-26,,,,,0.0,0.0,24:00,0.0,24:00,22.8,29.1,14:36,18.6,23:52,18.9,69.0,37.0,13:46,https://www.data.jma.go.jp/stats/etrn/view/daily_a1.php?block_no=0402&day=&month=06&prec_no=48&view=a1s&year=2024,D:\CQUPT\self_file\competition\gjsschool2026\B题\赛题主要文件夹\问题四\外部数据抓取\raw\weather_html\jma_0402_48_2024_06_bdc203280f.html
jma_0402_48,48,0402,2024,6,27,2024-06-27,,,,,0.0,0.0,24:00,0.0,24:00,21.9,28.8,13:48,16.4,05:16,18.9,73.0,48.0,15:07,https://www.data.jma.go.jp/stats/etrn/view/daily_a1.php?block_no=0402&day=&month=06&prec_no=48&view=a1s&year=2024,D:\CQUPT\self_file\competition\gjsschool2026\B题\赛题主要文件夹\问题四\外部数据抓取\raw\weather_html\jma_0402_48_2024_06_bdc203280f.html
jma_0402_48,48,0402,2024,6,28,2024-06-28,,,,,30.0,7.5,13:54,2.5,13:42,19.2,20.6,11:22,18.4,06:56,21.9,99.0,84.0,00:18,https://www.data.jma.go.jp/stats/etrn/view/daily_a1.php?block_no=0402&day=&month=06&prec_no=48&view=a1s&year=2024,D:\CQUPT\self_file\competition\gjsschool2026\B题\赛题主要文件夹\问题四\外部数据抓取\raw\weather_html\jma_0402_48_2024_06_bdc203280f.html
jma_0402_48,48,0402,2024,6,29,2024-06-29,,,,,1.5,0.5,07:40,0.5,06:50,23.3,30.5,14:50,17.7,04:25,22.0,80.0,46.0,15:57,https://www.data.jma.go.jp/stats/etrn/view/daily_a1.php?block_no=0402&day=&month=06&prec_no=48&view=a1s&year=2024,D:\CQUPT\self_file\competition\gjsschool2026\B题\赛题主要文件夹\问题四\外部数据抓取\raw\weather_html\jma_0402_48_2024_06_bdc203280f.html
jma_0402_48,48,0402,2024,6,30,2024-06-30,,,,,1.5,1.5,20:06,0.5,19:41,23.6,27.9,14:38,20.1,05:08,23.6,82.0,59.0,15:06,https://www.data.jma.go.jp/stats/etrn/view/daily_a1.php?block_no=0402&day=&month=06&prec_no=48&view=a1s&year=2024,D:\CQUPT\self_file\competition\gjsschool2026\B题\赛题主要文件夹\问题四\外部数据抓取\raw\weather_html\jma_0402_48_2024_06_bdc203280f.html
jma_0402_48,48,0402,2024,7,1,2024-07-01,,,,,17.5,6.5,07:01,2.5,06:11,23.2,26.2,02:33,20.6,23:48,26.2,92.0,71.0,02:25,https://www.data.jma.go.jp/stats/etrn/view/daily_a1.php?block_no=0402&day=&month=07&prec_no=48&view=a1s&year=2024,D:\CQUPT\self_file\competition\gjsschool2026\B题\赛题主要文件夹\问题四\外部数据抓取\raw\weather_html\jma_0402_48_2024_07_2154c206f6.html
jma_0402_48,48,0402,2024,7,2,2024-07-02,,,,,0.5,0.5,24:00,0.5,24:00,23.0,28.0,10:58,18.2,04:51,24.0,86.0,64.0,10:39,https://www.data.jma.go.jp/stats/etrn/view/daily_a1.php?block_no=0402&day=&month=07&prec_no=48&view=a1s&year=2024,D:\CQUPT\self_file\competition\gjsschool2026\B题\赛题主要文件夹\问题四\外部数据抓取\raw\weather_html\jma_0402_48_2024_07_2154c206f6.html
jma_0402_48,48,0402,2024,7,3,2024-07-03,,,,,1.0,1.0,05:23,0.5,05:32,25.6,33.7,15:38,20.2,05:59,26.8,83.0,51.0,15:06,https://www.data.jma.go.jp/stats/etrn/view/daily_a1.php?block_no=0402&day=&month=07&prec_no=48&view=a1s&year=2024,D:\CQUPT\self_file\competition\gjsschool2026\B题\赛题主要文件夹\问题四\外部数据抓取\raw\weather_html\jma_0402_48_2024_07_2154c206f6.html
jma_0402_48,48,0402,2024,7,4,2024-07-04,,,,,0.0,0.0,24:00,0.0,24:00,27.6,34.8,13:34,22.8,24:00,26.8,76.0,40.0,12:52,https://www.data.jma.go.jp/stats/etrn/view/daily_a1.php?block_no=0402&day=&month=07&prec_no=48&view=a1s&year=2024,D:\CQUPT\self_file\competition\gjsschool2026\B题\赛题主要文件夹\问题四\外部数据抓取\raw\weather_html\jma_0402_48_2024_07_2154c206f6.html
jma_0402_48,48,0402,2024,7,5,2024-07-05,,,,,0.0,0.0,24:00,0.0,24:00,27.2,36.0,14:56,20.6,04:09,25.4,73.0,41.0,14:20,https://www.data.jma.go.jp/stats/etrn/view/daily_a1.php?block_no=0402&day=&month=07&prec_no=48&view=a1s&year=2024,D:\CQUPT\self_file\competition\gjsschool2026\B题\赛题主要文件夹\问题四\外部数据抓取\raw\weather_html\jma_0402_48_2024_07_2154c206f6.html
jma_0402_48,48,0402,2024,7,6,2024-07-06,,,,,3.5,3.5,15:29,1.0,15:09,24.7,31.1,13:46,22.1,23:29,28.2,91.0,61.0,13:47,https://www.data.jma.go.jp/stats/etrn/view/daily_a1.php?block_no=0402&day=&month=07&prec_no=48&view=a1s&year=2024,D:\CQUPT\self_file\competition\gjsschool2026\B题\赛题主要文件夹\问题四\外部数据抓取\raw\weather_html\jma_0402_48_2024_07_2154c206f6.html
jma_0402_48,48,0402,2024,7,7,2024-07-07,,,,,0.0,0.0,24:00,0.0,24:00,27.8,37.1,14:59,20.4,05:12,24.8,71.0,28.0,14:38,https://www.data.jma.go.jp/stats/etrn/view/daily_a1.php?block_no=0402&day=&month=07&prec_no=48&view=a1s&year=2024,D:\CQUPT\self_file\competition\gjsschool2026\B题\赛题主要文件夹\问题四\外部数据抓取\raw\weather_html\jma_0402_48_2024_07_2154c206f6.html
jma_0402_48,48,0402,2024,7,8,2024-07-08,,,,,0.0,0.0,24:00,0.0,24:00,25.8,30.6,15:55,22.8,05:45,27.9,84.0,69.0,14:12,https://www.data.jma.go.jp/stats/etrn/view/daily_a1.php?block_no=0402&day=&month=07&prec_no=48&view=a1s&year=2024,D:\CQUPT\self_file\competition\gjsschool2026\B题\赛题主要文件夹\问题四\外部数据抓取\raw\weather_html\jma_0402_48_2024_07_2154c206f6.html
jma_0402_48,48,0402,2024,7,9,2024-07-09,,,,,0.0,0.0,24:00,0.0,24:00,26.1,,11:29 ),,24:00 ),25.6,77.0,,10:56 ),https://www.data.jma.go.jp/stats/etrn/view/daily_a1.php?block_no=0402&day=&month=07&prec_no=48&view=a1s&year=2024,D:\CQUPT\self_file\competition\gjsschool2026\B题\赛题主要文件夹\问题四\外部数据抓取\raw\weather_html\jma_0402_48_2024_07_2154c206f6.html
jma_0402_48,48,0402,2024,7,10,2024-07-10,,,,,12.5,9.0,17:52,2.0,17:31,23.8,28.7,12:51,21.4,05:36,25.9,88.0,66.0,12:35,https://www.data.jma.go.jp/stats/etrn/view/daily_a1.php?block_no=0402&day=&month=07&prec_no=48&view=a1s&year=2024,D:\CQUPT\self_file\competition\gjsschool2026\B题\赛题主要文件夹\问题四\外部数据抓取\raw\weather_html\jma_0402_48_2024_07_2154c206f6.html
jma_0402_48,48,0402,2024,7,11,2024-07-11,,,,,3.5,2.5,10:32,2.0,09:42,22.7,25.0,11:25,21.1,23:45,26.4,96.0,76.0,00:15,https://www.data.jma.go.jp/stats/etrn/view/daily_a1.php?block_no=0402&day=&month=07&prec_no=48&view=a1s&year=2024,D:\CQUPT\self_file\competition\gjsschool2026\B题\赛题主要文件夹\问题四\外部数据抓取\raw\weather_html\jma_0402_48_2024_07_2154c206f6.html
jma_0402_48,48,0402,2024,7,12,2024-07-12,,,,,4.0,1.0,13:54,0.5,20:47,21.8,24.5,15:18,20.4,23:40,25.6,98.0,87.0,15:20,https://www.data.jma.go.jp/stats/etrn/view/daily_a1.php?block_no=0402&day=&month=07&prec_no=48&view=a1s&year=2024,D:\CQUPT\self_file\competition\gjsschool2026\B题\赛题主要文件夹\问题四\外部数据抓取\raw\weather_html\jma_0402_48_2024_07_2154c206f6.html
jma_0402_48,48,0402,2024,7,13,2024-07-13,,,,,0.0,0.0,24:00,0.0,24:00,24.2,31.4,13:46,18.5,04:45,22.4,76.0,43.0,13:59,https://www.data.jma.go.jp/stats/etrn/view/daily_a1.php?block_no=0402&day=&month=07&prec_no=48&view=a1s&year=2024,D:\CQUPT\self_file\competition\gjsschool2026\B题\赛题主要文件夹\问题四\外部数据抓取\raw\weather_html\jma_0402_48_2024_07_2154c206f6.html
jma_0402_48,48,0402,2024,7,14,2024-07-14,,,,,55.0,16.0,10:58,4.5,14:47,22.5,25.2,08:08,20.5,23:56,25.6,94.0,78.0,08:10,https://www.data.jma.go.jp/stats/etrn/view/daily_a1.php?block_no=0402&day=&month=07&prec_no=48&view=a1s&year=2024,D:\CQUPT\self_file\competition\gjsschool2026\B题\赛题主要文件夹\问题四\外部数据抓取\raw\weather_html\jma_0402_48_2024_07_2154c206f6.html
jma_0402_48,48,0402,2024,7,15,2024-07-15,,,,,6.5,3.5,03:49,1.0,03:49,23.6,28.6,12:10,20.6,00:04,27.5,94.0,76.0,12:12,https://www.data.jma.go.jp/stats/etrn/view/daily_a1.php?block_no=0402&day=&month=07&prec_no=48&view=a1s&year=2024,D:\CQUPT\self_file\competition\gjsschool2026\B题\赛题主要文件夹\问题四\外部数据抓取\raw\weather_html\jma_0402_48_2024_07_2154c206f6.html
jma_0402_48,48,0402,2024,7,16,2024-07-16,,,,,26.5,7.0,02:00,3.0,01:30,22.1,24.5,16:14,20.4,08:57,25.3,95.0,78.0,17:04,https://www.data.jma.go.jp/stats/etrn/view/daily_a1.php?block_no=0402&day=&month=07&prec_no=48&view=a1s&year=2024,D:\CQUPT\self_file\competition\gjsschool2026\B题\赛题主要文件夹\问题四\外部数据抓取\raw\weather_html\jma_0402_48_2024_07_2154c206f6.html
jma_0402_48,48,0402,2024,7,17,2024-07-17,,,,,0.0,1.0,00:08,0.5,00:05,23.7,29.1,12:32,20.4,03:45,26.7,91.0,73.0,11:58,https://www.data.jma.go.jp/stats/etrn/view/daily_a1.php?block_no=0402&day=&month=07&prec_no=48&view=a1s&year=2024,D:\CQUPT\self_file\competition\gjsschool2026\B题\赛题主要文件夹\问题四\外部数据抓取\raw\weather_html\jma_0402_48_2024_07_2154c206f6.html
jma_0402_48,48,0402,2024,7,18,2024-07-18,,,,,0.0,0.0,24:00,0.0,24:00,26.2,34.6,15:26,20.9,05:15,26.9,81.0,52.0,15:35,https://www.data.jma.go.jp/stats/etrn/view/daily_a1.php?block_no=0402&day=&month=07&prec_no=48&view=a1s&year=2024,D:\CQUPT\self_file\competition\gjsschool2026\B题\赛题主要文件夹\问题四\外部数据抓取\raw\weather_html\jma_0402_48_2024_07_2154c206f6.html
jma_0402_48,48,0402,2024,7,19,2024-07-19,,,,,0.0,0.0,24:00,0.0,24:00,27.8,33.3,15:16,23.5,02:43,25.9,70.0,50.0,17:05,https://www.data.jma.go.jp/stats/etrn/view/daily_a1.php?block_no=0402&day=&month=07&prec_no=48&view=a1s&year=2024,D:\CQUPT\self_file\competition\gjsschool2026\B题\赛题主要文件夹\问题四\外部数据抓取\raw\weather_html\jma_0402_48_2024_07_2154c206f6.html
jma_0402_48,48,0402,2024,7,20,2024-07-20,,,,,0.0,0.0,24:00,0.0,24:00,27.8,33.5,14:33,23.0,04:58,29.1,79.0,53.0,14:55,https://www.data.jma.go.jp/stats/etrn/view/daily_a1.php?block_no=0402&day=&month=07&prec_no=48&view=a1s&year=2024,D:\CQUPT\self_file\competition\gjsschool2026\B题\赛题主要文件夹\问题四\外部数据抓取\raw\weather_html\jma_0402_48_2024_07_2154c206f6.html
jma_0402_48,48,0402,2024,7,21,2024-07-21,,,,,0.0,0.0,24:00,0.0,24:00,28.3,36.0,15:29,22.3,04:04,26.9,72.0,41.0,14:05,https://www.data.jma.go.jp/stats/etrn/view/daily_a1.php?block_no=0402&day=&month=07&prec_no=48&view=a1s&year=2024,D:\CQUPT\self_file\competition\gjsschool2026\B题\赛题主要文件夹\问题四\外部数据抓取\raw\weather_html\jma_0402_48_2024_07_2154c206f6.html
jma_0402_48,48,0402,2024,7,22,2024-07-22,,,,,0.0,0.0,24:00,0.0,24:00,28.7,36.0,14:34,23.1,05:33,27.5,72.0,41.0,15:11,https://www.data.jma.go.jp/stats/etrn/view/daily_a1.php?block_no=0402&day=&month=07&prec_no=48&view=a1s&year=2024,D:\CQUPT\self_file\competition\gjsschool2026\B题\赛题主要文件夹\问题四\外部数据抓取\raw\weather_html\jma_0402_48_2024_07_2154c206f6.html
jma_0402_48,48,0402,2024,7,23,2024-07-23,,,,,0.0,0.0,24:00,0.0,24:00,28.8,37.7,15:08,21.7,04:51,27.1,71.0,37.0,14:27,https://www.data.jma.go.jp/stats/etrn/view/daily_a1.php?block_no=0402&day=&month=07&prec_no=48&view=a1s&year=2024,D:\CQUPT\self_file\competition\gjsschool2026\B题\赛题主要文件夹\问题四\外部数据抓取\raw\weather_html\jma_0402_48_2024_07_2154c206f6.html
jma_0402_48,48,0402,2024,7,24,2024-07-24,,,,,6.0,5.0,06:42,2.5,05:52,24.1,28.6,13:34,21.6,24:00,27.1,90.0,72.0,13:24,https://www.data.jma.go.jp/stats/etrn/view/daily_a1.php?block_no=0402&day=&month=07&prec_no=48&view=a1s&year=2024,D:\CQUPT\self_file\competition\gjsschool2026\B题\赛题主要文件夹\问题四\外部数据抓取\raw\weather_html\jma_0402_48_2024_07_2154c206f6.html
jma_0402_48,48,0402,2024,7,25,2024-07-25,,,,,0.5,0.5,19:44,0.5,18:54,25.6,33.6,13:57,21.2,04:39,27.8,86.0,54.0,11:33,https://www.data.jma.go.jp/stats/etrn/view/daily_a1.php?block_no=0402&day=&month=07&prec_no=48&view=a1s&year=2024,D:\CQUPT\self_file\competition\gjsschool2026\B题\赛题主要文件夹\问题四\外部数据抓取\raw\weather_html\jma_0402_48_2024_07_2154c206f6.html
jma_0402_48,48,0402,2024,7,26,2024-07-26,,,,,1.0,1.0,20:35,1.0,19:45,26.4,36.2,13:51,21.4,05:33,27.1,81.0,45.0,13:47,https://www.data.jma.go.jp/stats/etrn/view/daily_a1.php?block_no=0402&day=&month=07&prec_no=48&view=a1s&year=2024,D:\CQUPT\self_file\competition\gjsschool2026\B题\赛题主要文件夹\问题四\外部数据抓取\raw\weather_html\jma_0402_48_2024_07_2154c206f6.html
jma_0402_48,48,0402,2024,7,27,2024-07-27,,,,,0.0,0.0,24:00,0.0,24:00,28.2,36.0,14:47,22.8,05:14,29.7,80.0,48.0,14:48,https://www.data.jma.go.jp/stats/etrn/view/daily_a1.php?block_no=0402&day=&month=07&prec_no=48&view=a1s&year=2024,D:\CQUPT\self_file\competition\gjsschool2026\B题\赛题主要文件夹\问题四\外部数据抓取\raw\weather_html\jma_0402_48_2024_07_2154c206f6.html
jma_0402_48,48,0402,2024,7,28,2024-07-28,,,,,0.0,0.0,24:00,0.0,24:00,27.8,34.4,13:44,23.5,04:27,28.5,77.0,52.0,14:49,https://www.data.jma.go.jp/stats/etrn/view/daily_a1.php?block_no=0402&day=&month=07&prec_no=48&view=a1s&year=2024,D:\CQUPT\self_file\competition\gjsschool2026\B题\赛题主要文件夹\问题四\外部数据抓取\raw\weather_html\jma_0402_48_2024_07_2154c206f6.html
jma_0402_48,48,0402,2024,7,29,2024-07-29,,,,,0.0,0.0,24:00,0.0,24:00,29.0,37.0,13:48,22.9,05:15,26.2,68.0,38.0,14:15,https://www.data.jma.go.jp/stats/etrn/view/daily_a1.php?block_no=0402&day=&month=07&prec_no=48&view=a1s&year=2024,D:\CQUPT\self_file\competition\gjsschool2026\B题\赛题主要文件夹\问题四\外部数据抓取\raw\weather_html\jma_0402_48_2024_07_2154c206f6.html
jma_0402_48,48,0402,2024,7,30,2024-07-30,,,,,14.5,6.0,13:19,2.0,22:01,25.0,30.5,10:07,23.3,23:59,28.2,90.0,63.0,10:11,https://www.data.jma.go.jp/stats/etrn/view/daily_a1.php?block_no=0402&day=&month=07&prec_no=48&view=a1s&year=2024,D:\CQUPT\self_file\competition\gjsschool2026\B题\赛题主要文件夹\问题四\外部数据抓取\raw\weather_html\jma_0402_48_2024_07_2154c206f6.html
jma_0402_48,48,0402,2024,7,31,2024-07-31,,,,,0.0,0.0,24:00,0.0,24:00,26.1,32.2,14:42,21.5,23:56,26.0,79.0,49.0,14:37,https://www.data.jma.go.jp/stats/etrn/view/daily_a1.php?block_no=0402&day=&month=07&prec_no=48&view=a1s&year=2024,D:\CQUPT\self_file\competition\gjsschool2026\B题\赛题主要文件夹\问题四\外部数据抓取\raw\weather_html\jma_0402_48_2024_07_2154c206f6.html
jma_0402_48,48,0402,2024,8,1,2024-08-01,,,,,0.0,0.0,24:00,0.0,24:00,26.2,34.5,14:15,20.2,04:26,23.5,71.0,40.0,15:35,https://www.data.jma.go.jp/stats/etrn/view/daily_a1.php?block_no=0402&day=&month=08&prec_no=48&view=a1s&year=2024,D:\CQUPT\self_file\competition\gjsschool2026\B题\赛题主要文件夹\问题四\外部数据抓取\raw\weather_html\jma_0402_48_2024_08_35d5ac9c9c.html
jma_0402_48,48,0402,2024,8,2,2024-08-02,,,,,0.0,0.0,24:00,0.0,24:00,27.9,36.4,15:02,21.2,06:03,26.0,71.0,42.0,15:05,https://www.data.jma.go.jp/stats/etrn/view/daily_a1.php?block_no=0402&day=&month=08&prec_no=48&view=a1s&year=2024,D:\CQUPT\self_file\competition\gjsschool2026\B题\赛题主要文件夹\问题四\外部数据抓取\raw\weather_html\jma_0402_48_2024_08_35d5ac9c9c.html
jma_0402_48,48,0402,2024,8,3,2024-08-03,,,,,0.0,0.0,24:00,0.0,24:00,29.5,37.7,13:33,24.0,05:02,27.4,69.0,34.0,14:15,https://www.data.jma.go.jp/stats/etrn/view/daily_a1.php?block_no=0402&day=&month=08&prec_no=48&view=a1s&year=2024,D:\CQUPT\self_file\competition\gjsschool2026\B题\赛题主要文件夹\问题四\外部数据抓取\raw\weather_html\jma_0402_48_2024_08_35d5ac9c9c.html
jma_0402_48,48,0402,2024,8,4,2024-08-04,,,,,22.5,22.5,16:53,15.0,16:14,28.0,38.0,14:06,24.1,04:29,29.6,81.0,42.0,13:39,https://www.data.jma.go.jp/stats/etrn/view/daily_a1.php?block_no=0402&day=&month=08&prec_no=48&view=a1s&year=2024,D:\CQUPT\self_file\competition\gjsschool2026\B题\赛题主要文件夹\问题四\外部数据抓取\raw\weather_html\jma_0402_48_2024_08_35d5ac9c9c.html
jma_0402_48,48,0402,2024,8,5,2024-08-05,,,,,0.5,0.5,06:32,0.5,05:42,27.9,36.0,14:31,24.5,03:37,31.5,85.0,53.0,14:32,https://www.data.jma.go.jp/stats/etrn/view/daily_a1.php?block_no=0402&day=&month=08&prec_no=48&view=a1s&year=2024,D:\CQUPT\self_file\competition\gjsschool2026\B题\赛题主要文件夹\问题四\外部数据抓取\raw\weather_html\jma_0402_48_2024_08_35d5ac9c9c.html
jma_0402_48,48,0402,2024,8,6,2024-08-06,,,,,49.0,21.0,04:42,9.5,03:58,26.3,33.9,14:26,23.2,04:19,30.5,91.0,58.0,14:33,https://www.data.jma.go.jp/stats/etrn/view/daily_a1.php?block_no=0402&day=&month=08&prec_no=48&view=a1s&year=2024,D:\CQUPT\self_file\competition\gjsschool2026\B题\赛题主要文件夹\问题四\外部数据抓取\raw\weather_html\jma_0402_48_2024_08_35d5ac9c9c.html
jma_0402_48,48,0402,2024,8,7,2024-08-07,,,,,7.5,7.0,21:45,2.5,21:00,26.8,33.9,13:51,22.8,23:57,29.7,86.0,60.0,13:58,https://www.data.jma.go.jp/stats/etrn/view/daily_a1.php?block_no=0402&day=&month=08&prec_no=48&view=a1s&year=2024,D:\CQUPT\self_file\competition\gjsschool2026\B题\赛题主要文件夹\问题四\外部数据抓取\raw\weather_html\jma_0402_48_2024_08_35d5ac9c9c.html
jma_0402_48,48,0402,2024,8,8,2024-08-08,,,,,0.0,0.0,24:00,0.0,24:00,26.9,34.6,14:37,22.3,05:04,28.0,81.0,51.0,14:32,https://www.data.jma.go.jp/stats/etrn/view/daily_a1.php?block_no=0402&day=&month=08&prec_no=48&view=a1s&year=2024,D:\CQUPT\self_file\competition\gjsschool2026\B题\赛题主要文件夹\问题四\外部数据抓取\raw\weather_html\jma_0402_48_2024_08_35d5ac9c9c.html
jma_0402_48,48,0402,2024,8,9,2024-08-09,,,,,0.0,0.0,24:00,0.0,24:00,27.7,34.0,14:26,23.9,02:19,27.1,75.0,48.0,14:28,https://www.data.jma.go.jp/stats/etrn/view/daily_a1.php?block_no=0402&day=&month=08&prec_no=48&view=a1s&year=2024,D:\CQUPT\self_file\competition\gjsschool2026\B题\赛题主要文件夹\问题四\外部数据抓取\raw\weather_html\jma_0402_48_2024_08_35d5ac9c9c.html
jma_0402_48,48,0402,2024,8,10,2024-08-10,,,,,0.0,0.0,24:00,0.0,24:00,26.7,32.8,15:10,22.4,03:49,25.3,74.0,52.0,15:30,https://www.data.jma.go.jp/stats/etrn/view/daily_a1.php?block_no=0402&day=&month=08&prec_no=48&view=a1s&year=2024,D:\CQUPT\self_file\competition\gjsschool2026\B题\赛题主要文件夹\问题四\外部数据抓取\raw\weather_html\jma_0402_48_2024_08_35d5ac9c9c.html
jma_0402_48,48,0402,2024,8,11,2024-08-11,,,,,0.0,0.0,24:00,0.0,24:00,26.9,34.6,14:05,22.0,05:22,24.9,72.0,46.0,12:58,https://www.data.jma.go.jp/stats/etrn/view/daily_a1.php?block_no=0402&day=&month=08&prec_no=48&view=a1s&year=2024,D:\CQUPT\self_file\competition\gjsschool2026\B题\赛题主要文件夹\问题四\外部数据抓取\raw\weather_html\jma_0402_48_2024_08_35d5ac9c9c.html
jma_0402_48,48,0402,2024,8,12,2024-08-12,,,,,0.0,0.0,24:00,0.0,24:00,27.6,34.5,13:56,21.8,05:31,27.4,75.0,52.0,14:52,https://www.data.jma.go.jp/stats/etrn/view/daily_a1.php?block_no=0402&day=&month=08&prec_no=48&view=a1s&year=2024,D:\CQUPT\self_file\competition\gjsschool2026\B题\赛题主要文件夹\问题四\外部数据抓取\raw\weather_html\jma_0402_48_2024_08_35d5ac9c9c.html
jma_0402_48,48,0402,2024,8,13,2024-08-13,,,,,4.5,4.5,22:01,2.5,21:14,27.2,33.8,12:42,23.9,22:46,29.4,83.0,58.0,13:15,https://www.data.jma.go.jp/stats/etrn/view/daily_a1.php?block_no=0402&day=&month=08&prec_no=48&view=a1s&year=2024,D:\CQUPT\self_file\competition\gjsschool2026\B题\赛题主要文件夹\问题四\外部数据抓取\raw\weather_html\jma_0402_48_2024_08_35d5ac9c9c.html
jma_0402_48,48,0402,2024,8,14,2024-08-14,,,,,13.5,4.0,04:35,3.0,03:45,25.8,31.1,14:42,23.6,04:27,30.5,93.0,70.0,16:21,https://www.data.jma.go.jp/stats/etrn/view/daily_a1.php?block_no=0402&day=&month=08&prec_no=48&view=a1s&year=2024,D:\CQUPT\self_file\competition\gjsschool2026\B题\赛题主要文件夹\问题四\外部数据抓取\raw\weather_html\jma_0402_48_2024_08_35d5ac9c9c.html
jma_0402_48,48,0402,2024,8,15,2024-08-15,,,,,0.5,0.5,15:45,0.5,14:55,26.5,32.1,14:16,23.6,05:31,30.2,88.0,59.0,16:23,https://www.data.jma.go.jp/stats/etrn/view/daily_a1.php?block_no=0402&day=&month=08&prec_no=48&view=a1s&year=2024,D:\CQUPT\self_file\competition\gjsschool2026\B题\赛题主要文件夹\问题四\外部数据抓取\raw\weather_html\jma_0402_48_2024_08_35d5ac9c9c.html
jma_0402_48,48,0402,2024,8,16,2024-08-16,,,,,5.5,5.5,18:36,3.5,18:01,26.1,31.6,13:50,23.2,05:16,29.4,88.0,66.0,14:02,https://www.data.jma.go.jp/stats/etrn/view/daily_a1.php?block_no=0402&day=&month=08&prec_no=48&view=a1s&year=2024,D:\CQUPT\self_file\competition\gjsschool2026\B题\赛题主要文件夹\问题四\外部数据抓取\raw\weather_html\jma_0402_48_2024_08_35d5ac9c9c.html
jma_0402_48,48,0402,2024,8,17,2024-08-17,,,,,0.5,0.5,07:53,0.5,07:03,28.1,34.8,15:24,24.0,01:38,29.0,78.0,51.0,14:34,https://www.data.jma.go.jp/stats/etrn/view/daily_a1.php?block_no=0402&day=&month=08&prec_no=48&view=a1s&year=2024,D:\CQUPT\self_file\competition\gjsschool2026\B题\赛题主要文件夹\问题四\外部数据抓取\raw\weather_html\jma_0402_48_2024_08_35d5ac9c9c.html
jma_0402_48,48,0402,2024,8,18,2024-08-18,,,,,0.0,0.0,24:00,0.0,24:00,27.9,35.6,14:33,23.6,05:36,28.5,77.0,49.0,15:02,https://www.data.jma.go.jp/stats/etrn/view/daily_a1.php?block_no=0402&day=&month=08&prec_no=48&view=a1s&year=2024,D:\CQUPT\self_file\competition\gjsschool2026\B题\赛题主要文件夹\问题四\外部数据抓取\raw\weather_html\jma_0402_48_2024_08_35d5ac9c9c.html
jma_0402_48,48,0402,2024,8,19,2024-08-19,,,,,2.5,2.5,22:19,1.5,21:29,27.6,35.0,14:24,22.3,23:06,28.1,79.0,43.0,14:23,https://www.data.jma.go.jp/stats/etrn/view/daily_a1.php?block_no=0402&day=&month=08&prec_no=48&view=a1s&year=2024,D:\CQUPT\self_file\competition\gjsschool2026\B题\赛题主要文件夹\问题四\外部数据抓取\raw\weather_html\jma_0402_48_2024_08_35d5ac9c9c.html
jma_0402_48,48,0402,2024,8,20,2024-08-20,,,,,0.0,0.0,24:00,0.0,24:00,26.9,34.3,14:13,21.9,05:05,27.2,79.0,47.0,14:16,https://www.data.jma.go.jp/stats/etrn/view/daily_a1.php?block_no=0402&day=&month=08&prec_no=48&view=a1s&year=2024,D:\CQUPT\self_file\competition\gjsschool2026\B题\赛题主要文件夹\问题四\外部数据抓取\raw\weather_html\jma_0402_48_2024_08_35d5ac9c9c.html
jma_0402_48,48,0402,2024,8,21,2024-08-21,,,,,0.0,0.0,24:00,0.0,24:00,27.6,34.3,14:23,22.4,05:39,26.9,75.0,51.0,14:24,https://www.data.jma.go.jp/stats/etrn/view/daily_a1.php?block_no=0402&day=&month=08&prec_no=48&view=a1s&year=2024,D:\CQUPT\self_file\competition\gjsschool2026\B题\赛题主要文件夹\问题四\外部数据抓取\raw\weather_html\jma_0402_48_2024_08_35d5ac9c9c.html
jma_0402_48,48,0402,2024,8,22,2024-08-22,,,,,0.0,0.0,24:00,0.0,24:00,27.5,33.7,12:18,24.4,06:45,28.0,78.0,51.0,13:12,https://www.data.jma.go.jp/stats/etrn/view/daily_a1.php?block_no=0402&day=&month=08&prec_no=48&view=a1s&year=2024,D:\CQUPT\self_file\competition\gjsschool2026\B题\赛题主要文件夹\问题四\外部数据抓取\raw\weather_html\jma_0402_48_2024_08_35d5ac9c9c.html
jma_0402_48,48,0402,2024,8,23,2024-08-23,,,,,1.0,1.0,20:25,1.0,19:35,28.5,36.3,14:18,23.8,05:06,29.3,77.0,44.0,14:19,https://www.data.jma.go.jp/stats/etrn/view/daily_a1.php?block_no=0402&day=&month=08&prec_no=48&view=a1s&year=2024,D:\CQUPT\self_file\competition\gjsschool2026\B题\赛题主要文件夹\问题四\外部数据抓取\raw\weather_html\jma_0402_48_2024_08_35d5ac9c9c.html
jma_0402_48,48,0402,2024,8,24,2024-08-24,,,,,26.0,18.0,19:46,12.0,18:57,27.4,38.4,14:01,23.1,21:03,29.1,83.0,36.0,13:55,https://www.data.jma.go.jp/stats/etrn/view/daily_a1.php?block_no=0402&day=&month=08&prec_no=48&view=a1s&year=2024,D:\CQUPT\self_file\competition\gjsschool2026\B题\赛题主要文件夹\问题四\外部数据抓取\raw\weather_html\jma_0402_48_2024_08_35d5ac9c9c.html
jma_0402_48,48,0402,2024,8,25,2024-08-25,,,,,8.0,6.0,15:00,3.5,14:31,24.6,30.6,12:51,22.8,23:12,29.5,96.0,72.0,13:04,https://www.data.jma.go.jp/stats/etrn/view/daily_a1.php?block_no=0402&day=&month=08&prec_no=48&view=a1s&year=2024,D:\CQUPT\self_file\competition\gjsschool2026\B题\赛题主要文件夹\问题四\外部数据抓取\raw\weather_html\jma_0402_48_2024_08_35d5ac9c9c.html
jma_0402_48,48,0402,2024,8,26,2024-08-26,,,,,1.5,1.0,08:10,0.5,12:47,26.0,31.9,14:28,22.7,05:50,27.6,84.0,58.0,14:41,https://www.data.jma.go.jp/stats/etrn/view/daily_a1.php?block_no=0402&day=&month=08&prec_no=48&view=a1s&year=2024,D:\CQUPT\self_file\competition\gjsschool2026\B题\赛题主要文件夹\问题四\外部数据抓取\raw\weather_html\jma_0402_48_2024_08_35d5ac9c9c.html
jma_0402_48,48,0402,2024,8,27,2024-08-27,,,,,0.0,0.0,24:00,0.0,24:00,25.9,29.2,16:07,23.1,02:34,26.1,79.0,65.0,11:35,https://www.data.jma.go.jp/stats/etrn/view/daily_a1.php?block_no=0402&day=&month=08&prec_no=48&view=a1s&year=2024,D:\CQUPT\self_file\competition\gjsschool2026\B题\赛题主要文件夹\问题四\外部数据抓取\raw\weather_html\jma_0402_48_2024_08_35d5ac9c9c.html
jma_0402_48,48,0402,2024,8,28,2024-08-28,,,,,2.0,1.5,02:46,0.5,02:50,24.4,28.0,13:04,21.9,03:51,26.5,87.0,70.0,16:38,https://www.data.jma.go.jp/stats/etrn/view/daily_a1.php?block_no=0402&day=&month=08&prec_no=48&view=a1s&year=2024,D:\CQUPT\self_file\competition\gjsschool2026\B题\赛题主要文件夹\问题四\外部数据抓取\raw\weather_html\jma_0402_48_2024_08_35d5ac9c9c.html
jma_0402_48,48,0402,2024,8,29,2024-08-29,,,,,13.0,4.0,14:49,1.0,21:43,22.8,26.4,12:02,21.1,05:13,26.1,94.0,79.0,12:00,https://www.data.jma.go.jp/stats/etrn/view/daily_a1.php?block_no=0402&day=&month=08&prec_no=48&view=a1s&year=2024,D:\CQUPT\self_file\competition\gjsschool2026\B题\赛题主要文件夹\问题四\外部数据抓取\raw\weather_html\jma_0402_48_2024_08_35d5ac9c9c.html
jma_0402_48,48,0402,2024,8,30,2024-08-30,,,,,5.5,5.0,16:33,3.0,15:51,24.8,30.5,11:49,21.9,05:36,29.0,93.0,66.0,11:55,https://www.data.jma.go.jp/stats/etrn/view/daily_a1.php?block_no=0402&day=&month=08&prec_no=48&view=a1s&year=2024,D:\CQUPT\self_file\competition\gjsschool2026\B题\赛题主要文件夹\问题四\外部数据抓取\raw\weather_html\jma_0402_48_2024_08_35d5ac9c9c.html
jma_0402_48,48,0402,2024,8,31,2024-08-31,,,,,15.5,6.5,13:19,2.0,12:36,22.9,25.9,11:05,20.7,22:57,27.5,98.0,89.0,15:19,https://www.data.jma.go.jp/stats/etrn/view/daily_a1.php?block_no=0402&day=&month=08&prec_no=48&view=a1s&year=2024,D:\CQUPT\self_file\competition\gjsschool2026\B题\赛题主要文件夹\问题四\外部数据抓取\raw\weather_html\jma_0402_48_2024_08_35d5ac9c9c.html
jma_0402_48,48,0402,2024,9,1,2024-09-01,,,,,0.5,0.5,06:03,0.5,05:13,24.9,31.0,15:03,20.3,03:31,26.1,84.0,64.0,13:32,https://www.data.jma.go.jp/stats/etrn/view/daily_a1.php?block_no=0402&day=&month=09&prec_no=48&view=a1s&year=2024,D:\CQUPT\self_file\competition\gjsschool2026\B题\赛题主要文件夹\问题四\外部数据抓取\raw\weather_html\jma_0402_48_2024_09_8f5d0f0402.html
jma_0402_48,48,0402,2024,9,2,2024-09-02,,,,,0.0,0.0,24:00,0.0,24:00,26.4,34.5,13:24,22.4,23:14,26.0,77.0,42.0,13:25,https://www.data.jma.go.jp/stats/etrn/view/daily_a1.php?block_no=0402&day=&month=09&prec_no=48&view=a1s&year=2024,D:\CQUPT\self_file\competition\gjsschool2026\B题\赛题主要文件夹\问题四\外部数据抓取\raw\weather_html\jma_0402_48_2024_09_8f5d0f0402.html
jma_0402_48,48,0402,2024,9,3,2024-09-03,,,,,0.0,0.0,24:00,0.0,24:00,23.8,29.5,14:19,20.9,04:55,24.9,85.0,60.0,14:24,https://www.data.jma.go.jp/stats/etrn/view/daily_a1.php?block_no=0402&day=&month=09&prec_no=48&view=a1s&year=2024,D:\CQUPT\self_file\competition\gjsschool2026\B题\赛题主要文件夹\问题四\外部数据抓取\raw\weather_html\jma_0402_48_2024_09_8f5d0f0402.html
jma_0402_48,48,0402,2024,9,4,2024-09-04,,,,,0.0,0.0,24:00,0.0,24:00,24.1,31.6,15:17,19.9,05:43,21.5,73.0,44.0,15:18,https://www.data.jma.go.jp/stats/etrn/view/daily_a1.php?block_no=0402&day=&month=09&prec_no=48&view=a1s&year=2024,D:\CQUPT\self_file\competition\gjsschool2026\B题\赛题主要文件夹\问题四\外部数据抓取\raw\weather_html\jma_0402_48_2024_09_8f5d0f0402.html
jma_0402_48,48,0402,2024,9,5,2024-09-05,,,,,0.0,0.0,24:00,0.0,24:00,24.7,33.7,15:17,18.3,05:17,22.3,74.0,37.0,14:09,https://www.data.jma.go.jp/stats/etrn/view/daily_a1.php?block_no=0402&day=&month=09&prec_no=48&view=a1s&year=2024,D:\CQUPT\self_file\competition\gjsschool2026\B题\赛题主要文件夹\问题四\外部数据抓取\raw\weather_html\jma_0402_48_2024_09_8f5d0f0402.html
jma_0402_48,48,0402,2024,9,6,2024-09-06,,,,,0.0,0.0,24:00,0.0,24:00,25.4,32.8,15:27,19.8,05:48,23.9,76.0,40.0,14:31,https://www.data.jma.go.jp/stats/etrn/view/daily_a1.php?block_no=0402&day=&month=09&prec_no=48&view=a1s&year=2024,D:\CQUPT\self_file\competition\gjsschool2026\B题\赛题主要文件夹\问题四\外部数据抓取\raw\weather_html\jma_0402_48_2024_09_8f5d0f0402.html
jma_0402_48,48,0402,2024,9,7,2024-09-07,,,,,0.0,0.0,24:00,0.0,24:00,26.1,34.3,14:34,19.7,05:28,24.9,76.0,43.0,13:15,https://www.data.jma.go.jp/stats/etrn/view/daily_a1.php?block_no=0402&day=&month=09&prec_no=48&view=a1s&year=2024,D:\CQUPT\self_file\competition\gjsschool2026\B题\赛题主要文件夹\问题四\外部数据抓取\raw\weather_html\jma_0402_48_2024_09_8f5d0f0402.html
jma_0402_48,48,0402,2024,9,8,2024-09-08,,,,,12.5,9.5,24:00,4.5,23:50,26.5,33.3,14:13,22.4,24:00,27.8,81.0,51.0,14:06,https://www.data.jma.go.jp/stats/etrn/view/daily_a1.php?block_no=0402&day=&month=09&prec_no=48&view=a1s&year=2024,D:\CQUPT\self_file\competition\gjsschool2026\B题\赛题主要文件夹\问题四\外部数据抓取\raw\weather_html\jma_0402_48_2024_09_8f5d0f0402.html
jma_0402_48,48,0402,2024,9,9,2024-09-09,,,,,8.5,9.5,00:28,4.5,01:57,25.4,31.0,11:48,21.3,03:47,26.2,82.0,56.0,13:14,https://www.data.jma.go.jp/stats/etrn/view/daily_a1.php?block_no=0402&day=&month=09&prec_no=48&view=a1s&year=2024,D:\CQUPT\self_file\competition\gjsschool2026\B题\赛题主要文件夹\问题四\外部数据抓取\raw\weather_html\jma_0402_48_2024_09_8f5d0f0402.html
jma_0402_48,48,0402,2024,9,10,2024-09-10,,,,,0.0,0.0,24:00,0.0,24:00,26.5,33.7,14:06,21.2,05:51,26.4,78.0,50.0,13:57,https://www.data.jma.go.jp/stats/etrn/view/daily_a1.php?block_no=0402&day=&month=09&prec_no=48&view=a1s&year=2024,D:\CQUPT\self_file\competition\gjsschool2026\B题\赛题主要文件夹\问题四\外部数据抓取\raw\weather_html\jma_0402_48_2024_09_8f5d0f0402.html
jma_0402_48,48,0402,2024,9,11,2024-09-11,,,,,0.0,0.0,24:00,0.0,24:00,27.4,34.1,13:58,21.5,05:49,28.0,79.0,52.0,14:05,https://www.data.jma.go.jp/stats/etrn/view/daily_a1.php?block_no=0402&day=&month=09&prec_no=48&view=a1s&year=2024,D:\CQUPT\self_file\competition\gjsschool2026\B题\赛题主要文件夹\问题四\外部数据抓取\raw\weather_html\jma_0402_48_2024_09_8f5d0f0402.html
jma_0402_48,48,0402,2024,9,12,2024-09-12,,,,,8.0,4.5,23:01,2.0,22:23,27.0,35.1,14:23,22.1,22:24,28.9,83.0,48.0,14:13,https://www.data.jma.go.jp/stats/etrn/view/daily_a1.php?block_no=0402&day=&month=09&prec_no=48&view=a1s&year=2024,D:\CQUPT\self_file\competition\gjsschool2026\B题\赛题主要文件夹\问题四\外部数据抓取\raw\weather_html\jma_0402_48_2024_09_8f5d0f0402.html
jma_0402_48,48,0402,2024,9,13,2024-09-13,,,,,30.5,29.5,19:55,12.0,19:29,25.8,34.7,13:39,22.4,02:26,29.0,89.0,54.0,14:21,https://www.data.jma.go.jp/stats/etrn/view/daily_a1.php?block_no=0402&day=&month=09&prec_no=48&view=a1s&year=2024,D:\CQUPT\self_file\competition\gjsschool2026\B题\赛题主要文件夹\问题四\外部数据抓取\raw\weather_html\jma_0402_48_2024_09_8f5d0f0402.html
jma_0402_48,48,0402,2024,9,14,2024-09-14,,,,,0.0,0.0,24:00,0.0,24:00,26.7,33.3,13:47,22.7,02:25,28.5,83.0,53.0,13:32,https://www.data.jma.go.jp/stats/etrn/view/daily_a1.php?block_no=0402&day=&month=09&prec_no=48&view=a1s&year=2024,D:\CQUPT\self_file\competition\gjsschool2026\B题\赛题主要文件夹\问题四\外部数据抓取\raw\weather_html\jma_0402_48_2024_09_8f5d0f0402.html
jma_0402_48,48,0402,2024,9,15,2024-09-15,,,,,4.0,1.5,24:00,0.5,23:59,25.5,32.1,11:12,22.9,23:23,28.8,89.0,56.0,10:15,https://www.data.jma.go.jp/stats/etrn/view/daily_a1.php?block_no=0402&day=&month=09&prec_no=48&view=a1s&year=2024,D:\CQUPT\self_file\competition\gjsschool2026\B题\赛题主要文件夹\问题四\外部数据抓取\raw\weather_html\jma_0402_48_2024_09_8f5d0f0402.html
jma_0402_48,48,0402,2024,9,16,2024-09-16,,,,,0.0,1.5,00:17,0.0,24:00,25.5,32.0,13:22,22.5,05:48,27.4,85.0,59.0,13:29,https://www.data.jma.go.jp/stats/etrn/view/daily_a1.php?block_no=0402&day=&month=09&prec_no=48&view=a1s&year=2024,D:\CQUPT\self_file\competition\gjsschool2026\B题\赛题主要文件夹\问题四\外部数据抓取\raw\weather_html\jma_0402_48_2024_09_8f5d0f0402.html
jma_0402_48,48,0402,2024,9,17,2024-09-17,,,,,0.0,0.0,24:00,0.0,24:00,26.6,33.6,13:30,22.0,06:02,28.1,82.0,52.0,13:09,https://www.data.jma.go.jp/stats/etrn/view/daily_a1.php?block_no=0402&day=&month=09&prec_no=48&view=a1s&year=2024,D:\CQUPT\self_file\competition\gjsschool2026\B题\赛题主要文件夹\问题四\外部数据抓取\raw\weather_html\jma_0402_48_2024_09_8f5d0f0402.html
jma_0402_48,48,0402,2024,9,18,2024-09-18,,,,,12.0,6.5,17:52,1.5,17:52,25.1,32.7,13:43,22.4,22:50,29.3,93.0,66.0,13:49,https://www.data.jma.go.jp/stats/etrn/view/daily_a1.php?block_no=0402&day=&month=09&prec_no=48&view=a1s&year=2024,D:\CQUPT\self_file\competition\gjsschool2026\B题\赛题主要文件夹\问题四\外部数据抓取\raw\weather_html\jma_0402_48_2024_09_8f5d0f0402.html
jma_0402_48,48,0402,2024,9,19,2024-09-19,,,,,5.5,4.5,06:47,1.0,06:37,23.6,26.8,14:13,21.7,04:41,28.0,96.0,85.0,14:26,https://www.data.jma.go.jp/stats/etrn/view/daily_a1.php?block_no=0402&day=&month=09&prec_no=48&view=a1s&year=2024,D:\CQUPT\self_file\competition\gjsschool2026\B题\赛题主要文件夹\问题四\外部数据抓取\raw\weather_html\jma_0402_48_2024_09_8f5d0f0402.html
jma_0402_48,48,0402,2024,9,20,2024-09-20,,,,,0.0,0.0,24:00,0.0,24:00,26.3,34.5,15:46,20.7,04:45,26.5,80.0,44.0,15:45,https://www.data.jma.go.jp/stats/etrn/view/daily_a1.php?block_no=0402&day=&month=09&prec_no=48&view=a1s&year=2024,D:\CQUPT\self_file\competition\gjsschool2026\B题\赛题主要文件夹\问题四\外部数据抓取\raw\weather_html\jma_0402_48_2024_09_8f5d0f0402.html
jma_0402_48,48,0402,2024,9,21,2024-09-21,,,,,0.0,0.0,24:00,0.0,24:00,25.1,27.8,13:55,22.1,23:17,24.9,79.0,61.0,10:11,https://www.data.jma.go.jp/stats/etrn/view/daily_a1.php?block_no=0402&day=&month=09&prec_no=48&view=a1s&year=2024,D:\CQUPT\self_file\competition\gjsschool2026\B题\赛题主要文件夹\问题四\外部数据抓取\raw\weather_html\jma_0402_48_2024_09_8f5d0f0402.html
jma_0402_48,48,0402,2024,9,22,2024-09-22,,,,,2.0,2.0,09:49,1.0,09:22,23.3,30.9,12:02,18.5,24:00,23.3,81.0,64.0,15:30,https://www.data.jma.go.jp/stats/etrn/view/daily_a1.php?block_no=0402&day=&month=09&prec_no=48&view=a1s&year=2024,D:\CQUPT\self_file\competition\gjsschool2026\B题\赛题主要文件夹\问题四\外部数据抓取\raw\weather_html\jma_0402_48_2024_09_8f5d0f0402.html
jma_0402_48,48,0402,2024,9,23,2024-09-23,,,,,0.0,0.0,24:00,0.0,24:00,20.2,26.3,11:31,15.4,05:57,17.3,74.0,50.0,11:56,https://www.data.jma.go.jp/stats/etrn/view/daily_a1.php?block_no=0402&day=&month=09&prec_no=48&view=a1s&year=2024,D:\CQUPT\self_file\competition\gjsschool2026\B题\赛题主要文件夹\问题四\外部数据抓取\raw\weather_html\jma_0402_48_2024_09_8f5d0f0402.html
jma_0402_48,48,0402,2024,9,24,2024-09-24,,,,,0.0,0.0,24:00,0.0,24:00,18.0,21.6,13:07,15.3,06:10,14.4,70.0,55.0,16:11,https://www.data.jma.go.jp/stats/etrn/view/daily_a1.php?block_no=0402&day=&month=09&prec_no=48&view=a1s&year=2024,D:\CQUPT\self_file\competition\gjsschool2026\B题\赛题主要文件夹\问题四\外部数据抓取\raw\weather_html\jma_0402_48_2024_09_8f5d0f0402.html
jma_0402_48,48,0402,2024,9,25,2024-09-25,,,,,0.0,0.0,24:00,0.0,24:00,19.2,24.8,15:02,14.0,06:12,15.0,69.0,46.0,14:04,https://www.data.jma.go.jp/stats/etrn/view/daily_a1.php?block_no=0402&day=&month=09&prec_no=48&view=a1s&year=2024,D:\CQUPT\self_file\competition\gjsschool2026\B题\赛题主要文件夹\问题四\外部数据抓取\raw\weather_html\jma_0402_48_2024_09_8f5d0f0402.html
jma_0402_48,48,0402,2024,9,26,2024-09-26,,,,,0.0,0.0,24:00,0.0,24:00,22.1,31.2,14:03,17.2,05:08,20.6,79.0,47.0,14:06,https://www.data.jma.go.jp/stats/etrn/view/daily_a1.php?block_no=0402&day=&month=09&prec_no=48&view=a1s&year=2024,D:\CQUPT\self_file\competition\gjsschool2026\B题\赛题主要文件夹\问题四\外部数据抓取\raw\weather_html\jma_0402_48_2024_09_8f5d0f0402.html
jma_0402_48,48,0402,2024,9,27,2024-09-27,,,,,0.0,0.0,24:00,0.0,24:00,22.6,27.6,14:04,19.4,02:05,23.1,85.0,61.0,15:44,https://www.data.jma.go.jp/stats/etrn/view/daily_a1.php?block_no=0402&day=&month=09&prec_no=48&view=a1s&year=2024,D:\CQUPT\self_file\competition\gjsschool2026\B题\赛题主要文件夹\问题四\外部数据抓取\raw\weather_html\jma_0402_48_2024_09_8f5d0f0402.html
jma_0402_48,48,0402,2024,9,28,2024-09-28,,,,,0.0,0.0,24:00,0.0,24:00,21.9,26.8,11:59,19.5,02:16,22.1,85.0,66.0,12:00,https://www.data.jma.go.jp/stats/etrn/view/daily_a1.php?block_no=0402&day=&month=09&prec_no=48&view=a1s&year=2024,D:\CQUPT\self_file\competition\gjsschool2026\B题\赛题主要文件夹\问题四\外部数据抓取\raw\weather_html\jma_0402_48_2024_09_8f5d0f0402.html
jma_0402_48,48,0402,2024,9,29,2024-09-29,,,,,0.5,0.5,09:28,0.5,08:38,20.0,22.8,12:34,17.8,07:52,20.1,86.0,70.0,14:11,https://www.data.jma.go.jp/stats/etrn/view/daily_a1.php?block_no=0402&day=&month=09&prec_no=48&view=a1s&year=2024,D:\CQUPT\self_file\competition\gjsschool2026\B题\赛题主要文件夹\问题四\外部数据抓取\raw\weather_html\jma_0402_48_2024_09_8f5d0f0402.html
jma_0402_48,48,0402,2024,9,30,2024-09-30,,,,,0.0,0.0,24:00,0.0,24:00,20.8,25.5,13:51,18.0,05:55,17.3,71.0,55.0,14:31,https://www.data.jma.go.jp/stats/etrn/view/daily_a1.php?block_no=0402&day=&month=09&prec_no=48&view=a1s&year=2024,D:\CQUPT\self_file\competition\gjsschool2026\B题\赛题主要文件夹\问题四\外部数据抓取\raw\weather_html\jma_0402_48_2024_09_8f5d0f0402.html
jma_0402_48,48,0402,2024,10,1,2024-10-01,,,,,0.0,0.0,24:00,0.0,24:00,21.3,29.8,14:39,15.3,05:32,18.2,73.0,45.0,14:40,https://www.data.jma.go.jp/stats/etrn/view/daily_a1.php?block_no=0402&day=&month=10&prec_no=48&view=a1s&year=2024,D:\CQUPT\self_file\competition\gjsschool2026\B题\赛题主要文件夹\问题四\外部数据抓取\raw\weather_html\jma_0402_48_2024_10_2c15c69830.html
jma_0402_48,48,0402,2024,10,2,2024-10-02,,,,,0.0,0.0,24:00,0.0,24:00,21.0,31.3,14:06,14.7,06:05,17.3,73.0,33.0,13:52,https://www.data.jma.go.jp/stats/etrn/view/daily_a1.php?block_no=0402&day=&month=10&prec_no=48&view=a1s&year=2024,D:\CQUPT\self_file\competition\gjsschool2026\B题\赛题主要文件夹\问题四\外部数据抓取\raw\weather_html\jma_0402_48_2024_10_2c15c69830.html
jma_0402_48,48,0402,2024,10,3,2024-10-03,,,,,1.5,1.0,17:26,0.5,19:45,19.4,22.7,10:07,16.2,05:09,18.4,81.0,63.0,10:52,https://www.data.jma.go.jp/stats/etrn/view/daily_a1.php?block_no=0402&day=&month=10&prec_no=48&view=a1s&year=2024,D:\CQUPT\self_file\competition\gjsschool2026\B题\赛题主要文件夹\问题四\外部数据抓取\raw\weather_html\jma_0402_48_2024_10_2c15c69830.html
jma_0402_48,48,0402,2024,10,4,2024-10-04,,,,,1.0,0.5,17:10,0.5,16:20,21.2,26.6,13:10,17.3,24:00,21.8,86.0,64.0,13:10,https://www.data.jma.go.jp/stats/etrn/view/daily_a1.php?block_no=0402&day=&month=10&prec_no=48&view=a1s&year=2024,D:\CQUPT\self_file\competition\gjsschool2026\B题\赛题主要文件夹\问题四\外部数据抓取\raw\weather_html\jma_0402_48_2024_10_2c15c69830.html
jma_0402_48,48,0402,2024,10,5,2024-10-05,,,,,0.0,0.0,24:00,0.0,24:00,19.2,22.5,13:55,16.9,06:22,18.4,83.0,67.0,14:04,https://www.data.jma.go.jp/stats/etrn/view/daily_a1.php?block_no=0402&day=&month=10&prec_no=48&view=a1s&year=2024,D:\CQUPT\self_file\competition\gjsschool2026\B题\赛题主要文件夹\问题四\外部数据抓取\raw\weather_html\jma_0402_48_2024_10_2c15c69830.html
jma_0402_48,48,0402,2024,10,6,2024-10-06,,,,,0.0,0.0,24:00,0.0,24:00,21.2,27.7,12:40,17.3,05:36,20.2,81.0,57.0,14:13,https://www.data.jma.go.jp/stats/etrn/view/daily_a1.php?block_no=0402&day=&month=10&prec_no=48&view=a1s&year=2024,D:\CQUPT\self_file\competition\gjsschool2026\B题\赛题主要文件夹\问题四\外部数据抓取\raw\weather_html\jma_0402_48_2024_10_2c15c69830.html
jma_0402_48,48,0402,2024,10,7,2024-10-07,,,,,8.0,4.5,18:21,1.5,18:02,21.0,29.2,14:15,17.2,24:00,20.3,84.0,52.0,14:33,https://www.data.jma.go.jp/stats/etrn/view/daily_a1.php?block_no=0402&day=&month=10&prec_no=48&view=a1s&year=2024,D:\CQUPT\self_file\competition\gjsschool2026\B题\赛题主要文件夹\问题四\外部数据抓取\raw\weather_html\jma_0402_48_2024_10_2c15c69830.html
jma_0402_48,48,0402,2024,10,8,2024-10-08,,,,,20.0,5.0,21:17,1.5,20:41,15.3,17.3,01:47,12.9,22:29,17.1,98.0,86.0,11:18,https://www.data.jma.go.jp/stats/etrn/view/daily_a1.php?block_no=0402&day=&month=10&prec_no=48&view=a1s&year=2024,D:\CQUPT\self_file\competition\gjsschool2026\B题\赛题主要文件夹\问题四\外部数据抓取\raw\weather_html\jma_0402_48_2024_10_2c15c69830.html
jma_0402_48,48,0402,2024,10,9,2024-10-09,,,,,25.5,6.5,05:30,1.5,05:24,14.1,19.1,14:59,10.8,24:00,14.8,93.0,61.0,16:31,https://www.data.jma.go.jp/stats/etrn/view/daily_a1.php?block_no=0402&day=&month=10&prec_no=48&view=a1s&year=2024,D:\CQUPT\self_file\competition\gjsschool2026\B题\赛题主要文件夹\问题四\外部数据抓取\raw\weather_html\jma_0402_48_2024_10_2c15c69830.html
jma_0402_48,48,0402,2024,10,10,2024-10-10,,,,,0.0,0.0,24:00,0.0,24:00,15.6,21.7,13:37,10.8,00:02,13.4,77.0,49.0,12:24,https://www.data.jma.go.jp/stats/etrn/view/daily_a1.php?block_no=0402&day=&month=10&prec_no=48&view=a1s&year=2024,D:\CQUPT\self_file\competition\gjsschool2026\B题\赛题主要文件夹\问题四\外部数据抓取\raw\weather_html\jma_0402_48_2024_10_2c15c69830.html
jma_0402_48,48,0402,2024,10,11,2024-10-11,,,,,0.0,0.0,24:00,0.0,24:00,17.1,24.2,13:36,11.5,05:36,14.1,75.0,42.0,13:52,https://www.data.jma.go.jp/stats/etrn/view/daily_a1.php?block_no=0402&day=&month=10&prec_no=48&view=a1s&year=2024,D:\CQUPT\self_file\competition\gjsschool2026\B题\赛题主要文件夹\问题四\外部数据抓取\raw\weather_html\jma_0402_48_2024_10_2c15c69830.html
jma_0402_48,48,0402,2024,10,12,2024-10-12,,,,,0.0,0.0,24:00,0.0,24:00,17.8,25.1,13:08,13.1,05:05,14.9,76.0,41.0,14:50,https://www.data.jma.go.jp/stats/etrn/view/daily_a1.php?block_no=0402&day=&month=10&prec_no=48&view=a1s&year=2024,D:\CQUPT\self_file\competition\gjsschool2026\B题\赛题主要文件夹\问题四\外部数据抓取\raw\weather_html\jma_0402_48_2024_10_2c15c69830.html
jma_0402_48,48,0402,2024,10,13,2024-10-13,,,,,0.0,0.0,24:00,0.0,24:00,17.3,24.6,14:26,12.9,24:00,14.4,76.0,39.0,13:59,https://www.data.jma.go.jp/stats/etrn/view/daily_a1.php?block_no=0402&day=&month=10&prec_no=48&view=a1s&year=2024,D:\CQUPT\self_file\competition\gjsschool2026\B题\赛题主要文件夹\问题四\外部数据抓取\raw\weather_html\jma_0402_48_2024_10_2c15c69830.html
jma_0402_48,48,0402,2024,10,14,2024-10-14,,,,,0.0,0.0,24:00,0.0,24:00,16.1,23.8,13:37,10.0,06:08,13.1,74.0,41.0,12:50,https://www.data.jma.go.jp/stats/etrn/view/daily_a1.php?block_no=0402&day=&month=10&prec_no=48&view=a1s&year=2024,D:\CQUPT\self_file\competition\gjsschool2026\B题\赛题主要文件夹\问题四\外部数据抓取\raw\weather_html\jma_0402_48_2024_10_2c15c69830.html
jma_0402_48,48,0402,2024,10,15,2024-10-15,,,,,0.0,0.0,24:00,0.0,24:00,17.9,24.3,12:46,11.6,06:12,15.1,75.0,50.0,12:37,https://www.data.jma.go.jp/stats/etrn/view/daily_a1.php?block_no=0402&day=&month=10&prec_no=48&view=a1s&year=2024,D:\CQUPT\self_file\competition\gjsschool2026\B题\赛题主要文件夹\问题四\外部数据抓取\raw\weather_html\jma_0402_48_2024_10_2c15c69830.html
jma_0402_48,48,0402,2024,10,16,2024-10-16,,,,,0.0,0.0,24:00,0.0,24:00,18.7,22.7,12:50,15.3,06:20,18.0,84.0,67.0,12:58,https://www.data.jma.go.jp/stats/etrn/view/daily_a1.php?block_no=0402&day=&month=10&prec_no=48&view=a1s&year=2024,D:\CQUPT\self_file\competition\gjsschool2026\B题\赛题主要文件夹\问题四\外部数据抓取\raw\weather_html\jma_0402_48_2024_10_2c15c69830.html
jma_0402_48,48,0402,2024,10,17,2024-10-17,,,,,0.0,0.0,24:00,0.0,24:00,20.6,27.8,14:43,17.2,01:21,18.8,79.0,49.0,14:45,https://www.data.jma.go.jp/stats/etrn/view/daily_a1.php?block_no=0402&day=&month=10&prec_no=48&view=a1s&year=2024,D:\CQUPT\self_file\competition\gjsschool2026\B题\赛题主要文件夹\问题四\外部数据抓取\raw\weather_html\jma_0402_48_2024_10_2c15c69830.html
jma_0402_48,48,0402,2024,10,18,2024-10-18,,,,,0.0,0.0,24:00,0.0,24:00,20.2,24.0,12:20,16.6,02:29,19.6,84.0,66.0,13:13,https://www.data.jma.go.jp/stats/etrn/view/daily_a1.php?block_no=0402&day=&month=10&prec_no=48&view=a1s&year=2024,D:\CQUPT\self_file\competition\gjsschool2026\B题\赛题主要文件夹\问题四\外部数据抓取\raw\weather_html\jma_0402_48_2024_10_2c15c69830.html
jma_0402_48,48,0402,2024,10,19,2024-10-19,,,,,9.5,6.5,18:30,3.5,18:01,20.6,26.5,14:24,14.9,24:00,19.0,78.0,56.0,14:26,https://www.data.jma.go.jp/stats/etrn/view/daily_a1.php?block_no=0402&day=&month=10&prec_no=48&view=a1s&year=2024,D:\CQUPT\self_file\competition\gjsschool2026\B题\赛题主要文件夹\问题四\外部数据抓取\raw\weather_html\jma_0402_48_2024_10_2c15c69830.html
jma_0402_48,48,0402,2024,10,20,2024-10-20,,,,,0.0,0.0,24:00,0.0,24:00,11.5,16.2,13:03,6.3,23:51,8.8,66.0,44.0,13:04,https://www.data.jma.go.jp/stats/etrn/view/daily_a1.php?block_no=0402&day=&month=10&prec_no=48&view=a1s&year=2024,D:\CQUPT\self_file\competition\gjsschool2026\B题\赛题主要文件夹\问题四\外部数据抓取\raw\weather_html\jma_0402_48_2024_10_2c15c69830.html
jma_0402_48,48,0402,2024,10,21,2024-10-21,,,,,0.0,0.0,24:00,0.0,24:00,11.6,19.4,14:09,4.7,06:09,9.2,70.0,40.0,13:44,https://www.data.jma.go.jp/stats/etrn/view/daily_a1.php?block_no=0402&day=&month=10&prec_no=48&view=a1s&year=2024,D:\CQUPT\self_file\competition\gjsschool2026\B题\赛题主要文件夹\问题四\外部数据抓取\raw\weather_html\jma_0402_48_2024_10_2c15c69830.html
jma_0402_48,48,0402,2024,10,22,2024-10-22,,,,,0.0,0.0,24:00,0.0,24:00,14.4,22.2,13:18,6.5,05:55,11.8,73.0,44.0,13:26,https://www.data.jma.go.jp/stats/etrn/view/daily_a1.php?block_no=0402&day=&month=10&prec_no=48&view=a1s&year=2024,D:\CQUPT\self_file\competition\gjsschool2026\B题\赛题主要文件夹\问题四\外部数据抓取\raw\weather_html\jma_0402_48_2024_10_2c15c69830.html
jma_0402_48,48,0402,2024,10,23,2024-10-23,,,,,3.0,1.5,20:01,0.5,19:58,19.0,25.6,13:39,15.8,04:11,18.8,85.0,61.0,13:48,https://www.data.jma.go.jp/stats/etrn/view/daily_a1.php?block_no=0402&day=&month=10&prec_no=48&view=a1s&year=2024,D:\CQUPT\self_file\competition\gjsschool2026\B题\赛题主要文件夹\问题四\外部数据抓取\raw\weather_html\jma_0402_48_2024_10_2c15c69830.html
jma_0402_48,48,0402,2024,10,24,2024-10-24,,,,,0.0,0.0,24:00,0.0,24:00,17.2,21.5,10:55,15.2,05:46,17.0,87.0,69.0,14:10,https://www.data.jma.go.jp/stats/etrn/view/daily_a1.php?block_no=0402&day=&month=10&prec_no=48&view=a1s&year=2024,D:\CQUPT\self_file\competition\gjsschool2026\B题\赛题主要文件夹\问题四\外部数据抓取\raw\weather_html\jma_0402_48_2024_10_2c15c69830.html
jma_0402_48,48,0402,2024,10,25,2024-10-25,,,,,0.0,0.0,24:00,0.0,24:00,16.3,21.6,13:19,13.2,06:56,15.2,83.0,60.0,13:44,https://www.data.jma.go.jp/stats/etrn/view/daily_a1.php?block_no=0402&day=&month=10&prec_no=48&view=a1s&year=2024,D:\CQUPT\self_file\competition\gjsschool2026\B题\赛题主要文件夹\问题四\外部数据抓取\raw\weather_html\jma_0402_48_2024_10_2c15c69830.html
jma_0402_48,48,0402,2024,10,26,2024-10-26,,,,,0.0,0.0,24:00,0.0,24:00,15.3,20.0,14:23,12.3,23:48,15.1,87.0,67.0,15:29,https://www.data.jma.go.jp/stats/etrn/view/daily_a1.php?block_no=0402&day=&month=10&prec_no=48&view=a1s&year=2024,D:\CQUPT\self_file\competition\gjsschool2026\B题\赛题主要文件夹\问题四\外部数据抓取\raw\weather_html\jma_0402_48_2024_10_2c15c69830.html
jma_0402_48,48,0402,2024,10,27,2024-10-27,,,,,0.0,0.0,24:00,0.0,24:00,15.4,22.3,13:31,9.7,05:37,14.4,83.0,58.0,13:33,https://www.data.jma.go.jp/stats/etrn/view/daily_a1.php?block_no=0402&day=&month=10&prec_no=48&view=a1s&year=2024,D:\CQUPT\self_file\competition\gjsschool2026\B题\赛题主要文件夹\问题四\外部数据抓取\raw\weather_html\jma_0402_48_2024_10_2c15c69830.html
jma_0402_48,48,0402,2024,10,28,2024-10-28,,,,,16.0,6.0,03:46,2.0,03:09,14.1,16.1,15:41,12.5,24:00,15.2,94.0,81.0,18:43,https://www.data.jma.go.jp/stats/etrn/view/daily_a1.php?block_no=0402&day=&month=10&prec_no=48&view=a1s&year=2024,D:\CQUPT\self_file\competition\gjsschool2026\B题\赛题主要文件夹\问题四\外部数据抓取\raw\weather_html\jma_0402_48_2024_10_2c15c69830.html
jma_0402_48,48,0402,2024,10,29,2024-10-29,,,,,25.0,6.5,22:47,1.5,22:24,12.0,16.4,10:26,10.6,19:08,12.5,89.0,67.0,11:31,https://www.data.jma.go.jp/stats/etrn/view/daily_a1.php?block_no=0402&day=&month=10&prec_no=48&view=a1s&year=2024,D:\CQUPT\self_file\competition\gjsschool2026\B题\赛题主要文件夹\问题四\外部数据抓取\raw\weather_html\jma_0402_48_2024_10_2c15c69830.html
jma_0402_48,48,0402,2024,10,30,2024-10-30,,,,,22.5,8.5,04:46,2.5,03:54,12.7,19.0,12:36,8.6,23:48,12.7,87.0,62.0,16:44,https://www.data.jma.go.jp/stats/etrn/view/daily_a1.php?block_no=0402&day=&month=10&prec_no=48&view=a1s&year=2024,D:\CQUPT\self_file\competition\gjsschool2026\B题\赛题主要文件夹\问题四\外部数据抓取\raw\weather_html\jma_0402_48_2024_10_2c15c69830.html
jma_0402_48,48,0402,2024,10,31,2024-10-31,,,,,0.0,0.0,24:00,0.0,24:00,10.9,18.4,14:50,6.6,04:23,10.8,84.0,50.0,14:23,https://www.data.jma.go.jp/stats/etrn/view/daily_a1.php?block_no=0402&day=&month=10&prec_no=48&view=a1s&year=2024,D:\CQUPT\self_file\competition\gjsschool2026\B题\赛题主要文件夹\问题四\外部数据抓取\raw\weather_html\jma_0402_48_2024_10_2c15c69830.html
jma_0402_48,48,0402,2024,11,1,2024-11-01,,,,,4.5,2.0,23:53,0.5,23:57,11.8,16.7,13:45,6.2,06:17,12.7,91.0,68.0,15:29,https://www.data.jma.go.jp/stats/etrn/view/daily_a1.php?block_no=0402&day=&month=11&prec_no=48&view=a1s&year=2024,D:\CQUPT\self_file\competition\gjsschool2026\B题\赛题主要文件夹\问题四\外部数据抓取\raw\weather_html\jma_0402_48_2024_11_f9b43ca1e0.html
jma_0402_48,48,0402,2024,11,2,2024-11-02,,,,,66.5,14.0,14:43,3.0,14:19,14.0,15.7,22:23,12.9,03:22,15.7,98.0,79.0,22:30,https://www.data.jma.go.jp/stats/etrn/view/daily_a1.php?block_no=0402&day=&month=11&prec_no=48&view=a1s&year=2024,D:\CQUPT\self_file\competition\gjsschool2026\B题\赛题主要文件夹\问题四\外部数据抓取\raw\weather_html\jma_0402_48_2024_11_f9b43ca1e0.html
jma_0402_48,48,0402,2024,11,3,2024-11-03,,,,,0.0,0.0,24:00,0.0,24:00,13.0,18.2,14:18,7.2,24:00,10.4,71.0,43.0,12:09,https://www.data.jma.go.jp/stats/etrn/view/daily_a1.php?block_no=0402&day=&month=11&prec_no=48&view=a1s&year=2024,D:\CQUPT\self_file\competition\gjsschool2026\B题\赛题主要文件夹\问题四\外部数据抓取\raw\weather_html\jma_0402_48_2024_11_f9b43ca1e0.html
jma_0402_48,48,0402,2024,11,4,2024-11-04,,,,,0.0,0.0,24:00,0.0,24:00,11.8,23.3,14:46,3.9,06:27,11.1,82.0,42.0,15:04,https://www.data.jma.go.jp/stats/etrn/view/daily_a1.php?block_no=0402&day=&month=11&prec_no=48&view=a1s&year=2024,D:\CQUPT\self_file\competition\gjsschool2026\B题\赛题主要文件夹\问题四\外部数据抓取\raw\weather_html\jma_0402_48_2024_11_f9b43ca1e0.html
jma_0402_48,48,0402,2024,11,5,2024-11-05,,,,,1.0,1.0,24:00,0.5,24:00,12.1,17.4,12:32,9.2,01:33,11.1,79.0,55.0,12:34,https://www.data.jma.go.jp/stats/etrn/view/daily_a1.php?block_no=0402&day=&month=11&prec_no=48&view=a1s&year=2024,D:\CQUPT\self_file\competition\gjsschool2026\B题\赛题主要文件夹\问题四\外部数据抓取\raw\weather_html\jma_0402_48_2024_11_f9b43ca1e0.html
jma_0402_48,48,0402,2024,11,6,2024-11-06,,,,,3.0,1.0,05:39,0.5,05:30,10.0,15.2,13:34,6.8,22:58,10.3,85.0,58.0,14:29,https://www.data.jma.go.jp/stats/etrn/view/daily_a1.php?block_no=0402&day=&month=11&prec_no=48&view=a1s&year=2024,D:\CQUPT\self_file\competition\gjsschool2026\B题\赛题主要文件夹\问题四\外部数据抓取\raw\weather_html\jma_0402_48_2024_11_f9b43ca1e0.html
jma_0402_48,48,0402,2024,11,7,2024-11-07,,,,,0.0,0.0,24:00,0.0,24:00,7.2,12.2,12:21,3.3,23:50,7.0,69.0,46.0,13:42,https://www.data.jma.go.jp/stats/etrn/view/daily_a1.php?block_no=0402&day=&month=11&prec_no=48&view=a1s&year=2024,D:\CQUPT\self_file\competition\gjsschool2026\B题\赛题主要文件夹\问题四\外部数据抓取\raw\weather_html\jma_0402_48_2024_11_f9b43ca1e0.html
jma_0402_48,48,0402,2024,11,8,2024-11-08,,,,,0.0,0.0,24:00,0.0,24:00,6.4,13.7,13:49,1.2,06:15,6.9,74.0,42.0,15:06,https://www.data.jma.go.jp/stats/etrn/view/daily_a1.php?block_no=0402&day=&month=11&prec_no=48&view=a1s&year=2024,D:\CQUPT\self_file\competition\gjsschool2026\B题\赛题主要文件夹\问题四\外部数据抓取\raw\weather_html\jma_0402_48_2024_11_f9b43ca1e0.html
jma_0402_48,48,0402,2024,11,9,2024-11-09,,,,,0.0,0.0,24:00,0.0,24:00,6.1,14.9,14:58,1.5,02:47,7.1,77.0,43.0,15:07,https://www.data.jma.go.jp/stats/etrn/view/daily_a1.php?block_no=0402&day=&month=11&prec_no=48&view=a1s&year=2024,D:\CQUPT\self_file\competition\gjsschool2026\B题\赛题主要文件夹\问题四\外部数据抓取\raw\weather_html\jma_0402_48_2024_11_f9b43ca1e0.html
jma_0402_48,48,0402,2024,11,10,2024-11-10,,,,,0.0,0.0,24:00,0.0,24:00,9.7,20.3,14:23,0.3,06:31,9.5,79.0,49.0,14:36,https://www.data.jma.go.jp/stats/etrn/view/daily_a1.php?block_no=0402&day=&month=11&prec_no=48&view=a1s&year=2024,D:\CQUPT\self_file\competition\gjsschool2026\B题\赛题主要文件夹\问题四\外部数据抓取\raw\weather_html\jma_0402_48_2024_11_f9b43ca1e0.html
jma_0402_48,48,0402,2024,11,11,2024-11-11,,,,,0.0,0.0,24:00,0.0,24:00,13.2,20.9,12:57,8.0,23:14,12.0,81.0,49.0,14:28,https://www.data.jma.go.jp/stats/etrn/view/daily_a1.php?block_no=0402&day=&month=11&prec_no=48&view=a1s&year=2024,D:\CQUPT\self_file\competition\gjsschool2026\B题\赛题主要文件夹\问题四\外部数据抓取\raw\weather_html\jma_0402_48_2024_11_f9b43ca1e0.html
jma_0402_48,48,0402,2024,11,12,2024-11-12,,,,,0.0,0.0,24:00,0.0,24:00,11.3,19.5,14:55,6.6,03:21,11.1,84.0,54.0,14:23,https://www.data.jma.go.jp/stats/etrn/view/daily_a1.php?block_no=0402&day=&month=11&prec_no=48&view=a1s&year=2024,D:\CQUPT\self_file\competition\gjsschool2026\B题\赛题主要文件夹\问题四\外部数据抓取\raw\weather_html\jma_0402_48_2024_11_f9b43ca1e0.html
jma_0402_48,48,0402,2024,11,13,2024-11-13,,,,,0.0,0.0,24:00,0.0,24:00,12.3,17.8,14:08,7.6,01:22,9.9,71.0,42.0,13:58,https://www.data.jma.go.jp/stats/etrn/view/daily_a1.php?block_no=0402&day=&month=11&prec_no=48&view=a1s&year=2024,D:\CQUPT\self_file\competition\gjsschool2026\B题\赛题主要文件夹\问题四\外部数据抓取\raw\weather_html\jma_0402_48_2024_11_f9b43ca1e0.html
jma_0402_48,48,0402,2024,11,14,2024-11-14,,,,,0.0,0.0,24:00,0.0,24:00,12.9,18.3,12:02,9.1,04:43,10.6,72.0,50.0,12:03,https://www.data.jma.go.jp/stats/etrn/view/daily_a1.php?block_no=0402&day=&month=11&prec_no=48&view=a1s&year=2024,D:\CQUPT\self_file\competition\gjsschool2026\B题\赛题主要文件夹\问题四\外部数据抓取\raw\weather_html\jma_0402_48_2024_11_f9b43ca1e0.html
jma_0402_48,48,0402,2024,11,15,2024-11-15,,,,,0.5,0.5,05:59,0.5,05:09,13.1,19.8,14:18,10.6,06:43,13.2,88.0,62.0,14:36,https://www.data.jma.go.jp/stats/etrn/view/daily_a1.php?block_no=0402&day=&month=11&prec_no=48&view=a1s&year=2024,D:\CQUPT\self_file\competition\gjsschool2026\B题\赛题主要文件夹\问题四\外部数据抓取\raw\weather_html\jma_0402_48_2024_11_f9b43ca1e0.html
jma_0402_48,48,0402,2024,11,16,2024-11-16,,,,,0.0,0.0,24:00,0.0,24:00,14.4,18.9,10:19,11.2,03:47,12.3,77.0,49.0,10:21,https://www.data.jma.go.jp/stats/etrn/view/daily_a1.php?block_no=0402&day=&month=11&prec_no=48&view=a1s&year=2024,D:\CQUPT\self_file\competition\gjsschool2026\B题\赛题主要文件夹\问题四\外部数据抓取\raw\weather_html\jma_0402_48_2024_11_f9b43ca1e0.html
jma_0402_48,48,0402,2024,11,17,2024-11-17,,,,,1.5,1.0,23:13,1.0,22:23,14.8,21.9,13:15,10.1,07:00,13.1,79.0,57.0,13:21,https://www.data.jma.go.jp/stats/etrn/view/daily_a1.php?block_no=0402&day=&month=11&prec_no=48&view=a1s&year=2024,D:\CQUPT\self_file\competition\gjsschool2026\B题\赛题主要文件夹\问题四\外部数据抓取\raw\weather_html\jma_0402_48_2024_11_f9b43ca1e0.html
jma_0402_48,48,0402,2024,11,18,2024-11-18,,,,,0.0,0.5,00:23,0.0,24:00,7.9,11.7,13:42,3.7,23:54,7.1,66.0,50.0,13:43,https://www.data.jma.go.jp/stats/etrn/view/daily_a1.php?block_no=0402&day=&month=11&prec_no=48&view=a1s&year=2024,D:\CQUPT\self_file\competition\gjsschool2026\B题\赛题主要文件夹\问题四\外部数据抓取\raw\weather_html\jma_0402_48_2024_11_f9b43ca1e0.html
jma_0402_48,48,0402,2024,11,19,2024-11-19,,,,,0.0,0.0,24:00,0.0,24:00,3.6,9.1,13:37,0.7,22:57,5.5,71.0,47.0,13:52,https://www.data.jma.go.jp/stats/etrn/view/daily_a1.php?block_no=0402&day=&month=11&prec_no=48&view=a1s&year=2024,D:\CQUPT\self_file\competition\gjsschool2026\B题\赛题主要文件夹\问题四\外部数据抓取\raw\weather_html\jma_0402_48_2024_11_f9b43ca1e0.html
jma_0402_48,48,0402,2024,11,20,2024-11-20,,,,,0.0,0.0,24:00,0.0,24:00,4.6,9.7,13:00,-0.6,07:00,7.0,82.0,55.0,12:39,https://www.data.jma.go.jp/stats/etrn/view/daily_a1.php?block_no=0402&day=&month=11&prec_no=48&view=a1s&year=2024,D:\CQUPT\self_file\competition\gjsschool2026\B题\赛题主要文件夹\问题四\外部数据抓取\raw\weather_html\jma_0402_48_2024_11_f9b43ca1e0.html
jma_0402_48,48,0402,2024,11,21,2024-11-21,,,,,0.0,0.0,24:00,0.0,24:00,8.7,15.6,13:43,3.7,24:00,8.1,74.0,39.0,14:05,https://www.data.jma.go.jp/stats/etrn/view/daily_a1.php?block_no=0402&day=&month=11&prec_no=48&view=a1s&year=2024,D:\CQUPT\self_file\competition\gjsschool2026\B题\赛题主要文件夹\问题四\外部数据抓取\raw\weather_html\jma_0402_48_2024_11_f9b43ca1e0.html
jma_0402_48,48,0402,2024,11,22,2024-11-22,,,,,0.0,0.0,24:00,0.0,24:00,5.6,13.6,12:29,0.0,06:25,7.5,83.0,55.0,12:39,https://www.data.jma.go.jp/stats/etrn/view/daily_a1.php?block_no=0402&day=&month=11&prec_no=48&view=a1s&year=2024,D:\CQUPT\self_file\competition\gjsschool2026\B题\赛题主要文件夹\问题四\外部数据抓取\raw\weather_html\jma_0402_48_2024_11_f9b43ca1e0.html
jma_0402_48,48,0402,2024,11,23,2024-11-23,,,,,0.0,0.0,24:00,0.0,24:00,5.7,11.8,13:11,2.0,23:47,6.5,73.0,41.0,12:02,https://www.data.jma.go.jp/stats/etrn/view/daily_a1.php?block_no=0402&day=&month=11&prec_no=48&view=a1s&year=2024,D:\CQUPT\self_file\competition\gjsschool2026\B题\赛题主要文件夹\问题四\外部数据抓取\raw\weather_html\jma_0402_48_2024_11_f9b43ca1e0.html
jma_0402_48,48,0402,2024,11,24,2024-11-24,,,,,0.0,0.0,24:00,0.0,24:00,5.3,10.9,13:56,1.0,02:27,6.5,74.0,44.0,15:01,https://www.data.jma.go.jp/stats/etrn/view/daily_a1.php?block_no=0402&day=&month=11&prec_no=48&view=a1s&year=2024,D:\CQUPT\self_file\competition\gjsschool2026\B题\赛题主要文件夹\问题四\外部数据抓取\raw\weather_html\jma_0402_48_2024_11_f9b43ca1e0.html
jma_0402_48,48,0402,2024,11,25,2024-11-25,,,,,0.0,0.0,24:00,0.0,24:00,4.8,11.7,14:36,-0.2,05:07,6.0,73.0,43.0,14:28,https://www.data.jma.go.jp/stats/etrn/view/daily_a1.php?block_no=0402&day=&month=11&prec_no=48&view=a1s&year=2024,D:\CQUPT\self_file\competition\gjsschool2026\B题\赛题主要文件夹\问题四\外部数据抓取\raw\weather_html\jma_0402_48_2024_11_f9b43ca1e0.html
jma_0402_48,48,0402,2024,11,26,2024-11-26,,,,,11.5,7.5,23:10,2.5,22:59,6.6,13.7,13:42,-1.6,06:46,7.2,74.0,39.0,11:09,https://www.data.jma.go.jp/stats/etrn/view/daily_a1.php?block_no=0402&day=&month=11&prec_no=48&view=a1s&year=2024,D:\CQUPT\self_file\competition\gjsschool2026\B题\赛题主要文件夹\问题四\外部数据抓取\raw\weather_html\jma_0402_48_2024_11_f9b43ca1e0.html
jma_0402_48,48,0402,2024,11,27,2024-11-27,,,,,4.5,3.5,01:04,1.5,00:46,10.8,16.0,11:56,7.5,21:55,10.0,78.0,41.0,18:36,https://www.data.jma.go.jp/stats/etrn/view/daily_a1.php?block_no=0402&day=&month=11&prec_no=48&view=a1s&year=2024,D:\CQUPT\self_file\competition\gjsschool2026\B题\赛题主要文件夹\问题四\外部数据抓取\raw\weather_html\jma_0402_48_2024_11_f9b43ca1e0.html
jma_0402_48,48,0402,2024,11,28,2024-11-28,,,,,0.0,0.0,24:00,0.0,24:00,7.4,11.6,13:10,4.1,23:46,5.5,54.0,33.0,14:39,https://www.data.jma.go.jp/stats/etrn/view/daily_a1.php?block_no=0402&day=&month=11&prec_no=48&view=a1s&year=2024,D:\CQUPT\self_file\competition\gjsschool2026\B题\赛题主要文件夹\问题四\外部数据抓取\raw\weather_html\jma_0402_48_2024_11_f9b43ca1e0.html
jma_0402_48,48,0402,2024,11,29,2024-11-29,,,,,0.0,0.0,24:00,0.0,24:00,4.8,9.6,11:02,0.4,24:00,6.0,71.0,41.0,01:31,https://www.data.jma.go.jp/stats/etrn/view/daily_a1.php?block_no=0402&day=&month=11&prec_no=48&view=a1s&year=2024,D:\CQUPT\self_file\competition\gjsschool2026\B题\赛题主要文件夹\问题四\外部数据抓取\raw\weather_html\jma_0402_48_2024_11_f9b43ca1e0.html
jma_0402_48,48,0402,2024,11,30,2024-11-30,,,,,0.0,0.0,24:00,0.0,24:00,4.9,11.1,12:40,-0.2,01:25,7.0,82.0,40.0,13:54,https://www.data.jma.go.jp/stats/etrn/view/daily_a1.php?block_no=0402&day=&month=11&prec_no=48&view=a1s&year=2024,D:\CQUPT\self_file\competition\gjsschool2026\B题\赛题主要文件夹\问题四\外部数据抓取\raw\weather_html\jma_0402_48_2024_11_f9b43ca1e0.html
jma_0402_48,48,0402,2024,12,1,2024-12-01,,,,,0.0,0.0,24:00,0.0,24:00,5.8,13.9,14:08,0.5,07:00,7.3,81.0,48.0,13:48,https://www.data.jma.go.jp/stats/etrn/view/daily_a1.php?block_no=0402&day=&month=12&prec_no=48&view=a1s&year=2024,D:\CQUPT\self_file\competition\gjsschool2026\B题\赛题主要文件夹\问题四\外部数据抓取\raw\weather_html\jma_0402_48_2024_12_47326d4fc1.html
jma_0402_48,48,0402,2024,12,2,2024-12-02,,,,,0.0,0.0,24:00,0.0,24:00,5.9,12.6,14:58,2.7,00:45,7.3,79.0,52.0,15:03,https://www.data.jma.go.jp/stats/etrn/view/daily_a1.php?block_no=0402&day=&month=12&prec_no=48&view=a1s&year=2024,D:\CQUPT\self_file\competition\gjsschool2026\B题\赛题主要文件夹\问题四\外部数据抓取\raw\weather_html\jma_0402_48_2024_12_47326d4fc1.html
jma_0402_48,48,0402,2024,12,3,2024-12-03,,,,,0.0,0.0,24:00,0.0,24:00,7.3,17.1,13:52,-0.4,06:31,7.3,75.0,33.0,14:18,https://www.data.jma.go.jp/stats/etrn/view/daily_a1.php?block_no=0402&day=&month=12&prec_no=48&view=a1s&year=2024,D:\CQUPT\self_file\competition\gjsschool2026\B题\赛题主要文件夹\问题四\外部数据抓取\raw\weather_html\jma_0402_48_2024_12_47326d4fc1.html
jma_0402_48,48,0402,2024,12,4,2024-12-04,,,,,0.0,0.0,24:00,0.0,24:00,7.3,13.7,12:31,0.9,23:57,7.8,78.0,39.0,13:19,https://www.data.jma.go.jp/stats/etrn/view/daily_a1.php?block_no=0402&day=&month=12&prec_no=48&view=a1s&year=2024,D:\CQUPT\self_file\competition\gjsschool2026\B题\赛题主要文件夹\问题四\外部数据抓取\raw\weather_html\jma_0402_48_2024_12_47326d4fc1.html
jma_0402_48,48,0402,2024,12,5,2024-12-05,,,,,0.0,0.0,24:00,0.0,24:00,3.9,13.3,13:42,-1.8,07:01,5.6,72.0,32.0,14:05,https://www.data.jma.go.jp/stats/etrn/view/daily_a1.php?block_no=0402&day=&month=12&prec_no=48&view=a1s&year=2024,D:\CQUPT\self_file\competition\gjsschool2026\B题\赛题主要文件夹\问题四\外部数据抓取\raw\weather_html\jma_0402_48_2024_12_47326d4fc1.html
jma_0402_48,48,0402,2024,12,6,2024-12-06,,,,,0.0,0.0,24:00,0.0,24:00,3.2,10.1,11:00,-2.0,06:50,6.0,80.0,44.0,11:16,https://www.data.jma.go.jp/stats/etrn/view/daily_a1.php?block_no=0402&day=&month=12&prec_no=48&view=a1s&year=2024,D:\CQUPT\self_file\competition\gjsschool2026\B题\赛题主要文件夹\问题四\外部数据抓取\raw\weather_html\jma_0402_48_2024_12_47326d4fc1.html
jma_0402_48,48,0402,2024,12,7,2024-12-07,,,,,0.0,0.0,24:00,0.0,24:00,2.0,4.9,10:38,0.0,23:59,6.3,89.0,74.0,11:15,https://www.data.jma.go.jp/stats/etrn/view/daily_a1.php?block_no=0402&day=&month=12&prec_no=48&view=a1s&year=2024,D:\CQUPT\self_file\competition\gjsschool2026\B题\赛题主要文件夹\问题四\外部数据抓取\raw\weather_html\jma_0402_48_2024_12_47326d4fc1.html
jma_0402_48,48,0402,2024,12,8,2024-12-08,,,,,0.0,0.0,24:00,0.0,24:00,1.7,7.4,13:08,-1.2,23:36,5.6,82.0,48.0,12:40,https://www.data.jma.go.jp/stats/etrn/view/daily_a1.php?block_no=0402&day=&month=12&prec_no=48&view=a1s&year=2024,D:\CQUPT\self_file\competition\gjsschool2026\B题\赛题主要文件夹\问题四\外部数据抓取\raw\weather_html\jma_0402_48_2024_12_47326d4fc1.html
jma_0402_48,48,0402,2024,12,9,2024-12-09,,,,,0.0,0.0,24:00,0.0,24:00,1.4,8.0,14:36,-3.1,06:51,4.9,75.0,43.0,14:41,https://www.data.jma.go.jp/stats/etrn/view/daily_a1.php?block_no=0402&day=&month=12&prec_no=48&view=a1s&year=2024,D:\CQUPT\self_file\competition\gjsschool2026\B题\赛题主要文件夹\问题四\外部数据抓取\raw\weather_html\jma_0402_48_2024_12_47326d4fc1.html
jma_0402_48,48,0402,2024,12,10,2024-12-10,,,,,0.0,0.0,24:00,0.0,24:00,1.2,9.5,13:02,-4.8,06:54,4.9,76.0,41.0,13:44,https://www.data.jma.go.jp/stats/etrn/view/daily_a1.php?block_no=0402&day=&month=12&prec_no=48&view=a1s&year=2024,D:\CQUPT\self_file\competition\gjsschool2026\B题\赛题主要文件夹\问题四\外部数据抓取\raw\weather_html\jma_0402_48_2024_12_47326d4fc1.html
jma_0402_48,48,0402,2024,12,11,2024-12-11,,,,,0.0,0.0,24:00,0.0,24:00,1.6,9.1,12:33,-2.5,04:59,5.1,75.0,53.0,13:58,https://www.data.jma.go.jp/stats/etrn/view/daily_a1.php?block_no=0402&day=&month=12&prec_no=48&view=a1s&year=2024,D:\CQUPT\self_file\competition\gjsschool2026\B题\赛题主要文件夹\问题四\外部数据抓取\raw\weather_html\jma_0402_48_2024_12_47326d4fc1.html
jma_0402_48,48,0402,2024,12,12,2024-12-12,,,,,0.0,0.0,24:00,0.0,24:00,0.7,6.4,13:29,-3.0,23:42,4.3,68.0,35.0,13:26,https://www.data.jma.go.jp/stats/etrn/view/daily_a1.php?block_no=0402&day=&month=12&prec_no=48&view=a1s&year=2024,D:\CQUPT\self_file\competition\gjsschool2026\B题\赛题主要文件夹\问题四\外部数据抓取\raw\weather_html\jma_0402_48_2024_12_47326d4fc1.html
jma_0402_48,48,0402,2024,12,13,2024-12-13,,,,,0.0,0.0,24:00,0.0,24:00,-0.7,4.7,14:13,-5.2,06:36,4.1,71.0,45.0,13:31,https://www.data.jma.go.jp/stats/etrn/view/daily_a1.php?block_no=0402&day=&month=12&prec_no=48&view=a1s&year=2024,D:\CQUPT\self_file\competition\gjsschool2026\B题\赛题主要文件夹\问题四\外部数据抓取\raw\weather_html\jma_0402_48_2024_12_47326d4fc1.html
jma_0402_48,48,0402,2024,12,14,2024-12-14,,,,,1.0,0.5,08:38,0.5,07:48,0.6,5.3,14:22,-3.7,23:57,5.1,81.0,49.0,14:17,https://www.data.jma.go.jp/stats/etrn/view/daily_a1.php?block_no=0402&day=&month=12&prec_no=48&view=a1s&year=2024,D:\CQUPT\self_file\competition\gjsschool2026\B题\赛题主要文件夹\问题四\外部数据抓取\raw\weather_html\jma_0402_48_2024_12_47326d4fc1.html
jma_0402_48,48,0402,2024,12,15,2024-12-15,,,,,0.0,0.0,24:00,0.0,24:00,0.2,7.4,13:09,-6.4,06:56,4.4,72.0,44.0,13:02,https://www.data.jma.go.jp/stats/etrn/view/daily_a1.php?block_no=0402&day=&month=12&prec_no=48&view=a1s&year=2024,D:\CQUPT\self_file\competition\gjsschool2026\B题\赛题主要文件夹\问题四\外部数据抓取\raw\weather_html\jma_0402_48_2024_12_47326d4fc1.html
jma_0402_48,48,0402,2024,12,16,2024-12-16,,,,,0.0,0.0,24:00,0.0,24:00,2.7,9.3,13:43,-1.0,07:06,6.0,83.0,51.0,13:44,https://www.data.jma.go.jp/stats/etrn/view/daily_a1.php?block_no=0402&day=&month=12&prec_no=48&view=a1s&year=2024,D:\CQUPT\self_file\competition\gjsschool2026\B题\赛题主要文件夹\问题四\外部数据抓取\raw\weather_html\jma_0402_48_2024_12_47326d4fc1.html
jma_0402_48,48,0402,2024,12,17,2024-12-17,,,,,0.0,0.0,24:00,0.0,24:00,1.5,9.3,12:42,-3.4,05:35,5.5,83.0,50.0,14:12,https://www.data.jma.go.jp/stats/etrn/view/daily_a1.php?block_no=0402&day=&month=12&prec_no=48&view=a1s&year=2024,D:\CQUPT\self_file\competition\gjsschool2026\B题\赛题主要文件夹\问题四\外部数据抓取\raw\weather_html\jma_0402_48_2024_12_47326d4fc1.html
jma_0402_48,48,0402,2024,12,18,2024-12-18,,,,,0.0,0.0,24:00,0.0,24:00,0.6,6.9,12:21,-2.6,04:30,5.1,81.0,54.0,14:22,https://www.data.jma.go.jp/stats/etrn/view/daily_a1.php?block_no=0402&day=&month=12&prec_no=48&view=a1s&year=2024,D:\CQUPT\self_file\competition\gjsschool2026\B题\赛题主要文件夹\问题四\外部数据抓取\raw\weather_html\jma_0402_48_2024_12_47326d4fc1.html
jma_0402_48,48,0402,2024,12,19,2024-12-19,,,,,0.0,0.0,24:00,0.0,24:00,-0.2,6.8,12:37,-4.2,07:10,4.7,79.0,35.0,13:03,https://www.data.jma.go.jp/stats/etrn/view/daily_a1.php?block_no=0402&day=&month=12&prec_no=48&view=a1s&year=2024,D:\CQUPT\self_file\competition\gjsschool2026\B题\赛题主要文件夹\问题四\外部数据抓取\raw\weather_html\jma_0402_48_2024_12_47326d4fc1.html
jma_0402_48,48,0402,2024,12,20,2024-12-20,,,,,0.0,0.0,24:00,0.0,24:00,0.6,6.4,13:14,-4.4,07:02,4.6,73.0,50.0,13:34,https://www.data.jma.go.jp/stats/etrn/view/daily_a1.php?block_no=0402&day=&month=12&prec_no=48&view=a1s&year=2024,D:\CQUPT\self_file\competition\gjsschool2026\B题\赛题主要文件夹\问题四\外部数据抓取\raw\weather_html\jma_0402_48_2024_12_47326d4fc1.html
jma_0402_48,48,0402,2024,12,21,2024-12-21,,,,,0.0,0.0,24:00,0.0,24:00,3.4,12.2,11:06,-5.1,07:09,4.9,67.0,34.0,10:50,https://www.data.jma.go.jp/stats/etrn/view/daily_a1.php?block_no=0402&day=&month=12&prec_no=48&view=a1s&year=2024,D:\CQUPT\self_file\competition\gjsschool2026\B题\赛题主要文件夹\问题四\外部数据抓取\raw\weather_html\jma_0402_48_2024_12_47326d4fc1.html
jma_0402_48,48,0402,2024,12,22,2024-12-22,,,,,0.5,0.5,08:06,0.5,07:16,0.6,3.9,01:28,-1.8,23:59,5.1,79.0,52.0,13:21,https://www.data.jma.go.jp/stats/etrn/view/daily_a1.php?block_no=0402&day=&month=12&prec_no=48&view=a1s&year=2024,D:\CQUPT\self_file\competition\gjsschool2026\B题\赛题主要文件夹\问题四\外部数据抓取\raw\weather_html\jma_0402_48_2024_12_47326d4fc1.html
jma_0402_48,48,0402,2024,12,23,2024-12-23,,,,,0.5,0.5,23:58,0.5,23:08,0.1,6.2,14:27,-5.2,06:05,4.3,71.0,35.0,14:26,https://www.data.jma.go.jp/stats/etrn/view/daily_a1.php?block_no=0402&day=&month=12&prec_no=48&view=a1s&year=2024,D:\CQUPT\self_file\competition\gjsschool2026\B题\赛题主要文件夹\问题四\外部数据抓取\raw\weather_html\jma_0402_48_2024_12_47326d4fc1.html
jma_0402_48,48,0402,2024,12,24,2024-12-24,,,,,0.0,0.0,24:00,0.0,24:00,0.6,5.4,13:44,-2.0,24:00,5.2,83.0,47.0,17:06,https://www.data.jma.go.jp/stats/etrn/view/daily_a1.php?block_no=0402&day=&month=12&prec_no=48&view=a1s&year=2024,D:\CQUPT\self_file\competition\gjsschool2026\B题\赛题主要文件夹\问题四\外部数据抓取\raw\weather_html\jma_0402_48_2024_12_47326d4fc1.html
jma_0402_48,48,0402,2024,12,25,2024-12-25,,,,,0.0,0.0,24:00,0.0,24:00,1.1,6.5,14:36,-3.2,07:16,4.5,70.0,40.0,14:49,https://www.data.jma.go.jp/stats/etrn/view/daily_a1.php?block_no=0402&day=&month=12&prec_no=48&view=a1s&year=2024,D:\CQUPT\self_file\competition\gjsschool2026\B题\赛题主要文件夹\问题四\外部数据抓取\raw\weather_html\jma_0402_48_2024_12_47326d4fc1.html
jma_0402_48,48,0402,2024,12,26,2024-12-26,,,,,0.0,0.0,24:00,0.0,24:00,3.1,11.1,13:10,-2.0,07:27,5.7,76.0,44.0,13:18,https://www.data.jma.go.jp/stats/etrn/view/daily_a1.php?block_no=0402&day=&month=12&prec_no=48&view=a1s&year=2024,D:\CQUPT\self_file\competition\gjsschool2026\B题\赛题主要文件夹\问题四\外部数据抓取\raw\weather_html\jma_0402_48_2024_12_47326d4fc1.html
jma_0402_48,48,0402,2024,12,27,2024-12-27,,,,,0.0,0.0,24:00,0.0,24:00,1.0,5.3,12:17,-1.7,22:33,5.7,87.0,59.0,12:18,https://www.data.jma.go.jp/stats/etrn/view/daily_a1.php?block_no=0402&day=&month=12&prec_no=48&view=a1s&year=2024,D:\CQUPT\self_file\competition\gjsschool2026\B题\赛题主要文件夹\问题四\外部数据抓取\raw\weather_html\jma_0402_48_2024_12_47326d4fc1.html
jma_0402_48,48,0402,2024,12,28,2024-12-28,,,,,0.5,0.5,03:54,0.5,03:04,-0.1,3.9,12:26,-1.7,07:05,5.6,93.0,72.0,14:59,https://www.data.jma.go.jp/stats/etrn/view/daily_a1.php?block_no=0402&day=&month=12&prec_no=48&view=a1s&year=2024,D:\CQUPT\self_file\competition\gjsschool2026\B题\赛题主要文件夹\问题四\外部数据抓取\raw\weather_html\jma_0402_48_2024_12_47326d4fc1.html
jma_0402_48,48,0402,2024,12,29,2024-12-29,,,,,0.0,0.0,24:00,0.0,24:00,-0.7,7.1,12:14,-5.7,06:49,4.7,83.0,47.0,12:17,https://www.data.jma.go.jp/stats/etrn/view/daily_a1.php?block_no=0402&day=&month=12&prec_no=48&view=a1s&year=2024,D:\CQUPT\self_file\competition\gjsschool2026\B题\赛题主要文件夹\问题四\外部数据抓取\raw\weather_html\jma_0402_48_2024_12_47326d4fc1.html
jma_0402_48,48,0402,2024,12,30,2024-12-30,,,,,0.0,0.0,24:00,0.0,24:00,0.2,9.0,14:44,-5.2,06:58,4.4,74.0,34.0,14:49,https://www.data.jma.go.jp/stats/etrn/view/daily_a1.php?block_no=0402&day=&month=12&prec_no=48&view=a1s&year=2024,D:\CQUPT\self_file\competition\gjsschool2026\B题\赛题主要文件夹\问题四\外部数据抓取\raw\weather_html\jma_0402_48_2024_12_47326d4fc1.html
jma_0402_48,48,0402,2024,12,31,2024-12-31,,,,,0.5,0.5,19:46,0.5,18:56,1.4,8.1,13:53,-3.4,05:05,5.1,77.0,52.0,13:54,https://www.data.jma.go.jp/stats/etrn/view/daily_a1.php?block_no=0402&day=&month=12&prec_no=48&view=a1s&year=2024,D:\CQUPT\self_file\competition\gjsschool2026\B题\赛题主要文件夹\问题四\外部数据抓取\raw\weather_html\jma_0402_48_2024_12_47326d4fc1.html
jma_0402_48,48,0402,2025,1,1,2025-01-01,,,,,0.0,0.0,24:00,0.0,24:00,0.4,7.1,14:52,-4.1,07:29,4.3,70.0,35.0,14:53,https://www.data.jma.go.jp/stats/etrn/view/daily_a1.php?block_no=0402&day=&month=01&prec_no=48&view=a1s&year=2025,D:\CQUPT\self_file\competition\gjsschool2026\B题\赛题主要文件夹\问题四\外部数据抓取\raw\weather_html\jma_0402_48_2025_01_9cbccf86a8.html
jma_0402_48,48,0402,2025,1,2,2025-01-02,,,,,0.0,0.0,24:00,0.0,24:00,0.3,10.1,13:00,-5.4,06:44,5.0,80.0,46.0,13:35,https://www.data.jma.go.jp/stats/etrn/view/daily_a1.php?block_no=0402&day=&month=01&prec_no=48&view=a1s&year=2025,D:\CQUPT\self_file\competition\gjsschool2026\B题\赛题主要文件夹\问题四\外部数据抓取\raw\weather_html\jma_0402_48_2025_01_9cbccf86a8.html
jma_0402_48,48,0402,2025,1,3,2025-01-03,,,,,0.0,0.0,24:00,0.0,24:00,1.5,7.4,15:03,-1.5,07:23,5.5,82.0,47.0,15:05,https://www.data.jma.go.jp/stats/etrn/view/daily_a1.php?block_no=0402&day=&month=01&prec_no=48&view=a1s&year=2025,D:\CQUPT\self_file\competition\gjsschool2026\B题\赛题主要文件夹\问题四\外部数据抓取\raw\weather_html\jma_0402_48_2025_01_9cbccf86a8.html
jma_0402_48,48,0402,2025,1,4,2025-01-04,,,,,0.0,0.0,24:00,0.0,24:00,-0.4,5.1,13:31,-4.2,22:55,4.2,72.0,41.0,12:16,https://www.data.jma.go.jp/stats/etrn/view/daily_a1.php?block_no=0402&day=&month=01&prec_no=48&view=a1s&year=2025,D:\CQUPT\self_file\competition\gjsschool2026\B题\赛题主要文件夹\问题四\外部数据抓取\raw\weather_html\jma_0402_48_2025_01_9cbccf86a8.html
jma_0402_48,48,0402,2025,1,5,2025-01-05,,,,,0.0,0.0,24:00,0.0,24:00,-1.5,6.9,15:17,-7.4,07:08,3.7,70.0,39.0,15:10,https://www.data.jma.go.jp/stats/etrn/view/daily_a1.php?block_no=0402&day=&month=01&prec_no=48&view=a1s&year=2025,D:\CQUPT\self_file\competition\gjsschool2026\B题\赛题主要文件夹\问题四\外部数据抓取\raw\weather_html\jma_0402_48_2025_01_9cbccf86a8.html
jma_0402_48,48,0402,2025,1,6,2025-01-06,,,,,6.0,2.0,20:42,1.0,19:52,1.2,7.2,14:50,-4.9,04:54,5.3,77.0,38.0,13:32,https://www.data.jma.go.jp/stats/etrn/view/daily_a1.php?block_no=0402&day=&month=01&prec_no=48&view=a1s&year=2025,D:\CQUPT\self_file\competition\gjsschool2026\B题\赛题主要文件夹\问题四\外部数据抓取\raw\weather_html\jma_0402_48_2025_01_9cbccf86a8.html
jma_0402_48,48,0402,2025,1,7,2025-01-07,,,,,0.0,0.0,24:00,0.0,24:00,3.6,10.4,12:24,0.0,23:03,5.6,73.0,32.0,14:58,https://www.data.jma.go.jp/stats/etrn/view/daily_a1.php?block_no=0402&day=&month=01&prec_no=48&view=a1s&year=2025,D:\CQUPT\self_file\competition\gjsschool2026\B题\赛题主要文件夹\问题四\外部数据抓取\raw\weather_html\jma_0402_48_2025_01_9cbccf86a8.html
jma_0402_48,48,0402,2025,1,8,2025-01-08,,,,,0.0,0.0,24:00,0.0,24:00,1.1,6.3,12:50,-1.3,02:35,4.1,62.0,36.0,13:12,https://www.data.jma.go.jp/stats/etrn/view/daily_a1.php?block_no=0402&day=&month=01&prec_no=48&view=a1s&year=2025,D:\CQUPT\self_file\competition\gjsschool2026\B题\赛题主要文件夹\问题四\外部数据抓取\raw\weather_html\jma_0402_48_2025_01_9cbccf86a8.html
jma_0402_48,48,0402,2025,1,9,2025-01-09,,,,,0.0,0.0,24:00,0.0,24:00,1.5,8.0,12:31,-1.7,23:50,3.1,46.0,29.0,12:42,https://www.data.jma.go.jp/stats/etrn/view/daily_a1.php?block_no=0402&day=&month=01&prec_no=48&view=a1s&year=2025,D:\CQUPT\self_file\competition\gjsschool2026\B题\赛题主要文件夹\问题四\外部数据抓取\raw\weather_html\jma_0402_48_2025_01_9cbccf86a8.html
jma_0402_48,48,0402,2025,1,10,2025-01-10,,,,,0.0,0.0,24:00,0.0,24:00,-0.8,4.0,14:03,-4.0,23:06,3.2,56.0,31.0,14:27,https://www.data.jma.go.jp/stats/etrn/view/daily_a1.php?block_no=0402&day=&month=01&prec_no=48&view=a1s&year=2025,D:\CQUPT\self_file\competition\gjsschool2026\B题\赛题主要文件夹\问题四\外部数据抓取\raw\weather_html\jma_0402_48_2025_01_9cbccf86a8.html
jma_0402_48,48,0402,2025,1,11,2025-01-11,,,,,0.0,0.0,24:00,0.0,24:00,-1.2,7.3,13:53,-7.4,06:39,3.4,65.0,27.0,14:52,https://www.data.jma.go.jp/stats/etrn/view/daily_a1.php?block_no=0402&day=&month=01&prec_no=48&view=a1s&year=2025,D:\CQUPT\self_file\competition\gjsschool2026\B题\赛题主要文件夹\问题四\外部数据抓取\raw\weather_html\jma_0402_48_2025_01_9cbccf86a8.html
jma_0402_48,48,0402,2025,1,12,2025-01-12,,,,,0.0,0.0,24:00,0.0,24:00,-0.3,6.2,14:31,-5.1,04:36,4.0,68.0,36.0,14:42,https://www.data.jma.go.jp/stats/etrn/view/daily_a1.php?block_no=0402&day=&month=01&prec_no=48&view=a1s&year=2025,D:\CQUPT\self_file\competition\gjsschool2026\B题\赛题主要文件夹\问题四\外部数据抓取\raw\weather_html\jma_0402_48_2025_01_9cbccf86a8.html
jma_0402_48,48,0402,2025,1,13,2025-01-13,,,,,0.0,0.0,24:00,0.0,24:00,-0.4,7.5,12:35,-5.6,07:04,4.1,71.0,35.0,15:36,https://www.data.jma.go.jp/stats/etrn/view/daily_a1.php?block_no=0402&day=&month=01&prec_no=48&view=a1s&year=2025,D:\CQUPT\self_file\competition\gjsschool2026\B题\赛题主要文件夹\问题四\外部数据抓取\raw\weather_html\jma_0402_48_2025_01_9cbccf86a8.html
jma_0402_48,48,0402,2025,1,14,2025-01-14,,,,,0.0,0.0,24:00,0.0,24:00,0.0,10.2,13:38,-6.7,06:56,4.0,68.0,34.0,13:53,https://www.data.jma.go.jp/stats/etrn/view/daily_a1.php?block_no=0402&day=&month=01&prec_no=48&view=a1s&year=2025,D:\CQUPT\self_file\competition\gjsschool2026\B题\赛题主要文件夹\问题四\外部数据抓取\raw\weather_html\jma_0402_48_2025_01_9cbccf86a8.html
jma_0402_48,48,0402,2025,1,15,2025-01-15,,,,,0.0,0.0,24:00,0.0,24:00,0.0,3.9,11:30,-2.4,21:31,4.9,80.0,58.0,16:30,https://www.data.jma.go.jp/stats/etrn/view/daily_a1.php?block_no=0402&day=&month=01&prec_no=48&view=a1s&year=2025,D:\CQUPT\self_file\competition\gjsschool2026\B题\赛题主要文件夹\问题四\外部数据抓取\raw\weather_html\jma_0402_48_2025_01_9cbccf86a8.html
jma_0402_48,48,0402,2025,1,16,2025-01-16,,,,,0.0,0.0,24:00,0.0,24:00,-0.4,5.0,15:04,-3.6,07:13,4.0,69.0,41.0,14:14,https://www.data.jma.go.jp/stats/etrn/view/daily_a1.php?block_no=0402&day=&month=01&prec_no=48&view=a1s&year=2025,D:\CQUPT\self_file\competition\gjsschool2026\B题\赛题主要文件夹\问题四\外部数据抓取\raw\weather_html\jma_0402_48_2025_01_9cbccf86a8.html
jma_0402_48,48,0402,2025,1,17,2025-01-17,,,,,0.0,0.0,24:00,0.0,24:00,-0.7,2.9,10:31,-3.1,23:41,3.7,64.0,42.0,13:45,https://www.data.jma.go.jp/stats/etrn/view/daily_a1.php?block_no=0402&day=&month=01&prec_no=48&view=a1s&year=2025,D:\CQUPT\self_file\competition\gjsschool2026\B题\赛题主要文件夹\问题四\外部数据抓取\raw\weather_html\jma_0402_48_2025_01_9cbccf86a8.html
jma_0402_48,48,0402,2025,1,18,2025-01-18,,,,,0.0,0.0,24:00,0.0,24:00,-0.7,5.7,14:36,-5.0,05:39,3.8,67.0,41.0,15:08,https://www.data.jma.go.jp/stats/etrn/view/daily_a1.php?block_no=0402&day=&month=01&prec_no=48&view=a1s&year=2025,D:\CQUPT\self_file\competition\gjsschool2026\B题\赛题主要文件夹\问题四\外部数据抓取\raw\weather_html\jma_0402_48_2025_01_9cbccf86a8.html
jma_0402_48,48,0402,2025,1,19,2025-01-19,,,,,0.0,0.0,24:00,0.0,24:00,1.5,13.0,15:21,-5.2,03:57,3.9,61.0,31.0,14:20,https://www.data.jma.go.jp/stats/etrn/view/daily_a1.php?block_no=0402&day=&month=01&prec_no=48&view=a1s&year=2025,D:\CQUPT\self_file\competition\gjsschool2026\B题\赛题主要文件夹\问题四\外部数据抓取\raw\weather_html\jma_0402_48_2025_01_9cbccf86a8.html
jma_0402_48,48,0402,2025,1,20,2025-01-20,,,,,0.0,0.0,24:00,0.0,24:00,3.6,12.3,14:02,-1.6,05:28,5.4,70.0,38.0,14:25,https://www.data.jma.go.jp/stats/etrn/view/daily_a1.php?block_no=0402&day=&month=01&prec_no=48&view=a1s&year=2025,D:\CQUPT\self_file\competition\gjsschool2026\B题\赛题主要文件夹\问题四\外部数据抓取\raw\weather_html\jma_0402_48_2025_01_9cbccf86a8.html
jma_0402_48,48,0402,2025,1,21,2025-01-21,,,,,0.0,0.0,24:00,0.0,24:00,3.9,10.5,14:24,-1.1,23:58,5.3,69.0,27.0,15:01,https://www.data.jma.go.jp/stats/etrn/view/daily_a1.php?block_no=0402&day=&month=01&prec_no=48&view=a1s&year=2025,D:\CQUPT\self_file\competition\gjsschool2026\B题\赛题主要文件夹\问题四\外部数据抓取\raw\weather_html\jma_0402_48_2025_01_9cbccf86a8.html
jma_0402_48,48,0402,2025,1,22,2025-01-22,,,,,0.0,0.0,24:00,0.0,24:00,1.3,10.1,14:25,-4.8,06:27,4.2,66.0,32.0,14:45,https://www.data.jma.go.jp/stats/etrn/view/daily_a1.php?block_no=0402&day=&month=01&prec_no=48&view=a1s&year=2025,D:\CQUPT\self_file\competition\gjsschool2026\B题\赛题主要文件夹\问题四\外部数据抓取\raw\weather_html\jma_0402_48_2025_01_9cbccf86a8.html
jma_0402_48,48,0402,2025,1,23,2025-01-23,,,,,0.0,0.0,24:00,0.0,24:00,1.8,12.6,13:47,-5.4,06:17,4.4,66.0,30.0,13:48,https://www.data.jma.go.jp/stats/etrn/view/daily_a1.php?block_no=0402&day=&month=01&prec_no=48&view=a1s&year=2025,D:\CQUPT\self_file\competition\gjsschool2026\B题\赛题主要文件夹\问题四\外部数据抓取\raw\weather_html\jma_0402_48_2025_01_9cbccf86a8.html
jma_0402_48,48,0402,2025,1,24,2025-01-24,,,,,0.0,0.0,24:00,0.0,24:00,2.4,9.3,13:52,-2.5,06:15,5.2,74.0,42.0,15:04,https://www.data.jma.go.jp/stats/etrn/view/daily_a1.php?block_no=0402&day=&month=01&prec_no=48&view=a1s&year=2025,D:\CQUPT\self_file\competition\gjsschool2026\B题\赛题主要文件夹\问题四\外部数据抓取\raw\weather_html\jma_0402_48_2025_01_9cbccf86a8.html
jma_0402_48,48,0402,2025,1,25,2025-01-25,,,,,0.0,0.0,24:00,0.0,24:00,1.6,7.9,13:18,-2.7,07:17,4.5,70.0,30.0,14:13,https://www.data.jma.go.jp/stats/etrn/view/daily_a1.php?block_no=0402&day=&month=01&prec_no=48&view=a1s&year=2025,D:\CQUPT\self_file\competition\gjsschool2026\B题\赛题主要文件夹\问题四\外部数据抓取\raw\weather_html\jma_0402_48_2025_01_9cbccf86a8.html
jma_0402_48,48,0402,2025,1,26,2025-01-26,,,,,0.0,0.0,24:00,0.0,24:00,1.0,7.6,13:35,-2.6,07:07,5.0,78.0,42.0,13:36,https://www.data.jma.go.jp/stats/etrn/view/daily_a1.php?block_no=0402&day=&month=01&prec_no=48&view=a1s&year=2025,D:\CQUPT\self_file\competition\gjsschool2026\B题\赛题主要文件夹\问题四\外部数据抓取\raw\weather_html\jma_0402_48_2025_01_9cbccf86a8.html
jma_0402_48,48,0402,2025,1,27,2025-01-27,,,,,0.0,0.0,24:00,0.0,24:00,2.1,11.1,14:38,-4.5,05:57,4.0,60.0,31.0,14:40,https://www.data.jma.go.jp/stats/etrn/view/daily_a1.php?block_no=0402&day=&month=01&prec_no=48&view=a1s&year=2025,D:\CQUPT\self_file\competition\gjsschool2026\B题\赛题主要文件夹\问题四\外部数据抓取\raw\weather_html\jma_0402_48_2025_01_9cbccf86a8.html
jma_0402_48,48,0402,2025,1,28,2025-01-28,,,,,0.0,0.0,24:00,0.0,24:00,2.2,10.4,13:41,-2.6,07:05,4.6,66.0,36.0,13:36,https://www.data.jma.go.jp/stats/etrn/view/daily_a1.php?block_no=0402&day=&month=01&prec_no=48&view=a1s&year=2025,D:\CQUPT\self_file\competition\gjsschool2026\B题\赛题主要文件夹\问题四\外部数据抓取\raw\weather_html\jma_0402_48_2025_01_9cbccf86a8.html
jma_0402_48,48,0402,2025,1,29,2025-01-29,,,,,0.0,0.0,24:00,0.0,24:00,0.8,6.4,12:01,-3.1,24:00,3.9,62.0,32.0,10:15,https://www.data.jma.go.jp/stats/etrn/view/daily_a1.php?block_no=0402&day=&month=01&prec_no=48&view=a1s&year=2025,D:\CQUPT\self_file\competition\gjsschool2026\B题\赛题主要文件夹\问题四\外部数据抓取\raw\weather_html\jma_0402_48_2025_01_9cbccf86a8.html
jma_0402_48,48,0402,2025,1,30,2025-01-30,,,,,0.0,0.0,24:00,0.0,24:00,-0.4,6.5,14:37,-5.7,06:54,3.8,69.0,23.0,16:10,https://www.data.jma.go.jp/stats/etrn/view/daily_a1.php?block_no=0402&day=&month=01&prec_no=48&view=a1s&year=2025,D:\CQUPT\self_file\competition\gjsschool2026\B题\赛题主要文件夹\问题四\外部数据抓取\raw\weather_html\jma_0402_48_2025_01_9cbccf86a8.html
jma_0402_48,48,0402,2025,1,31,2025-01-31,,,,,0.0,0.0,24:00,0.0,24:00,0.7,6.5,14:33,-2.6,00:43,4.3,69.0,36.0,12:59,https://www.data.jma.go.jp/stats/etrn/view/daily_a1.php?block_no=0402&day=&month=01&prec_no=48&view=a1s&year=2025,D:\CQUPT\self_file\competition\gjsschool2026\B题\赛题主要文件夹\问题四\外部数据抓取\raw\weather_html\jma_0402_48_2025_01_9cbccf86a8.html
jma_0402_48,48,0402,2025,2,1,2025-02-01,,,,,0.0,0.0,24:00,0.0,24:00,1.3,8.8,13:09,-4.3,06:58,4.7,72.0,39.0,13:29,https://www.data.jma.go.jp/stats/etrn/view/daily_a1.php?block_no=0402&day=&month=02&prec_no=48&view=a1s&year=2025,D:\CQUPT\self_file\competition\gjsschool2026\B题\赛题主要文件夹\问题四\外部数据抓取\raw\weather_html\jma_0402_48_2025_02_21c190fb80.html
jma_0402_48,48,0402,2025,2,2,2025-02-02,,,,,1.5,0.5,12:13,0.5,11:23,1.0,3.4,14:37,-0.7,23:30,6.2,94.0,82.0,16:10,https://www.data.jma.go.jp/stats/etrn/view/daily_a1.php?block_no=0402&day=&month=02&prec_no=48&view=a1s&year=2025,D:\CQUPT\self_file\competition\gjsschool2026\B题\赛题主要文件夹\问题四\外部数据抓取\raw\weather_html\jma_0402_48_2025_02_21c190fb80.html
jma_0402_48,48,0402,2025,2,3,2025-02-03,,,,,0.0,0.0,24:00,0.0,24:00,3.9,12.7,14:32,-0.8,06:59,5.9,75.0,37.0,15:10,https://www.data.jma.go.jp/stats/etrn/view/daily_a1.php?block_no=0402&day=&month=02&prec_no=48&view=a1s&year=2025,D:\CQUPT\self_file\competition\gjsschool2026\B题\赛题主要文件夹\问题四\外部数据抓取\raw\weather_html\jma_0402_48_2025_02_21c190fb80.html
jma_0402_48,48,0402,2025,2,4,2025-02-04,,,,,0.0,0.0,24:00,0.0,24:00,-0.2,4.8,13:22,-3.7,23:40,4.9,82.0,45.0,10:45,https://www.data.jma.go.jp/stats/etrn/view/daily_a1.php?block_no=0402&day=&month=02&prec_no=48&view=a1s&year=2025,D:\CQUPT\self_file\competition\gjsschool2026\B题\赛题主要文件夹\问题四\外部数据抓取\raw\weather_html\jma_0402_48_2025_02_21c190fb80.html
jma_0402_48,48,0402,2025,2,5,2025-02-05,,,,,0.0,0.0,24:00,0.0,24:00,-1.8,3.3,12:56,-4.2,23:20,3.6,70.0,30.0,13:18,https://www.data.jma.go.jp/stats/etrn/view/daily_a1.php?block_no=0402&day=&month=02&prec_no=48&view=a1s&year=2025,D:\CQUPT\self_file\competition\gjsschool2026\B题\赛题主要文件夹\问题四\外部数据抓取\raw\weather_html\jma_0402_48_2025_02_21c190fb80.html
jma_0402_48,48,0402,2025,2,6,2025-02-06,,,,,0.0,0.0,24:00,0.0,24:00,-1.7,2.5,14:59,-5.0,06:55,3.1,59.0,37.0,15:01,https://www.data.jma.go.jp/stats/etrn/view/daily_a1.php?block_no=0402&day=&month=02&prec_no=48&view=a1s&year=2025,D:\CQUPT\self_file\competition\gjsschool2026\B题\赛题主要文件夹\问题四\外部数据抓取\raw\weather_html\jma_0402_48_2025_02_21c190fb80.html
jma_0402_48,48,0402,2025,2,7,2025-02-07,,,,,0.0,0.0,24:00,0.0,24:00,-1.5,2.9,12:56,-4.7,05:26,3.2,59.0,30.0,13:09,https://www.data.jma.go.jp/stats/etrn/view/daily_a1.php?block_no=0402&day=&month=02&prec_no=48&view=a1s&year=2025,D:\CQUPT\self_file\competition\gjsschool2026\B题\赛题主要文件夹\问题四\外部数据抓取\raw\weather_html\jma_0402_48_2025_02_21c190fb80.html
jma_0402_48,48,0402,2025,2,8,2025-02-08,,,,,1.5,1.0,02:18,0.5,07:08,-2.3,2.8,14:21,-5.0,07:36,4.0,78.0,49.0,14:23,https://www.data.jma.go.jp/stats/etrn/view/daily_a1.php?block_no=0402&day=&month=02&prec_no=48&view=a1s&year=2025,D:\CQUPT\self_file\competition\gjsschool2026\B题\赛题主要文件夹\问题四\外部数据抓取\raw\weather_html\jma_0402_48_2025_02_21c190fb80.html
jma_0402_48,48,0402,2025,2,9,2025-02-09,,,,,0.0,0.0,24:00,0.0,24:00,-2.4,4.3,14:46,-7.5,06:30,3.5,72.0,33.0,15:07,https://www.data.jma.go.jp/stats/etrn/view/daily_a1.php?block_no=0402&day=&month=02&prec_no=48&view=a1s&year=2025,D:\CQUPT\self_file\competition\gjsschool2026\B题\赛题主要文件夹\问题四\外部数据抓取\raw\weather_html\jma_0402_48_2025_02_21c190fb80.html
jma_0402_48,48,0402,2025,2,10,2025-02-10,,,,,0.0,0.0,24:00,0.0,24:00,-1.6,6.4,14:37,-7.6,06:35,3.9,73.0,32.0,12:31,https://www.data.jma.go.jp/stats/etrn/view/daily_a1.php?block_no=0402&day=&month=02&prec_no=48&view=a1s&year=2025,D:\CQUPT\self_file\competition\gjsschool2026\B题\赛题主要文件夹\问题四\外部数据抓取\raw\weather_html\jma_0402_48_2025_02_21c190fb80.html
jma_0402_48,48,0402,2025,2,11,2025-02-11,,,,,0.0,0.0,24:00,0.0,24:00,-0.7,3.8,15:04,-3.0,24:00,4.1,72.0,38.0,15:06,https://www.data.jma.go.jp/stats/etrn/view/daily_a1.php?block_no=0402&day=&month=02&prec_no=48&view=a1s&year=2025,D:\CQUPT\self_file\competition\gjsschool2026\B题\赛题主要文件夹\问题四\外部数据抓取\raw\weather_html\jma_0402_48_2025_02_21c190fb80.html
jma_0402_48,48,0402,2025,2,12,2025-02-12,,,,,0.0,0.0,24:00,0.0,24:00,1.8,9.1,15:10,-8.1,06:53,4.4,63.0,29.0,14:44,https://www.data.jma.go.jp/stats/etrn/view/daily_a1.php?block_no=0402&day=&month=02&prec_no=48&view=a1s&year=2025,D:\CQUPT\self_file\competition\gjsschool2026\B题\赛题主要文件夹\问题四\外部数据抓取\raw\weather_html\jma_0402_48_2025_02_21c190fb80.html
jma_0402_48,48,0402,2025,2,13,2025-02-13,,,,,1.0,0.5,09:40,0.5,08:50,1.6,8.5,00:05,-4.0,23:49,4.7,67.0,42.0,16:12,https://www.data.jma.go.jp/stats/etrn/view/daily_a1.php?block_no=0402&day=&month=02&prec_no=48&view=a1s&year=2025,D:\CQUPT\self_file\competition\gjsschool2026\B题\赛题主要文件夹\问题四\外部数据抓取\raw\weather_html\jma_0402_48_2025_02_21c190fb80.html
jma_0402_48,48,0402,2025,2,14,2025-02-14,,,,,0.0,0.0,24:00,0.0,24:00,0.5,9.9,14:43,-7.2,06:28,3.7,63.0,25.0,14:44,https://www.data.jma.go.jp/stats/etrn/view/daily_a1.php?block_no=0402&day=&month=02&prec_no=48&view=a1s&year=2025,D:\CQUPT\self_file\competition\gjsschool2026\B题\赛题主要文件夹\问题四\外部数据抓取\raw\weather_html\jma_0402_48_2025_02_21c190fb80.html
jma_0402_48,48,0402,2025,2,15,2025-02-15,,,,,0.0,0.0,24:00,0.0,24:00,3.7,12.8,14:49,-3.9,06:18,4.3,59.0,19.0,14:09,https://www.data.jma.go.jp/stats/etrn/view/daily_a1.php?block_no=0402&day=&month=02&prec_no=48&view=a1s&year=2025,D:\CQUPT\self_file\competition\gjsschool2026\B题\赛题主要文件夹\问题四\外部数据抓取\raw\weather_html\jma_0402_48_2025_02_21c190fb80.html
jma_0402_48,48,0402,2025,2,16,2025-02-16,,,,,0.0,0.0,24:00,0.0,24:00,5.9,15.2,13:39,1.4,07:39,5.8,64.0,35.0,13:56,https://www.data.jma.go.jp/stats/etrn/view/daily_a1.php?block_no=0402&day=&month=02&prec_no=48&view=a1s&year=2025,D:\CQUPT\self_file\competition\gjsschool2026\B题\赛题主要文件夹\问题四\外部数据抓取\raw\weather_html\jma_0402_48_2025_02_21c190fb80.html
jma_0402_48,48,0402,2025,2,17,2025-02-17,,,,,0.0,0.0,24:00,0.0,24:00,1.2,9.4,11:24,-2.7,06:34,4.9,74.0,37.0,11:30,https://www.data.jma.go.jp/stats/etrn/view/daily_a1.php?block_no=0402&day=&month=02&prec_no=48&view=a1s&year=2025,D:\CQUPT\self_file\competition\gjsschool2026\B题\赛题主要文件夹\问题四\外部数据抓取\raw\weather_html\jma_0402_48_2025_02_21c190fb80.html
jma_0402_48,48,0402,2025,2,18,2025-02-18,,,,,0.0,0.0,24:00,0.0,24:00,-1.7,3.9,12:35,-4.7,05:24,3.3,62.0,30.0,12:38,https://www.data.jma.go.jp/stats/etrn/view/daily_a1.php?block_no=0402&day=&month=02&prec_no=48&view=a1s&year=2025,D:\CQUPT\self_file\competition\gjsschool2026\B题\赛题主要文件夹\问题四\外部数据抓取\raw\weather_html\jma_0402_48_2025_02_21c190fb80.html
jma_0402_48,48,0402,2025,2,19,2025-02-19,,,,,0.0,0.0,24:00,0.0,24:00,-2.3,2.6,12:25,-5.8,23:59,2.9,58.0,26.0,15:05,https://www.data.jma.go.jp/stats/etrn/view/daily_a1.php?block_no=0402&day=&month=02&prec_no=48&view=a1s&year=2025,D:\CQUPT\self_file\competition\gjsschool2026\B题\赛题主要文件夹\问题四\外部数据抓取\raw\weather_html\jma_0402_48_2025_02_21c190fb80.html
jma_0402_48,48,0402,2025,2,20,2025-02-20,,,,,0.0,0.0,24:00,0.0,24:00,-2.6,4.2,13:18,-8.5,06:13,2.8,59.0,25.0,15:55,https://www.data.jma.go.jp/stats/etrn/view/daily_a1.php?block_no=0402&day=&month=02&prec_no=48&view=a1s&year=2025,D:\CQUPT\self_file\competition\gjsschool2026\B题\赛题主要文件夹\问题四\外部数据抓取\raw\weather_html\jma_0402_48_2025_02_21c190fb80.html
jma_0402_48,48,0402,2025,2,21,2025-02-21,,,,,0.0,0.0,24:00,0.0,24:00,-2.2,5.7,13:44,-8.6,06:43,2.8,57.0,24.0,13:29,https://www.data.jma.go.jp/stats/etrn/view/daily_a1.php?block_no=0402&day=&month=02&prec_no=48&view=a1s&year=2025,D:\CQUPT\self_file\competition\gjsschool2026\B题\赛题主要文件夹\问题四\外部数据抓取\raw\weather_html\jma_0402_48_2025_02_21c190fb80.html
jma_0402_48,48,0402,2025,2,22,2025-02-22,,,,,0.0,0.0,24:00,0.0,24:00,-2.9,4.2,12:53,-7.2,05:09,3.1,66.0,31.0,15:37,https://www.data.jma.go.jp/stats/etrn/view/daily_a1.php?block_no=0402&day=&month=02&prec_no=48&view=a1s&year=2025,D:\CQUPT\self_file\competition\gjsschool2026\B题\赛题主要文件夹\问题四\外部数据抓取\raw\weather_html\jma_0402_48_2025_02_21c190fb80.html
jma_0402_48,48,0402,2025,2,23,2025-02-23,,,,,0.0,0.0,24:00,0.0,24:00,-2.2,5.4,13:43,-8.2,06:47,2.8,58.0,21.0,14:33,https://www.data.jma.go.jp/stats/etrn/view/daily_a1.php?block_no=0402&day=&month=02&prec_no=48&view=a1s&year=2025,D:\CQUPT\self_file\competition\gjsschool2026\B题\赛题主要文件夹\问题四\外部数据抓取\raw\weather_html\jma_0402_48_2025_02_21c190fb80.html
jma_0402_48,48,0402,2025,2,24,2025-02-24,,,,,0.0,0.0,24:00,0.0,24:00,-1.5,5.9,13:45,-7.2,06:18,3.3,63.0,29.0,13:48,https://www.data.jma.go.jp/stats/etrn/view/daily_a1.php?block_no=0402&day=&month=02&prec_no=48&view=a1s&year=2025,D:\CQUPT\self_file\competition\gjsschool2026\B题\赛题主要文件夹\问题四\外部数据抓取\raw\weather_html\jma_0402_48_2025_02_21c190fb80.html
jma_0402_48,48,0402,2025,2,25,2025-02-25,,,,,0.0,0.0,24:00,0.0,24:00,1.0,10.6,14:26,-5.6,06:38,3.5,58.0,23.0,15:34,https://www.data.jma.go.jp/stats/etrn/view/daily_a1.php?block_no=0402&day=&month=02&prec_no=48&view=a1s&year=2025,D:\CQUPT\self_file\competition\gjsschool2026\B题\赛题主要文件夹\问题四\外部数据抓取\raw\weather_html\jma_0402_48_2025_02_21c190fb80.html
jma_0402_48,48,0402,2025,2,26,2025-02-26,,,,,0.0,0.0,24:00,0.0,24:00,1.7,11.6,14:42,-6.2,06:06,3.4,53.0,24.0,14:52,https://www.data.jma.go.jp/stats/etrn/view/daily_a1.php?block_no=0402&day=&month=02&prec_no=48&view=a1s&year=2025,D:\CQUPT\self_file\competition\gjsschool2026\B题\赛题主要文件夹\问题四\外部数据抓取\raw\weather_html\jma_0402_48_2025_02_21c190fb80.html
jma_0402_48,48,0402,2025,2,27,2025-02-27,,,,,0.0,0.0,24:00,0.0,24:00,3.2,13.4,14:58,-4.2,06:46,4.1,57.0,23.0,14:06,https://www.data.jma.go.jp/stats/etrn/view/daily_a1.php?block_no=0402&day=&month=02&prec_no=48&view=a1s&year=2025,D:\CQUPT\self_file\competition\gjsschool2026\B题\赛题主要文件夹\问题四\外部数据抓取\raw\weather_html\jma_0402_48_2025_02_21c190fb80.html
jma_0402_48,48,0402,2025,2,28,2025-02-28,,,,,0.0,0.0,24:00,0.0,24:00,4.7,17.6,13:45,-4.4,06:06,4.1,53.0,20.0,13:50,https://www.data.jma.go.jp/stats/etrn/view/daily_a1.php?block_no=0402&day=&month=02&prec_no=48&view=a1s&year=2025,D:\CQUPT\self_file\competition\gjsschool2026\B题\赛题主要文件夹\问题四\外部数据抓取\raw\weather_html\jma_0402_48_2025_02_21c190fb80.html
jma_0402_48,48,0402,2025,3,1,2025-03-01,,,,,0.0,0.0,24:00,0.0,24:00,6.7,19.2,14:51,-2.6,05:45,4.7,53.0,19.0,13:26,https://www.data.jma.go.jp/stats/etrn/view/daily_a1.php?block_no=0402&day=&month=03&prec_no=48&view=a1s&year=2025,D:\CQUPT\self_file\competition\gjsschool2026\B题\赛题主要文件夹\问题四\外部数据抓取\raw\weather_html\jma_0402_48_2025_03_ef7374db7c.html
jma_0402_48,48,0402,2025,3,2,2025-03-02,,,,,0.0,0.0,24:00,0.0,24:00,6.9,15.7,13:03,0.6,06:21,6.7,68.0,39.0,11:59,https://www.data.jma.go.jp/stats/etrn/view/daily_a1.php?block_no=0402&day=&month=03&prec_no=48&view=a1s&year=2025,D:\CQUPT\self_file\competition\gjsschool2026\B题\赛题主要文件夹\问题四\外部数据抓取\raw\weather_html\jma_0402_48_2025_03_ef7374db7c.html
jma_0402_48,48,0402,2025,3,3,2025-03-03,,,,,27.5,5.0,10:57,1.0,10:55,0.7,6.7,00:14,-4.0,23:43,6.1,91.0,66.0,20:47,https://www.data.jma.go.jp/stats/etrn/view/daily_a1.php?block_no=0402&day=&month=03&prec_no=48&view=a1s&year=2025,D:\CQUPT\self_file\competition\gjsschool2026\B题\赛题主要文件夹\问题四\外部数据抓取\raw\weather_html\jma_0402_48_2025_03_ef7374db7c.html
jma_0402_48,48,0402,2025,3,4,2025-03-04,,,,,8.0,3.0,17:50,1.0,17:33,-1.6,2.1,13:15,-4.4,02:18,4.8,88.0,66.0,10:50,https://www.data.jma.go.jp/stats/etrn/view/daily_a1.php?block_no=0402&day=&month=03&prec_no=48&view=a1s&year=2025,D:\CQUPT\self_file\competition\gjsschool2026\B题\赛题主要文件夹\问题四\外部数据抓取\raw\weather_html\jma_0402_48_2025_03_ef7374db7c.html
jma_0402_48,48,0402,2025,3,5,2025-03-05,,,,,4.0,1.5,12:26,0.5,12:34,3.5,6.1,15:47,-0.8,00:24,7.5,95.0,83.0,10:50,https://www.data.jma.go.jp/stats/etrn/view/daily_a1.php?block_no=0402&day=&month=03&prec_no=48&view=a1s&year=2025,D:\CQUPT\self_file\competition\gjsschool2026\B题\赛题主要文件夹\问题四\外部数据抓取\raw\weather_html\jma_0402_48_2025_03_ef7374db7c.html
jma_0402_48,48,0402,2025,3,6,2025-03-06,,,,,0.0,0.0,24:00,0.0,24:00,3.4,6.9,13:11,-0.1,22:57,5.3,68.0,50.0,13:59,https://www.data.jma.go.jp/stats/etrn/view/daily_a1.php?block_no=0402&day=&month=03&prec_no=48&view=a1s&year=2025,D:\CQUPT\self_file\competition\gjsschool2026\B题\赛题主要文件夹\问题四\外部数据抓取\raw\weather_html\jma_0402_48_2025_03_ef7374db7c.html
jma_0402_48,48,0402,2025,3,7,2025-03-07,,,,,0.0,0.0,24:00,0.0,24:00,0.1,4.8,13:11,-3.2,23:57,3.9,64.0,40.0,13:13,https://www.data.jma.go.jp/stats/etrn/view/daily_a1.php?block_no=0402&day=&month=03&prec_no=48&view=a1s&year=2025,D:\CQUPT\self_file\competition\gjsschool2026\B题\赛题主要文件夹\问题四\外部数据抓取\raw\weather_html\jma_0402_48_2025_03_ef7374db7c.html
jma_0402_48,48,0402,2025,3,8,2025-03-08,,,,,0.5,0.5,21:15,0.5,20:25,-0.3,5.7,15:29,-4.5,06:03,4.2,71.0,45.0,16:10,https://www.data.jma.go.jp/stats/etrn/view/daily_a1.php?block_no=0402&day=&month=03&prec_no=48&view=a1s&year=2025,D:\CQUPT\self_file\competition\gjsschool2026\B题\赛题主要文件夹\问题四\外部数据抓取\raw\weather_html\jma_0402_48_2025_03_ef7374db7c.html
jma_0402_48,48,0402,2025,3,9,2025-03-09,,,,,0.0,0.0,24:00,0.0,24:00,2.6,10.0,14:10,-1.7,01:50,4.9,71.0,36.0,16:15,https://www.data.jma.go.jp/stats/etrn/view/daily_a1.php?block_no=0402&day=&month=03&prec_no=48&view=a1s&year=2025,D:\CQUPT\self_file\competition\gjsschool2026\B题\赛题主要文件夹\问题四\外部数据抓取\raw\weather_html\jma_0402_48_2025_03_ef7374db7c.html
jma_0402_48,48,0402,2025,3,10,2025-03-10,,,,,0.0,0.0,24:00,0.0,24:00,4.7,14.6,15:57,-3.3,06:36,4.0,53.0,14.0,15:20,https://www.data.jma.go.jp/stats/etrn/view/daily_a1.php?block_no=0402&day=&month=03&prec_no=48&view=a1s&year=2025,D:\CQUPT\self_file\competition\gjsschool2026\B题\赛题主要文件夹\问题四\外部数据抓取\raw\weather_html\jma_0402_48_2025_03_ef7374db7c.html
jma_0402_48,48,0402,2025,3,11,2025-03-11,,,,,0.0,0.0,24:00,0.0,24:00,6.4,10.7,14:35,2.4,06:21,6.8,70.0,56.0,00:12,https://www.data.jma.go.jp/stats/etrn/view/daily_a1.php?block_no=0402&day=&month=03&prec_no=48&view=a1s&year=2025,D:\CQUPT\self_file\competition\gjsschool2026\B题\赛题主要文件夹\问题四\外部数据抓取\raw\weather_html\jma_0402_48_2025_03_ef7374db7c.html
jma_0402_48,48,0402,2025,3,12,2025-03-12,,,,,0.0,0.0,24:00,0.0,24:00,8.1,16.4,14:07,0.8,06:29,7.9,75.0,42.0,13:45,https://www.data.jma.go.jp/stats/etrn/view/daily_a1.php?block_no=0402&day=&month=03&prec_no=48&view=a1s&year=2025,D:\CQUPT\self_file\competition\gjsschool2026\B题\赛题主要文件夹\问题四\外部数据抓取\raw\weather_html\jma_0402_48_2025_03_ef7374db7c.html
jma_0402_48,48,0402,2025,3,13,2025-03-13,,,,,0.0,0.0,24:00,0.0,24:00,8.7,17.2,13:52,3.8,23:43,7.5,71.0,31.0,13:43,https://www.data.jma.go.jp/stats/etrn/view/daily_a1.php?block_no=0402&day=&month=03&prec_no=48&view=a1s&year=2025,D:\CQUPT\self_file\competition\gjsschool2026\B题\赛题主要文件夹\问题四\外部数据抓取\raw\weather_html\jma_0402_48_2025_03_ef7374db7c.html
jma_0402_48,48,0402,2025,3,14,2025-03-14,,,,,0.0,0.0,24:00,0.0,24:00,6.0,14.7,14:26,1.0,05:31,4.7,55.0,20.0,13:39,https://www.data.jma.go.jp/stats/etrn/view/daily_a1.php?block_no=0402&day=&month=03&prec_no=48&view=a1s&year=2025,D:\CQUPT\self_file\competition\gjsschool2026\B题\赛题主要文件夹\问题四\外部数据抓取\raw\weather_html\jma_0402_48_2025_03_ef7374db7c.html
jma_0402_48,48,0402,2025,3,15,2025-03-15,,,,,0.0,0.0,24:00,0.0,24:00,3.1,5.9,15:50,0.4,04:37,5.1,67.0,34.0,14:57,https://www.data.jma.go.jp/stats/etrn/view/daily_a1.php?block_no=0402&day=&month=03&prec_no=48&view=a1s&year=2025,D:\CQUPT\self_file\competition\gjsschool2026\B题\赛题主要文件夹\问题四\外部数据抓取\raw\weather_html\jma_0402_48_2025_03_ef7374db7c.html
jma_0402_48,48,0402,2025,3,16,2025-03-16,,,,,7.0,2.0,19:13,0.5,23:53,4.3,6.8,14:27,2.4,00:28,7.4,89.0,68.0,04:04,https://www.data.jma.go.jp/stats/etrn/view/daily_a1.php?block_no=0402&day=&month=03&prec_no=48&view=a1s&year=2025,D:\CQUPT\self_file\competition\gjsschool2026\B题\赛题主要文件夹\问题四\外部数据抓取\raw\weather_html\jma_0402_48_2025_03_ef7374db7c.html
jma_0402_48,48,0402,2025,3,17,2025-03-17,,,,,0.0,0.5,00:43,0.0,24:00,4.3,10.1,12:13,0.1,23:05,5.8,72.0,35.0,14:01,https://www.data.jma.go.jp/stats/etrn/view/daily_a1.php?block_no=0402&day=&month=03&prec_no=48&view=a1s&year=2025,D:\CQUPT\self_file\competition\gjsschool2026\B题\赛题主要文件夹\问题四\外部数据抓取\raw\weather_html\jma_0402_48_2025_03_ef7374db7c.html
jma_0402_48,48,0402,2025,3,18,2025-03-18,,,,,0.0,0.0,24:00,0.0,24:00,4.0,11.3,13:59,-1.6,05:42,4.3,57.0,20.0,16:12,https://www.data.jma.go.jp/stats/etrn/view/daily_a1.php?block_no=0402&day=&month=03&prec_no=48&view=a1s&year=2025,D:\CQUPT\self_file\competition\gjsschool2026\B题\赛题主要文件夹\问题四\外部数据抓取\raw\weather_html\jma_0402_48_2025_03_ef7374db7c.html
jma_0402_48,48,0402,2025,3,19,2025-03-19,,,,,13.5,4.0,06:25,1.0,06:02,1.3,4.1,16:14,-0.1,23:24,6.0,90.0,70.0,19:00,https://www.data.jma.go.jp/stats/etrn/view/daily_a1.php?block_no=0402&day=&month=03&prec_no=48&view=a1s&year=2025,D:\CQUPT\self_file\competition\gjsschool2026\B题\赛题主要文件夹\问题四\外部数据抓取\raw\weather_html\jma_0402_48_2025_03_ef7374db7c.html
jma_0402_48,48,0402,2025,3,20,2025-03-20,,,,,0.5,0.5,08:18,0.5,07:28,2.8,10.0,15:05,-1.5,06:26,4.6,65.0,36.0,15:12,https://www.data.jma.go.jp/stats/etrn/view/daily_a1.php?block_no=0402&day=&month=03&prec_no=48&view=a1s&year=2025,D:\CQUPT\self_file\competition\gjsschool2026\B题\赛题主要文件夹\问题四\外部数据抓取\raw\weather_html\jma_0402_48_2025_03_ef7374db7c.html
jma_0402_48,48,0402,2025,3,21,2025-03-21,,,,,0.0,0.0,24:00,0.0,24:00,6.4,17.5,15:12,-3.1,05:50,4.8,57.0,20.0,15:14,https://www.data.jma.go.jp/stats/etrn/view/daily_a1.php?block_no=0402&day=&month=03&prec_no=48&view=a1s&year=2025,D:\CQUPT\self_file\competition\gjsschool2026\B题\赛题主要文件夹\问题四\外部数据抓取\raw\weather_html\jma_0402_48_2025_03_ef7374db7c.html
jma_0402_48,48,0402,2025,3,22,2025-03-22,,,,,0.0,0.0,24:00,0.0,24:00,10.5,21.3,14:28,0.8,05:53,5.4,48.0,18.0,14:38,https://www.data.jma.go.jp/stats/etrn/view/daily_a1.php?block_no=0402&day=&month=03&prec_no=48&view=a1s&year=2025,D:\CQUPT\self_file\competition\gjsschool2026\B题\赛题主要文件夹\问题四\外部数据抓取\raw\weather_html\jma_0402_48_2025_03_ef7374db7c.html
jma_0402_48,48,0402,2025,3,23,2025-03-23,,,,,0.0,0.0,24:00,0.0,24:00,11.0,21.6,13:22,3.5,05:37,7.0,57.0,24.0,14:00,https://www.data.jma.go.jp/stats/etrn/view/daily_a1.php?block_no=0402&day=&month=03&prec_no=48&view=a1s&year=2025,D:\CQUPT\self_file\competition\gjsschool2026\B题\赛题主要文件夹\问题四\外部数据抓取\raw\weather_html\jma_0402_48_2025_03_ef7374db7c.html
jma_0402_48,48,0402,2025,3,24,2025-03-24,,,,,0.0,0.0,24:00,0.0,24:00,9.7,18.5,12:57,2.1,06:13,7.5,65.0,31.0,13:12,https://www.data.jma.go.jp/stats/etrn/view/daily_a1.php?block_no=0402&day=&month=03&prec_no=48&view=a1s&year=2025,D:\CQUPT\self_file\competition\gjsschool2026\B题\赛题主要文件夹\问题四\外部数据抓取\raw\weather_html\jma_0402_48_2025_03_ef7374db7c.html
jma_0402_48,48,0402,2025,3,25,2025-03-25,,,,,0.0,0.0,24:00,0.0,24:00,14.8,24.8,14:03,5.4,06:18,7.1,51.0,17.0,16:45,https://www.data.jma.go.jp/stats/etrn/view/daily_a1.php?block_no=0402&day=&month=03&prec_no=48&view=a1s&year=2025,D:\CQUPT\self_file\competition\gjsschool2026\B题\赛题主要文件夹\问题四\外部数据抓取\raw\weather_html\jma_0402_48_2025_03_ef7374db7c.html
jma_0402_48,48,0402,2025,3,26,2025-03-26,,,,,0.0,0.0,24:00,0.0,24:00,13.9,22.2,12:20,5.4,24:00,6.7,47.0,13.0,12:06,https://www.data.jma.go.jp/stats/etrn/view/daily_a1.php?block_no=0402&day=&month=03&prec_no=48&view=a1s&year=2025,D:\CQUPT\self_file\competition\gjsschool2026\B题\赛题主要文件夹\问题四\外部数据抓取\raw\weather_html\jma_0402_48_2025_03_ef7374db7c.html
jma_0402_48,48,0402,2025,3,27,2025-03-27,,,,,0.0,0.0,24:00,0.0,24:00,16.4,29.6,13:44,2.7,04:25,9.3,54.0,20.0,13:00,https://www.data.jma.go.jp/stats/etrn/view/daily_a1.php?block_no=0402&day=&month=03&prec_no=48&view=a1s&year=2025,D:\CQUPT\self_file\competition\gjsschool2026\B题\赛题主要文件夹\问题四\外部数据抓取\raw\weather_html\jma_0402_48_2025_03_ef7374db7c.html
jma_0402_48,48,0402,2025,3,28,2025-03-28,,,,,0.5,0.5,06:49,0.5,05:59,14.2,23.9,11:02,6.4,23:58,12.0,72.0,54.0,10:37,https://www.data.jma.go.jp/stats/etrn/view/daily_a1.php?block_no=0402&day=&month=03&prec_no=48&view=a1s&year=2025,D:\CQUPT\self_file\competition\gjsschool2026\B题\赛题主要文件夹\问题四\外部数据抓取\raw\weather_html\jma_0402_48_2025_03_ef7374db7c.html
jma_0402_48,48,0402,2025,3,29,2025-03-29,,,,,0.0,0.0,24:00,0.0,24:00,3.7,7.0,13:03,0.8,07:52,5.3,68.0,43.0,15:26,https://www.data.jma.go.jp/stats/etrn/view/daily_a1.php?block_no=0402&day=&month=03&prec_no=48&view=a1s&year=2025,D:\CQUPT\self_file\competition\gjsschool2026\B题\赛题主要文件夹\问题四\外部数据抓取\raw\weather_html\jma_0402_48_2025_03_ef7374db7c.html
jma_0402_48,48,0402,2025,3,30,2025-03-30,,,,,0.0,0.0,24:00,0.0,24:00,4.5,11.7,12:54,0.5,23:59,4.4,55.0,26.0,10:15,https://www.data.jma.go.jp/stats/etrn/view/daily_a1.php?block_no=0402&day=&month=03&prec_no=48&view=a1s&year=2025,D:\CQUPT\self_file\competition\gjsschool2026\B题\赛题主要文件夹\问题四\外部数据抓取\raw\weather_html\jma_0402_48_2025_03_ef7374db7c.html
jma_0402_48,48,0402,2025,3,31,2025-03-31,,,,,0.5,0.5,19:02,0.5,18:12,3.6,12.7,13:59,-0.8,05:55,4.9,64.0,31.0,14:03,https://www.data.jma.go.jp/stats/etrn/view/daily_a1.php?block_no=0402&day=&month=03&prec_no=48&view=a1s&year=2025,D:\CQUPT\self_file\competition\gjsschool2026\B题\赛题主要文件夹\问题四\外部数据抓取\raw\weather_html\jma_0402_48_2025_03_ef7374db7c.html
jma_0402_48,48,0402,2025,4,1,2025-04-01,,,,,2.5,1.5,10:18,0.5,10:12,5.0,9.1,13:49,1.5,05:31,7.1,82.0,62.0,14:25,https://www.data.jma.go.jp/stats/etrn/view/daily_a1.php?block_no=0402&day=&month=04&prec_no=48&view=a1s&year=2025,D:\CQUPT\self_file\competition\gjsschool2026\B题\赛题主要文件夹\问题四\外部数据抓取\raw\weather_html\jma_0402_48_2025_04_3b2151aca9.html
jma_0402_48,48,0402,2025,4,2,2025-04-02,,,,,2.5,0.5,21:48,0.5,20:58,8.9,14.0,14:57,5.7,07:07,9.4,82.0,65.0,15:19,https://www.data.jma.go.jp/stats/etrn/view/daily_a1.php?block_no=0402&day=&month=04&prec_no=48&view=a1s&year=2025,D:\CQUPT\self_file\competition\gjsschool2026\B题\赛题主要文件夹\问题四\外部数据抓取\raw\weather_html\jma_0402_48_2025_04_3b2151aca9.html
jma_0402_48,48,0402,2025,4,3,2025-04-03,,,,,1.5,1.0,08:55,0.5,08:48,7.7,12.9,16:25,4.7,23:37,8.4,80.0,53.0,17:26,https://www.data.jma.go.jp/stats/etrn/view/daily_a1.php?block_no=0402&day=&month=04&prec_no=48&view=a1s&year=2025,D:\CQUPT\self_file\competition\gjsschool2026\B题\赛题主要文件夹\问题四\外部数据抓取\raw\weather_html\jma_0402_48_2025_04_3b2151aca9.html
jma_0402_48,48,0402,2025,4,4,2025-04-04,,,,,0.0,0.0,24:00,0.0,24:00,6.7,13.4,12:52,1.9,23:55,5.9,63.0,34.0,15:54,https://www.data.jma.go.jp/stats/etrn/view/daily_a1.php?block_no=0402&day=&month=04&prec_no=48&view=a1s&year=2025,D:\CQUPT\self_file\competition\gjsschool2026\B题\赛题主要文件夹\问题四\外部数据抓取\raw\weather_html\jma_0402_48_2025_04_3b2151aca9.html
jma_0402_48,48,0402,2025,4,5,2025-04-05,,,,,0.0,0.0,24:00,0.0,24:00,7.8,16.7,14:25,-0.9,05:44,5.9,60.0,23.0,13:51,https://www.data.jma.go.jp/stats/etrn/view/daily_a1.php?block_no=0402&day=&month=04&prec_no=48&view=a1s&year=2025,D:\CQUPT\self_file\competition\gjsschool2026\B题\赛题主要文件夹\问题四\外部数据抓取\raw\weather_html\jma_0402_48_2025_04_3b2151aca9.html
jma_0402_48,48,0402,2025,4,6,2025-04-06,,,,,0.0,0.0,24:00,0.0,24:00,11.1,16.8,14:19,7.6,23:58,8.5,66.0,40.0,16:32,https://www.data.jma.go.jp/stats/etrn/view/daily_a1.php?block_no=0402&day=&month=04&prec_no=48&view=a1s&year=2025,D:\CQUPT\self_file\competition\gjsschool2026\B题\赛题主要文件夹\问题四\外部数据抓取\raw\weather_html\jma_0402_48_2025_04_3b2151aca9.html
jma_0402_48,48,0402,2025,4,7,2025-04-07,,,,,0.0,0.0,24:00,0.0,24:00,9.5,16.8,12:49,4.4,24:00,7.0,61.0,25.0,14:00,https://www.data.jma.go.jp/stats/etrn/view/daily_a1.php?block_no=0402&day=&month=04&prec_no=48&view=a1s&year=2025,D:\CQUPT\self_file\competition\gjsschool2026\B题\赛题主要文件夹\问题四\外部数据抓取\raw\weather_html\jma_0402_48_2025_04_3b2151aca9.html
jma_0402_48,48,0402,2025,4,8,2025-04-08,,,,,0.0,0.0,24:00,0.0,24:00,10.2,23.2,13:39,0.4,05:15,5.8,53.0,14.0,14:05,https://www.data.jma.go.jp/stats/etrn/view/daily_a1.php?block_no=0402&day=&month=04&prec_no=48&view=a1s&year=2025,D:\CQUPT\self_file\competition\gjsschool2026\B题\赛题主要文件夹\问题四\外部数据抓取\raw\weather_html\jma_0402_48_2025_04_3b2151aca9.html
jma_0402_48,48,0402,2025,4,9,2025-04-09,,,,,0.0,0.0,24:00,0.0,24:00,10.5,16.8,13:31,5.2,05:20,6.0,49.0,24.0,15:33,https://www.data.jma.go.jp/stats/etrn/view/daily_a1.php?block_no=0402&day=&month=04&prec_no=48&view=a1s&year=2025,D:\CQUPT\self_file\competition\gjsschool2026\B题\赛题主要文件夹\问题四\外部数据抓取\raw\weather_html\jma_0402_48_2025_04_3b2151aca9.html
jma_0402_48,48,0402,2025,4,10,2025-04-10,,,,,5.0,3.5,19:17,1.0,19:01,11.4,19.3,11:14,5.6,00:06,8.7,67.0,32.0,12:12,https://www.data.jma.go.jp/stats/etrn/view/daily_a1.php?block_no=0402&day=&month=04&prec_no=48&view=a1s&year=2025,D:\CQUPT\self_file\competition\gjsschool2026\B题\赛题主要文件夹\问题四\外部数据抓取\raw\weather_html\jma_0402_48_2025_04_3b2151aca9.html
jma_0402_48,48,0402,2025,4,11,2025-04-11,,,,,0.0,0.0,24:00,0.0,24:00,12.5,20.9,14:16,8.5,06:01,11.5,81.0,41.0,15:48,https://www.data.jma.go.jp/stats/etrn/view/daily_a1.php?block_no=0402&day=&month=04&prec_no=48&view=a1s&year=2025,D:\CQUPT\self_file\competition\gjsschool2026\B题\赛题主要文件夹\问题四\外部数据抓取\raw\weather_html\jma_0402_48_2025_04_3b2151aca9.html
jma_0402_48,48,0402,2025,4,12,2025-04-12,,,,,0.0,0.0,24:00,0.0,24:00,13.1,23.0,15:32,5.7,05:28,8.8,63.0,23.0,13:52,https://www.data.jma.go.jp/stats/etrn/view/daily_a1.php?block_no=0402&day=&month=04&prec_no=48&view=a1s&year=2025,D:\CQUPT\self_file\competition\gjsschool2026\B题\赛题主要文件夹\问题四\外部数据抓取\raw\weather_html\jma_0402_48_2025_04_3b2151aca9.html
jma_0402_48,48,0402,2025,4,13,2025-04-13,,,,,3.5,1.5,12:06,0.5,14:05,11.1,14.1,17:25,8.2,23:57,10.3,79.0,59.0,17:26,https://www.data.jma.go.jp/stats/etrn/view/daily_a1.php?block_no=0402&day=&month=04&prec_no=48&view=a1s&year=2025,D:\CQUPT\self_file\competition\gjsschool2026\B题\赛题主要文件夹\问题四\外部数据抓取\raw\weather_html\jma_0402_48_2025_04_3b2151aca9.html
jma_0402_48,48,0402,2025,4,14,2025-04-14,,,,,0.5,0.5,08:43,0.5,07:53,10.0,17.7,15:17,5.0,07:27,8.3,70.0,40.0,15:31,https://www.data.jma.go.jp/stats/etrn/view/daily_a1.php?block_no=0402&day=&month=04&prec_no=48&view=a1s&year=2025,D:\CQUPT\self_file\competition\gjsschool2026\B题\赛题主要文件夹\问题四\外部数据抓取\raw\weather_html\jma_0402_48_2025_04_3b2151aca9.html
jma_0402_48,48,0402,2025,4,15,2025-04-15,,,,,1.5,1.0,07:45,0.5,08:16,9.2,16.3,12:47,3.7,23:33,7.1,62.0,27.0,12:37,https://www.data.jma.go.jp/stats/etrn/view/daily_a1.php?block_no=0402&day=&month=04&prec_no=48&view=a1s&year=2025,D:\CQUPT\self_file\competition\gjsschool2026\B题\赛题主要文件夹\问题四\外部数据抓取\raw\weather_html\jma_0402_48_2025_04_3b2151aca9.html
jma_0402_48,48,0402,2025,4,16,2025-04-16,,,,,0.0,0.0,24:00,0.0,24:00,8.8,17.4,13:22,2.1,05:25,4.8,47.0,20.0,13:53,https://www.data.jma.go.jp/stats/etrn/view/daily_a1.php?block_no=0402&day=&month=04&prec_no=48&view=a1s&year=2025,D:\CQUPT\self_file\competition\gjsschool2026\B题\赛题主要文件夹\问题四\外部数据抓取\raw\weather_html\jma_0402_48_2025_04_3b2151aca9.html
jma_0402_48,48,0402,2025,4,17,2025-04-17,,,,,0.0,0.0,24:00,0.0,24:00,14.0,28.2,13:17,1.9,05:15,6.2,42.0,14.0,13:33,https://www.data.jma.go.jp/stats/etrn/view/daily_a1.php?block_no=0402&day=&month=04&prec_no=48&view=a1s&year=2025,D:\CQUPT\self_file\competition\gjsschool2026\B题\赛题主要文件夹\问题四\外部数据抓取\raw\weather_html\jma_0402_48_2025_04_3b2151aca9.html
jma_0402_48,48,0402,2025,4,18,2025-04-18,,,,,0.0,0.0,24:00,0.0,24:00,16.9,27.3,15:38,8.2,05:24,9.2,51.0,28.0,13:52,https://www.data.jma.go.jp/stats/etrn/view/daily_a1.php?block_no=0402&day=&month=04&prec_no=48&view=a1s&year=2025,D:\CQUPT\self_file\competition\gjsschool2026\B题\赛题主要文件夹\问题四\外部数据抓取\raw\weather_html\jma_0402_48_2025_04_3b2151aca9.html
jma_0402_48,48,0402,2025,4,19,2025-04-19,,,,,0.0,0.0,24:00,0.0,24:00,20.3,30.9,14:26,11.5,06:06,11.8,53.0,23.0,13:15,https://www.data.jma.go.jp/stats/etrn/view/daily_a1.php?block_no=0402&day=&month=04&prec_no=48&view=a1s&year=2025,D:\CQUPT\self_file\competition\gjsschool2026\B题\赛题主要文件夹\问题四\外部数据抓取\raw\weather_html\jma_0402_48_2025_04_3b2151aca9.html
jma_0402_48,48,0402,2025,4,20,2025-04-20,,,,,1.0,0.5,22:07,0.5,21:17,18.7,26.1,12:53,9.7,23:59,13.2,65.0,34.0,13:40,https://www.data.jma.go.jp/stats/etrn/view/daily_a1.php?block_no=0402&day=&month=04&prec_no=48&view=a1s&year=2025,D:\CQUPT\self_file\competition\gjsschool2026\B题\赛题主要文件夹\问题四\外部数据抓取\raw\weather_html\jma_0402_48_2025_04_3b2151aca9.html
jma_0402_48,48,0402,2025,4,21,2025-04-21,,,,,0.0,0.0,24:00,0.0,24:00,14.0,23.7,14:56,7.2,05:47,7.4,51.0,15.0,15:17,https://www.data.jma.go.jp/stats/etrn/view/daily_a1.php?block_no=0402&day=&month=04&prec_no=48&view=a1s&year=2025,D:\CQUPT\self_file\competition\gjsschool2026\B题\赛题主要文件夹\问题四\外部数据抓取\raw\weather_html\jma_0402_48_2025_04_3b2151aca9.html
jma_0402_48,48,0402,2025,4,22,2025-04-22,,,,,0.0,0.0,24:00,0.0,24:00,15.8,25.4,12:26,5.5,05:03,8.9,50.0,24.0,12:50,https://www.data.jma.go.jp/stats/etrn/view/daily_a1.php?block_no=0402&day=&month=04&prec_no=48&view=a1s&year=2025,D:\CQUPT\self_file\competition\gjsschool2026\B题\赛题主要文件夹\问题四\外部数据抓取\raw\weather_html\jma_0402_48_2025_04_3b2151aca9.html
jma_0402_48,48,0402,2025,4,23,2025-04-23,,,,,1.0,1.0,02:13,0.5,01:53,16.7,20.0,15:14,14.4,02:44,14.6,77.0,65.0,17:02,https://www.data.jma.go.jp/stats/etrn/view/daily_a1.php?block_no=0402&day=&month=04&prec_no=48&view=a1s&year=2025,D:\CQUPT\self_file\competition\gjsschool2026\B题\赛题主要文件夹\问题四\外部数据抓取\raw\weather_html\jma_0402_48_2025_04_3b2151aca9.html
jma_0402_48,48,0402,2025,4,24,2025-04-24,,,,,0.0,0.0,24:00,0.0,24:00,17.2,26.7,13:43,12.0,23:04,13.5,71.0,43.0,13:49,https://www.data.jma.go.jp/stats/etrn/view/daily_a1.php?block_no=0402&day=&month=04&prec_no=48&view=a1s&year=2025,D:\CQUPT\self_file\competition\gjsschool2026\B题\赛题主要文件夹\问题四\外部数据抓取\raw\weather_html\jma_0402_48_2025_04_3b2151aca9.html
jma_0402_48,48,0402,2025,4,25,2025-04-25,,,,,0.0,0.0,24:00,0.0,24:00,14.8,25.9,12:44,8.6,24:00,10.1,62.0,26.0,13:09,https://www.data.jma.go.jp/stats/etrn/view/daily_a1.php?block_no=0402&day=&month=04&prec_no=48&view=a1s&year=2025,D:\CQUPT\self_file\competition\gjsschool2026\B题\赛题主要文件夹\问题四\外部数据抓取\raw\weather_html\jma_0402_48_2025_04_3b2151aca9.html
jma_0402_48,48,0402,2025,4,26,2025-04-26,,,,,0.0,0.0,24:00,0.0,24:00,11.8,20.3,13:42,5.4,05:31,4.7,39.0,12.0,14:12,https://www.data.jma.go.jp/stats/etrn/view/daily_a1.php?block_no=0402&day=&month=04&prec_no=48&view=a1s&year=2025,D:\CQUPT\self_file\competition\gjsschool2026\B题\赛题主要文件夹\问题四\外部数据抓取\raw\weather_html\jma_0402_48_2025_04_3b2151aca9.html
jma_0402_48,48,0402,2025,4,27,2025-04-27,,,,,0.0,0.0,24:00,0.0,24:00,15.1,28.3,14:03,1.8,04:31,4.7,31.0,9.0,12:46,https://www.data.jma.go.jp/stats/etrn/view/daily_a1.php?block_no=0402&day=&month=04&prec_no=48&view=a1s&year=2025,D:\CQUPT\self_file\competition\gjsschool2026\B题\赛题主要文件夹\问题四\外部数据抓取\raw\weather_html\jma_0402_48_2025_04_3b2151aca9.html
jma_0402_48,48,0402,2025,4,28,2025-04-28,,,,,1.5,1.0,19:28,0.5,19:26,14.6,23.9,11:21,10.1,23:49,9.1,59.0,21.0,12:26,https://www.data.jma.go.jp/stats/etrn/view/daily_a1.php?block_no=0402&day=&month=04&prec_no=48&view=a1s&year=2025,D:\CQUPT\self_file\competition\gjsschool2026\B题\赛题主要文件夹\问题四\外部数据抓取\raw\weather_html\jma_0402_48_2025_04_3b2151aca9.html
jma_0402_48,48,0402,2025,4,29,2025-04-29,,,,,0.0,0.0,24:00,0.0,24:00,12.5,19.3,13:19,6.7,23:43,6.7,51.0,12.0,14:39,https://www.data.jma.go.jp/stats/etrn/view/daily_a1.php?block_no=0402&day=&month=04&prec_no=48&view=a1s&year=2025,D:\CQUPT\self_file\competition\gjsschool2026\B题\赛题主要文件夹\问题四\外部数据抓取\raw\weather_html\jma_0402_48_2025_04_3b2151aca9.html
jma_0402_48,48,0402,2025,4,30,2025-04-30,,,,,0.0,0.0,24:00,0.0,24:00,12.4,23.2,15:10,4.8,02:41,6.4,47.0,23.0,13:47,https://www.data.jma.go.jp/stats/etrn/view/daily_a1.php?block_no=0402&day=&month=04&prec_no=48&view=a1s&year=2025,D:\CQUPT\self_file\competition\gjsschool2026\B题\赛题主要文件夹\问题四\外部数据抓取\raw\weather_html\jma_0402_48_2025_04_3b2151aca9.html
jma_0402_48,48,0402,2025,5,1,2025-05-01,,,,,0.0,0.0,24:00,0.0,24:00,15.4,25.1,13:13,4.7,05:20,9.2,55.0,26.0,13:35,https://www.data.jma.go.jp/stats/etrn/view/daily_a1.php?block_no=0402&day=&month=05&prec_no=48&view=a1s&year=2025,D:\CQUPT\self_file\competition\gjsschool2026\B题\赛题主要文件夹\问题四\外部数据抓取\raw\weather_html\jma_0402_48_2025_05_40b6e8d4aa.html
jma_0402_48,48,0402,2025,5,2,2025-05-02,,,,,18.5,9.5,17:15,2.0,17:04,13.7,17.4,12:25,10.1,21:25,11.8,77.0,50.0,12:14,https://www.data.jma.go.jp/stats/etrn/view/daily_a1.php?block_no=0402&day=&month=05&prec_no=48&view=a1s&year=2025,D:\CQUPT\self_file\competition\gjsschool2026\B题\赛题主要文件夹\问题四\外部数据抓取\raw\weather_html\jma_0402_48_2025_05_40b6e8d4aa.html
jma_0402_48,48,0402,2025,5,3,2025-05-03,,,,,0.0,0.0,24:00,0.0,24:00,14.1,22.8,14:56,6.8,05:14,9.9,65.0,35.0,14:52,https://www.data.jma.go.jp/stats/etrn/view/daily_a1.php?block_no=0402&day=&month=05&prec_no=48&view=a1s&year=2025,D:\CQUPT\self_file\competition\gjsschool2026\B题\赛题主要文件夹\问题四\外部数据抓取\raw\weather_html\jma_0402_48_2025_05_40b6e8d4aa.html
jma_0402_48,48,0402,2025,5,4,2025-05-04,,,,,0.0,0.0,24:00,0.0,24:00,14.9,23.0,12:42,7.6,24:00,10.4,63.0,35.0,11:14,https://www.data.jma.go.jp/stats/etrn/view/daily_a1.php?block_no=0402&day=&month=05&prec_no=48&view=a1s&year=2025,D:\CQUPT\self_file\competition\gjsschool2026\B题\赛题主要文件夹\问题四\外部数据抓取\raw\weather_html\jma_0402_48_2025_05_40b6e8d4aa.html
jma_0402_48,48,0402,2025,5,5,2025-05-05,,,,,0.0,0.0,24:00,0.0,24:00,13.6,24.0,14:08,4.0,05:30,7.2,51.0,17.0,15:30,https://www.data.jma.go.jp/stats/etrn/view/daily_a1.php?block_no=0402&day=&month=05&prec_no=48&view=a1s&year=2025,D:\CQUPT\self_file\competition\gjsschool2026\B题\赛题主要文件夹\问题四\外部数据抓取\raw\weather_html\jma_0402_48_2025_05_40b6e8d4aa.html
jma_0402_48,48,0402,2025,5,6,2025-05-06,,,,,16.0,3.5,10:04,3.0,23:59,11.7,14.2,00:05,9.8,05:39,12.2,89.0,58.0,00:17,https://www.data.jma.go.jp/stats/etrn/view/daily_a1.php?block_no=0402&day=&month=05&prec_no=48&view=a1s&year=2025,D:\CQUPT\self_file\competition\gjsschool2026\B题\赛题主要文件夹\问题四\外部数据抓取\raw\weather_html\jma_0402_48_2025_05_40b6e8d4aa.html
jma_0402_48,48,0402,2025,5,7,2025-05-07,,,,,7.5,5.5,00:49,2.5,00:03,12.4,17.8,13:04,7.7,23:04,8.9,64.0,34.0,15:28,https://www.data.jma.go.jp/stats/etrn/view/daily_a1.php?block_no=0402&day=&month=05&prec_no=48&view=a1s&year=2025,D:\CQUPT\self_file\competition\gjsschool2026\B题\赛题主要文件夹\问题四\外部数据抓取\raw\weather_html\jma_0402_48_2025_05_40b6e8d4aa.html
jma_0402_48,48,0402,2025,5,8,2025-05-08,,,,,0.0,0.0,24:00,0.0,24:00,13.4,24.0,15:39,4.0,05:08,8.1,57.0,24.0,15:40,https://www.data.jma.go.jp/stats/etrn/view/daily_a1.php?block_no=0402&day=&month=05&prec_no=48&view=a1s&year=2025,D:\CQUPT\self_file\competition\gjsschool2026\B题\赛题主要文件夹\问题四\外部数据抓取\raw\weather_html\jma_0402_48_2025_05_40b6e8d4aa.html
jma_0402_48,48,0402,2025,5,9,2025-05-09,,,,,1.5,1.0,24:00,0.5,23:55,15.4,20.6,12:48,10.9,05:40,11.6,67.0,45.0,14:21,https://www.data.jma.go.jp/stats/etrn/view/daily_a1.php?block_no=0402&day=&month=05&prec_no=48&view=a1s&year=2025,D:\CQUPT\self_file\competition\gjsschool2026\B题\赛题主要文件夹\问题四\外部数据抓取\raw\weather_html\jma_0402_48_2025_05_40b6e8d4aa.html
jma_0402_48,48,0402,2025,5,10,2025-05-10,,,,,0.5,1.0,00:03,0.5,05:48,19.2,28.0,16:12,12.8,00:01,14.5,68.0,35.0,16:10,https://www.data.jma.go.jp/stats/etrn/view/daily_a1.php?block_no=0402&day=&month=05&prec_no=48&view=a1s&year=2025,D:\CQUPT\self_file\competition\gjsschool2026\B题\赛题主要文件夹\问题四\外部数据抓取\raw\weather_html\jma_0402_48_2025_05_40b6e8d4aa.html
jma_0402_48,48,0402,2025,5,11,2025-05-11,,,,,0.0,0.0,24:00,0.0,24:00,16.6,24.0,13:39,12.5,23:58,11.0,60.0,34.0,13:30,https://www.data.jma.go.jp/stats/etrn/view/daily_a1.php?block_no=0402&day=&month=05&prec_no=48&view=a1s&year=2025,D:\CQUPT\self_file\competition\gjsschool2026\B题\赛题主要文件夹\问题四\外部数据抓取\raw\weather_html\jma_0402_48_2025_05_40b6e8d4aa.html
jma_0402_48,48,0402,2025,5,12,2025-05-12,,,,,0.5,0.5,11:20,0.5,10:30,15.1,22.5,15:32,10.9,04:34,12.9,77.0,45.0,16:32,https://www.data.jma.go.jp/stats/etrn/view/daily_a1.php?block_no=0402&day=&month=05&prec_no=48&view=a1s&year=2025,D:\CQUPT\self_file\competition\gjsschool2026\B题\赛题主要文件夹\问题四\外部数据抓取\raw\weather_html\jma_0402_48_2025_05_40b6e8d4aa.html
jma_0402_48,48,0402,2025,5,13,2025-05-13,,,,,0.0,0.0,24:00,0.0,24:00,17.3,27.7,15:20,9.8,03:07,11.1,61.0,22.0,14:46,https://www.data.jma.go.jp/stats/etrn/view/daily_a1.php?block_no=0402&day=&month=05&prec_no=48&view=a1s&year=2025,D:\CQUPT\self_file\competition\gjsschool2026\B题\赛题主要文件夹\问题四\外部数据抓取\raw\weather_html\jma_0402_48_2025_05_40b6e8d4aa.html
jma_0402_48,48,0402,2025,5,14,2025-05-14,,,,,0.0,0.0,24:00,0.0,24:00,18.5,27.5,14:39,11.7,04:42,13.0,64.0,36.0,16:17,https://www.data.jma.go.jp/stats/etrn/view/daily_a1.php?block_no=0402&day=&month=05&prec_no=48&view=a1s&year=2025,D:\CQUPT\self_file\competition\gjsschool2026\B题\赛题主要文件夹\问题四\外部数据抓取\raw\weather_html\jma_0402_48_2025_05_40b6e8d4aa.html
jma_0402_48,48,0402,2025,5,15,2025-05-15,,,,,0.0,0.0,24:00,0.0,24:00,18.7,25.7,13:54,11.8,05:23,12.7,62.0,29.0,10:25,https://www.data.jma.go.jp/stats/etrn/view/daily_a1.php?block_no=0402&day=&month=05&prec_no=48&view=a1s&year=2025,D:\CQUPT\self_file\competition\gjsschool2026\B题\赛题主要文件夹\问题四\外部数据抓取\raw\weather_html\jma_0402_48_2025_05_40b6e8d4aa.html
jma_0402_48,48,0402,2025,5,16,2025-05-16,,,,,0.0,0.0,24:00,0.0,24:00,20.4,27.5,13:11,14.1,05:25,13.7,60.0,30.0,13:09,https://www.data.jma.go.jp/stats/etrn/view/daily_a1.php?block_no=0402&day=&month=05&prec_no=48&view=a1s&year=2025,D:\CQUPT\self_file\competition\gjsschool2026\B题\赛题主要文件夹\问题四\外部数据抓取\raw\weather_html\jma_0402_48_2025_05_40b6e8d4aa.html
jma_0402_48,48,0402,2025,5,17,2025-05-17,,,,,26.0,9.5,10:37,2.5,10:16,18.9,24.5,19:22,15.7,10:45,18.3,84.0,62.0,19:22,https://www.data.jma.go.jp/stats/etrn/view/daily_a1.php?block_no=0402&day=&month=05&prec_no=48&view=a1s&year=2025,D:\CQUPT\self_file\competition\gjsschool2026\B题\赛题主要文件夹\问题四\外部数据抓取\raw\weather_html\jma_0402_48_2025_05_40b6e8d4aa.html
jma_0402_48,48,0402,2025,5,18,2025-05-18,,,,,0.0,0.0,24:00,0.0,24:00,20.4,30.9,13:04,15.6,23:30,19.6,83.0,35.0,13:18,https://www.data.jma.go.jp/stats/etrn/view/daily_a1.php?block_no=0402&day=&month=05&prec_no=48&view=a1s&year=2025,D:\CQUPT\self_file\competition\gjsschool2026\B题\赛题主要文件夹\问题四\外部数据抓取\raw\weather_html\jma_0402_48_2025_05_40b6e8d4aa.html
jma_0402_48,48,0402,2025,5,19,2025-05-19,,,,,0.0,0.0,24:00,0.0,24:00,17.6,26.2,13:10,14.0,23:39,15.1,77.0,47.0,12:39,https://www.data.jma.go.jp/stats/etrn/view/daily_a1.php?block_no=0402&day=&month=05&prec_no=48&view=a1s&year=2025,D:\CQUPT\self_file\competition\gjsschool2026\B题\赛题主要文件夹\问题四\外部数据抓取\raw\weather_html\jma_0402_48_2025_05_40b6e8d4aa.html
jma_0402_48,48,0402,2025,5,20,2025-05-20,,,,,0.0,0.0,24:00,0.0,24:00,20.9,32.2,13:51,11.5,04:26,15.2,66.0,27.0,13:56,https://www.data.jma.go.jp/stats/etrn/view/daily_a1.php?block_no=0402&day=&month=05&prec_no=48&view=a1s&year=2025,D:\CQUPT\self_file\competition\gjsschool2026\B题\赛题主要文件夹\问题四\外部数据抓取\raw\weather_html\jma_0402_48_2025_05_40b6e8d4aa.html
jma_0402_48,48,0402,2025,5,21,2025-05-21,,,,,0.0,0.0,24:00,0.0,24:00,22.9,33.8,14:28,15.5,05:20,18.9,72.0,28.0,14:26,https://www.data.jma.go.jp/stats/etrn/view/daily_a1.php?block_no=0402&day=&month=05&prec_no=48&view=a1s&year=2025,D:\CQUPT\self_file\competition\gjsschool2026\B题\赛题主要文件夹\问题四\外部数据抓取\raw\weather_html\jma_0402_48_2025_05_40b6e8d4aa.html
jma_0402_48,48,0402,2025,5,22,2025-05-22,,,,,0.0,0.0,24:00,0.0,24:00,21.0,28.1,13:49,14.6,21:43,19.7,79.0,58.0,12:52,https://www.data.jma.go.jp/stats/etrn/view/daily_a1.php?block_no=0402&day=&month=05&prec_no=48&view=a1s&year=2025,D:\CQUPT\self_file\competition\gjsschool2026\B题\赛题主要文件夹\问题四\外部数据抓取\raw\weather_html\jma_0402_48_2025_05_40b6e8d4aa.html
jma_0402_48,48,0402,2025,5,23,2025-05-23,,,,,0.0,0.0,24:00,0.0,24:00,17.8,24.3,14:05,13.2,05:41,11.1,56.0,33.0,13:38,https://www.data.jma.go.jp/stats/etrn/view/daily_a1.php?block_no=0402&day=&month=05&prec_no=48&view=a1s&year=2025,D:\CQUPT\self_file\competition\gjsschool2026\B题\赛题主要文件夹\问题四\外部数据抓取\raw\weather_html\jma_0402_48_2025_05_40b6e8d4aa.html
jma_0402_48,48,0402,2025,5,24,2025-05-24,,,,,8.0,4.0,20:21,1.0,20:02,14.4,16.4,13:20,12.1,20:58,12.0,73.0,48.0,00:16,https://www.data.jma.go.jp/stats/etrn/view/daily_a1.php?block_no=0402&day=&month=05&prec_no=48&view=a1s&year=2025,D:\CQUPT\self_file\competition\gjsschool2026\B题\赛题主要文件夹\问题四\外部数据抓取\raw\weather_html\jma_0402_48_2025_05_40b6e8d4aa.html
jma_0402_48,48,0402,2025,5,25,2025-05-25,,,,,22.5,10.0,03:34,2.5,03:03,16.8,26.3,13:34,12.7,00:10,15.2,80.0,55.0,17:34,https://www.data.jma.go.jp/stats/etrn/view/daily_a1.php?block_no=0402&day=&month=05&prec_no=48&view=a1s&year=2025,D:\CQUPT\self_file\competition\gjsschool2026\B题\赛题主要文件夹\问题四\外部数据抓取\raw\weather_html\jma_0402_48_2025_05_40b6e8d4aa.html
jma_0402_48,48,0402,2025,5,26,2025-05-26,,,,,0.0,0.0,24:00,0.0,24:00,14.2,19.9,14:37,11.5,05:56,11.1,69.0,45.0,15:10,https://www.data.jma.go.jp/stats/etrn/view/daily_a1.php?block_no=0402&day=&month=05&prec_no=48&view=a1s&year=2025,D:\CQUPT\self_file\competition\gjsschool2026\B题\赛题主要文件夹\问题四\外部数据抓取\raw\weather_html\jma_0402_48_2025_05_40b6e8d4aa.html
jma_0402_48,48,0402,2025,5,27,2025-05-27,,,,,0.0,0.0,24:00,0.0,24:00,15.9,20.9,12:01,11.9,04:50,12.2,69.0,50.0,13:28,https://www.data.jma.go.jp/stats/etrn/view/daily_a1.php?block_no=0402&day=&month=05&prec_no=48&view=a1s&year=2025,D:\CQUPT\self_file\competition\gjsschool2026\B题\赛题主要文件夹\问题四\外部数据抓取\raw\weather_html\jma_0402_48_2025_05_40b6e8d4aa.html
jma_0402_48,48,0402,2025,5,28,2025-05-28,,,,,0.5,0.5,20:56,0.5,20:06,18.4,27.3,14:10,12.2,05:16,14.3,71.0,33.0,11:55,https://www.data.jma.go.jp/stats/etrn/view/daily_a1.php?block_no=0402&day=&month=05&prec_no=48&view=a1s&year=2025,D:\CQUPT\self_file\competition\gjsschool2026\B题\赛题主要文件夹\问题四\外部数据抓取\raw\weather_html\jma_0402_48_2025_05_40b6e8d4aa.html
jma_0402_48,48,0402,2025,5,29,2025-05-29,,,,,0.0,0.0,24:00,0.0,24:00,,,12:51 ),,05:32 ),,,,13:47 ),https://www.data.jma.go.jp/stats/etrn/view/daily_a1.php?block_no=0402&day=&month=05&prec_no=48&view=a1s&year=2025,D:\CQUPT\self_file\competition\gjsschool2026\B题\赛题主要文件夹\问题四\外部数据抓取\raw\weather_html\jma_0402_48_2025_05_40b6e8d4aa.html
jma_0402_48,48,0402,2025,5,30,2025-05-30,,,,,5.0,1.5,09:12,0.5,09:21,13.9,16.8,00:39,12.6,07:59,13.8,87.0,67.0,00:38,https://www.data.jma.go.jp/stats/etrn/view/daily_a1.php?block_no=0402&day=&month=05&prec_no=48&view=a1s&year=2025,D:\CQUPT\self_file\competition\gjsschool2026\B题\赛题主要文件夹\问题四\外部数据抓取\raw\weather_html\jma_0402_48_2025_05_40b6e8d4aa.html
jma_0402_48,48,0402,2025,5,31,2025-05-31,,,,,5.5,2.5,15:20,1.0,13:14,14.4,18.0,10:18,12.6,04:54,14.7,90.0,68.0,09:07,https://www.data.jma.go.jp/stats/etrn/view/daily_a1.php?block_no=0402&day=&month=05&prec_no=48&view=a1s&year=2025,D:\CQUPT\self_file\competition\gjsschool2026\B题\赛题主要文件夹\问题四\外部数据抓取\raw\weather_html\jma_0402_48_2025_05_40b6e8d4aa.html
jma_0402_48,48,0402,2025,6,1,2025-06-01,,,,,0.0,0.0,24:00,0.0,24:00,16.0,22.3,13:39,12.0,24:00,14.2,79.0,54.0,13:41,https://www.data.jma.go.jp/stats/etrn/view/daily_a1.php?block_no=0402&day=&month=06&prec_no=48&view=a1s&year=2025,D:\CQUPT\self_file\competition\gjsschool2026\B题\赛题主要文件夹\问题四\外部数据抓取\raw\weather_html\jma_0402_48_2025_06_5024887310.html
jma_0402_48,48,0402,2025,6,2,2025-06-02,,,,,0.0,0.0,24:00,0.0,24:00,17.2,24.9,14:42,10.2,01:36,13.8,72.0,48.0,14:42,https://www.data.jma.go.jp/stats/etrn/view/daily_a1.php?block_no=0402&day=&month=06&prec_no=48&view=a1s&year=2025,D:\CQUPT\self_file\competition\gjsschool2026\B题\赛题主要文件夹\问题四\外部数据抓取\raw\weather_html\jma_0402_48_2025_06_5024887310.html
jma_0402_48,48,0402,2025,6,3,2025-06-03,,,,,7.5,2.5,13:04,1.0,12:33,16.8,18.1,00:38,15.8,07:51,18.0,94.0,77.0,00:47,https://www.data.jma.go.jp/stats/etrn/view/daily_a1.php?block_no=0402&day=&month=06&prec_no=48&view=a1s&year=2025,D:\CQUPT\self_file\competition\gjsschool2026\B题\赛题主要文件夹\问题四\外部数据抓取\raw\weather_html\jma_0402_48_2025_06_5024887310.html
jma_0402_48,48,0402,2025,6,4,2025-06-04,,,,,0.0,0.0,24:00,0.0,24:00,19.4,27.1,15:16,14.5,24:00,15.9,74.0,37.0,16:28,https://www.data.jma.go.jp/stats/etrn/view/daily_a1.php?block_no=0402&day=&month=06&prec_no=48&view=a1s&year=2025,D:\CQUPT\self_file\competition\gjsschool2026\B题\赛题主要文件夹\问题四\外部数据抓取\raw\weather_html\jma_0402_48_2025_06_5024887310.html
jma_0402_48,48,0402,2025,6,5,2025-06-05,,,,,0.0,0.0,24:00,0.0,24:00,18.9,28.3,14:50,10.8,04:44,11.5,58.0,22.0,13:45,https://www.data.jma.go.jp/stats/etrn/view/daily_a1.php?block_no=0402&day=&month=06&prec_no=48&view=a1s&year=2025,D:\CQUPT\self_file\competition\gjsschool2026\B题\赛题主要文件夹\问题四\外部数据抓取\raw\weather_html\jma_0402_48_2025_06_5024887310.html
jma_0402_48,48,0402,2025,6,6,2025-06-06,,,,,0.0,0.0,24:00,0.0,24:00,20.7,29.2,12:54,12.6,05:26,14.9,64.0,28.0,13:08,https://www.data.jma.go.jp/stats/etrn/view/daily_a1.php?block_no=0402&day=&month=06&prec_no=48&view=a1s&year=2025,D:\CQUPT\self_file\competition\gjsschool2026\B题\赛题主要文件夹\问题四\外部数据抓取\raw\weather_html\jma_0402_48_2025_06_5024887310.html
jma_0402_48,48,0402,2025,6,7,2025-06-07,,,,,0.0,0.0,24:00,0.0,24:00,22.9,32.6,14:29,16.4,05:28,13.6,53.0,16.0,14:25,https://www.data.jma.go.jp/stats/etrn/view/daily_a1.php?block_no=0402&day=&month=06&prec_no=48&view=a1s&year=2025,D:\CQUPT\self_file\competition\gjsschool2026\B题\赛题主要文件夹\问题四\外部数据抓取\raw\weather_html\jma_0402_48_2025_06_5024887310.html
jma_0402_48,48,0402,2025,6,8,2025-06-08,,,,,0.0,0.0,24:00,0.0,24:00,21.1,27.8,11:47,15.9,04:59,15.7,64.0,42.0,14:59,https://www.data.jma.go.jp/stats/etrn/view/daily_a1.php?block_no=0402&day=&month=06&prec_no=48&view=a1s&year=2025,D:\CQUPT\self_file\competition\gjsschool2026\B题\赛题主要文件夹\问题四\外部数据抓取\raw\weather_html\jma_0402_48_2025_06_5024887310.html
jma_0402_48,48,0402,2025,6,9,2025-06-09,,,,,0.0,0.0,24:00,0.0,24:00,21.4,27.3,12:21,15.9,05:29,16.2,66.0,40.0,12:22,https://www.data.jma.go.jp/stats/etrn/view/daily_a1.php?block_no=0402&day=&month=06&prec_no=48&view=a1s&year=2025,D:\CQUPT\self_file\competition\gjsschool2026\B题\赛题主要文件夹\问题四\外部数据抓取\raw\weather_html\jma_0402_48_2025_06_5024887310.html
jma_0402_48,48,0402,2025,6,10,2025-06-10,,,,,8.0,5.0,13:48,2.0,13:06,19.1,20.7,12:02,17.6,06:39,19.8,90.0,73.0,00:25,https://www.data.jma.go.jp/stats/etrn/view/daily_a1.php?block_no=0402&day=&month=06&prec_no=48&view=a1s&year=2025,D:\CQUPT\self_file\competition\gjsschool2026\B题\赛题主要文件夹\问题四\外部数据抓取\raw\weather_html\jma_0402_48_2025_06_5024887310.html
jma_0402_48,48,0402,2025,6,11,2025-06-11,,,,,16.0,4.0,03:38,1.5,02:54,20.1,23.7,17:17,18.0,24:00,23.3,99.0,89.0,17:21,https://www.data.jma.go.jp/stats/etrn/view/daily_a1.php?block_no=0402&day=&month=06&prec_no=48&view=a1s&year=2025,D:\CQUPT\self_file\competition\gjsschool2026\B题\赛题主要文件夹\问题四\外部数据抓取\raw\weather_html\jma_0402_48_2025_06_5024887310.html
jma_0402_48,48,0402,2025,6,12,2025-06-12,,,,,0.0,0.0,24:00,0.0,24:00,19.2,25.3,14:54,15.1,24:00,16.9,77.0,54.0,14:49,https://www.data.jma.go.jp/stats/etrn/view/daily_a1.php?block_no=0402&day=&month=06&prec_no=48&view=a1s&year=2025,D:\CQUPT\self_file\competition\gjsschool2026\B题\赛题主要文件夹\问题四\外部数据抓取\raw\weather_html\jma_0402_48_2025_06_5024887310.html
jma_0402_48,48,0402,2025,6,13,2025-06-13,,,,,0.0,0.0,24:00,0.0,24:00,19.2,25.6,12:10,13.5,05:25,16.9,77.0,53.0,12:11,https://www.data.jma.go.jp/stats/etrn/view/daily_a1.php?block_no=0402&day=&month=06&prec_no=48&view=a1s&year=2025,D:\CQUPT\self_file\competition\gjsschool2026\B题\赛题主要文件夹\问题四\外部数据抓取\raw\weather_html\jma_0402_48_2025_06_5024887310.html
jma_0402_48,48,0402,2025,6,14,2025-06-14,,,,,10.0,2.0,16:23,1.0,12:24,19.1,20.8,09:06,17.8,06:12,20.0,90.0,78.0,09:30,https://www.data.jma.go.jp/stats/etrn/view/daily_a1.php?block_no=0402&day=&month=06&prec_no=48&view=a1s&year=2025,D:\CQUPT\self_file\competition\gjsschool2026\B题\赛题主要文件夹\问题四\外部数据抓取\raw\weather_html\jma_0402_48_2025_06_5024887310.html
jma_0402_48,48,0402,2025,6,15,2025-06-15,,,,,5.5,3.5,05:04,1.5,04:32,22.5,30.9,14:16,17.7,05:21,24.8,91.0,68.0,14:55,https://www.data.jma.go.jp/stats/etrn/view/daily_a1.php?block_no=0402&day=&month=06&prec_no=48&view=a1s&year=2025,D:\CQUPT\self_file\competition\gjsschool2026\B题\赛题主要文件夹\问题四\外部数据抓取\raw\weather_html\jma_0402_48_2025_06_5024887310.html
jma_0402_48,48,0402,2025,6,16,2025-06-16,,,,,0.0,0.0,24:00,0.0,24:00,25.7,32.3,12:50,19.1,02:37,23.5,73.0,52.0,12:53,https://www.data.jma.go.jp/stats/etrn/view/daily_a1.php?block_no=0402&day=&month=06&prec_no=48&view=a1s&year=2025,D:\CQUPT\self_file\competition\gjsschool2026\B题\赛题主要文件夹\问题四\外部数据抓取\raw\weather_html\jma_0402_48_2025_06_5024887310.html
jma_0402_48,48,0402,2025,6,17,2025-06-17,,,,,0.0,0.0,24:00,0.0,24:00,27.3,35.1,13:39,21.8,05:16,24.8,70.0,43.0,13:37,https://www.data.jma.go.jp/stats/etrn/view/daily_a1.php?block_no=0402&day=&month=06&prec_no=48&view=a1s&year=2025,D:\CQUPT\self_file\competition\gjsschool2026\B题\赛题主要文件夹\问题四\外部数据抓取\raw\weather_html\jma_0402_48_2025_06_5024887310.html
jma_0402_48,48,0402,2025,6,18,2025-06-18,,,,,0.0,0.0,24:00,0.0,24:00,26.6,36.1,14:33,20.7,05:10,22.8,68.0,33.0,14:49,https://www.data.jma.go.jp/stats/etrn/view/daily_a1.php?block_no=0402&day=&month=06&prec_no=48&view=a1s&year=2025,D:\CQUPT\self_file\competition\gjsschool2026\B题\赛题主要文件夹\问题四\外部数据抓取\raw\weather_html\jma_0402_48_2025_06_5024887310.html
jma_0402_48,48,0402,2025,6,19,2025-06-19,,,,,0.0,0.0,24:00,0.0,24:00,26.7,35.2,14:33,21.1,05:26,22.4,67.0,32.0,14:45,https://www.data.jma.go.jp/stats/etrn/view/daily_a1.php?block_no=0402&day=&month=06&prec_no=48&view=a1s&year=2025,D:\CQUPT\self_file\competition\gjsschool2026\B题\赛题主要文件夹\问题四\外部数据抓取\raw\weather_html\jma_0402_48_2025_06_5024887310.html
jma_0402_48,48,0402,2025,6,20,2025-06-20,,,,,0.0,0.0,24:00,0.0,24:00,26.3,32.0,13:18,21.6,05:10,22.9,68.0,44.0,11:34,https://www.data.jma.go.jp/stats/etrn/view/daily_a1.php?block_no=0402&day=&month=06&prec_no=48&view=a1s&year=2025,D:\CQUPT\self_file\competition\gjsschool2026\B题\赛题主要文件夹\问题四\外部数据抓取\raw\weather_html\jma_0402_48_2025_06_5024887310.html
jma_0402_48,48,0402,2025,6,21,2025-06-21,,,,,0.0,0.0,24:00,0.0,24:00,26.4,33.2,13:51,21.9,04:50,22.2,66.0,40.0,14:02,https://www.data.jma.go.jp/stats/etrn/view/daily_a1.php?block_no=0402&day=&month=06&prec_no=48&view=a1s&year=2025,D:\CQUPT\self_file\competition\gjsschool2026\B题\赛题主要文件夹\问题四\外部数据抓取\raw\weather_html\jma_0402_48_2025_06_5024887310.html
jma_0402_48,48,0402,2025,6,22,2025-06-22,,,,,0.0,0.0,24:00,0.0,24:00,28.3,36.0,13:37,22.0,01:56,20.3,55.0,34.0,13:38,https://www.data.jma.go.jp/stats/etrn/view/daily_a1.php?block_no=0402&day=&month=06&prec_no=48&view=a1s&year=2025,D:\CQUPT\self_file\competition\gjsschool2026\B题\赛题主要文件夹\问题四\外部数据抓取\raw\weather_html\jma_0402_48_2025_06_5024887310.html
jma_0402_48,48,0402,2025,6,23,2025-06-23,,,,,46.5,17.0,13:41,7.0,13:29,22.5,26.8,03:31,19.8,22:42,24.4,91.0,61.0,03:31,https://www.data.jma.go.jp/stats/etrn/view/daily_a1.php?block_no=0402&day=&month=06&prec_no=48&view=a1s&year=2025,D:\CQUPT\self_file\competition\gjsschool2026\B题\赛题主要文件夹\问题四\外部数据抓取\raw\weather_html\jma_0402_48_2025_06_5024887310.html
jma_0402_48,48,0402,2025,6,24,2025-06-24,,,,,8.0,3.5,04:48,1.0,04:21,23.3,28.2,12:27,19.8,03:52,24.3,86.0,61.0,11:51,https://www.data.jma.go.jp/stats/etrn/view/daily_a1.php?block_no=0402&day=&month=06&prec_no=48&view=a1s&year=2025,D:\CQUPT\self_file\competition\gjsschool2026\B题\赛题主要文件夹\问题四\外部数据抓取\raw\weather_html\jma_0402_48_2025_06_5024887310.html
jma_0402_48,48,0402,2025,6,25,2025-06-25,,,,,1.5,1.5,20:55,1.0,20:05,24.6,30.6,12:25,21.4,00:45,26.0,85.0,58.0,11:44,https://www.data.jma.go.jp/stats/etrn/view/daily_a1.php?block_no=0402&day=&month=06&prec_no=48&view=a1s&year=2025,D:\CQUPT\self_file\competition\gjsschool2026\B题\赛题主要文件夹\问题四\外部数据抓取\raw\weather_html\jma_0402_48_2025_06_5024887310.html
jma_0402_48,48,0402,2025,6,26,2025-06-26,,,,,4.5,3.0,14:21,1.0,13:53,24.5,31.5,10:25,20.0,23:45,26.8,88.0,54.0,10:58,https://www.data.jma.go.jp/stats/etrn/view/daily_a1.php?block_no=0402&day=&month=06&prec_no=48&view=a1s&year=2025,D:\CQUPT\self_file\competition\gjsschool2026\B题\赛题主要文件夹\问题四\外部数据抓取\raw\weather_html\jma_0402_48_2025_06_5024887310.html
jma_0402_48,48,0402,2025,6,27,2025-06-27,,,,,0.0,0.0,24:00,0.0,24:00,23.8,30.6,12:51,19.8,23:38,22.1,77.0,47.0,15:36,https://www.data.jma.go.jp/stats/etrn/view/daily_a1.php?block_no=0402&day=&month=06&prec_no=48&view=a1s&year=2025,D:\CQUPT\self_file\competition\gjsschool2026\B题\赛题主要文件夹\问题四\外部数据抓取\raw\weather_html\jma_0402_48_2025_06_5024887310.html
jma_0402_48,48,0402,2025,6,28,2025-06-28,,,,,0.0,0.0,24:00,0.0,24:00,24.4,32.5,14:28,18.8,04:41,20.6,70.0,37.0,14:30,https://www.data.jma.go.jp/stats/etrn/view/daily_a1.php?block_no=0402&day=&month=06&prec_no=48&view=a1s&year=2025,D:\CQUPT\self_file\competition\gjsschool2026\B题\赛题主要文件夹\问题四\外部数据抓取\raw\weather_html\jma_0402_48_2025_06_5024887310.html
jma_0402_48,48,0402,2025,6,29,2025-06-29,,,,,0.0,0.0,24:00,0.0,24:00,25.9,33.5,13:33,18.7,05:07,20.4,63.0,35.0,14:56,https://www.data.jma.go.jp/stats/etrn/view/daily_a1.php?block_no=0402&day=&month=06&prec_no=48&view=a1s&year=2025,D:\CQUPT\self_file\competition\gjsschool2026\B题\赛题主要文件夹\问题四\外部数据抓取\raw\weather_html\jma_0402_48_2025_06_5024887310.html
jma_0402_48,48,0402,2025,6,30,2025-06-30,,,,,0.0,0.0,24:00,0.0,24:00,27.5,35.5,13:11,21.5,05:55,23.7,66.0,43.0,16:38,https://www.data.jma.go.jp/stats/etrn/view/daily_a1.php?block_no=0402&day=&month=06&prec_no=48&view=a1s&year=2025,D:\CQUPT\self_file\competition\gjsschool2026\B题\赛题主要文件夹\问题四\外部数据抓取\raw\weather_html\jma_0402_48_2025_06_5024887310.html
jma_0402_48,48,0402,2025,7,1,2025-07-01,,,,,0.0,0.0,24:00,0.0,24:00,27.7,35.1,14:55,22.0,04:56,25.8,71.0,46.0,15:39,https://www.data.jma.go.jp/stats/etrn/view/daily_a1.php?block_no=0402&day=&month=07&prec_no=48&view=a1s&year=2025,D:\CQUPT\self_file\competition\gjsschool2026\B题\赛题主要文件夹\问题四\外部数据抓取\raw\weather_html\jma_0402_48_2025_07_d2ad121e43.html
jma_0402_48,48,0402,2025,7,2,2025-07-02,,,,,0.0,0.0,24:00,0.0,24:00,25.4,32.3,12:46,22.2,06:03,24.1,75.0,47.0,12:36,https://www.data.jma.go.jp/stats/etrn/view/daily_a1.php?block_no=0402&day=&month=07&prec_no=48&view=a1s&year=2025,D:\CQUPT\self_file\competition\gjsschool2026\B题\赛题主要文件夹\问题四\外部数据抓取\raw\weather_html\jma_0402_48_2025_07_d2ad121e43.html
jma_0402_48,48,0402,2025,7,3,2025-07-03,,,,,0.0,0.0,24:00,0.0,24:00,25.4,34.8,13:30,20.4,05:17,24.1,76.0,40.0,13:31,https://www.data.jma.go.jp/stats/etrn/view/daily_a1.php?block_no=0402&day=&month=07&prec_no=48&view=a1s&year=2025,D:\CQUPT\self_file\competition\gjsschool2026\B题\赛题主要文件夹\问题四\外部数据抓取\raw\weather_html\jma_0402_48_2025_07_d2ad121e43.html
jma_0402_48,48,0402,2025,7,4,2025-07-04,,,,,1.0,1.0,18:36,0.5,18:21,25.8,34.7,13:54,22.1,05:27,25.8,80.0,45.0,14:26,https://www.data.jma.go.jp/stats/etrn/view/daily_a1.php?block_no=0402&day=&month=07&prec_no=48&view=a1s&year=2025,D:\CQUPT\self_file\competition\gjsschool2026\B题\赛题主要文件夹\问题四\外部数据抓取\raw\weather_html\jma_0402_48_2025_07_d2ad121e43.html
jma_0402_48,48,0402,2025,7,5,2025-07-05,,,,,0.0,0.0,24:00,0.0,24:00,25.2,32.9,13:51,21.9,02:49,27.0,85.0,51.0,13:59,https://www.data.jma.go.jp/stats/etrn/view/daily_a1.php?block_no=0402&day=&month=07&prec_no=48&view=a1s&year=2025,D:\CQUPT\self_file\competition\gjsschool2026\B题\赛题主要文件夹\问题四\外部数据抓取\raw\weather_html\jma_0402_48_2025_07_d2ad121e43.html
jma_0402_48,48,0402,2025,7,6,2025-07-06,,,,,0.0,0.0,24:00,0.0,24:00,27.9,35.3,14:09,22.6,02:46,27.2,75.0,44.0,14:13,https://www.data.jma.go.jp/stats/etrn/view/daily_a1.php?block_no=0402&day=&month=07&prec_no=48&view=a1s&year=2025,D:\CQUPT\self_file\competition\gjsschool2026\B题\赛题主要文件夹\问题四\外部数据抓取\raw\weather_html\jma_0402_48_2025_07_d2ad121e43.html
jma_0402_48,48,0402,2025,7,7,2025-07-07,,,,,0.0,0.0,24:00,0.0,24:00,,,15:09 ),,05:14 ),,,,15:10 ),https://www.data.jma.go.jp/stats/etrn/view/daily_a1.php?block_no=0402&day=&month=07&prec_no=48&view=a1s&year=2025,D:\CQUPT\self_file\competition\gjsschool2026\B题\赛题主要文件夹\问题四\外部数据抓取\raw\weather_html\jma_0402_48_2025_07_d2ad121e43.html
jma_0402_48,48,0402,2025,7,8,2025-07-08,,,,,0.0,0.0,24:00,0.0,24:00,28.4,35.4,12:33,23.7,05:31,27.8,73.0,50.0,14:43,https://www.data.jma.go.jp/stats/etrn/view/daily_a1.php?block_no=0402&day=&month=07&prec_no=48&view=a1s&year=2025,D:\CQUPT\self_file\competition\gjsschool2026\B题\赛题主要文件夹\问题四\外部数据抓取\raw\weather_html\jma_0402_48_2025_07_d2ad121e43.html
jma_0402_48,48,0402,2025,7,9,2025-07-09,,,,,45.5,44.5,16:38,15.5,16:04,26.6,37.3,13:48,22.3,18:02,26.4,79.0,40.0,13:49,https://www.data.jma.go.jp/stats/etrn/view/daily_a1.php?block_no=0402&day=&month=07&prec_no=48&view=a1s&year=2025,D:\CQUPT\self_file\competition\gjsschool2026\B题\赛题主要文件夹\问题四\外部数据抓取\raw\weather_html\jma_0402_48_2025_07_d2ad121e43.html
jma_0402_48,48,0402,2025,7,10,2025-07-10,,,,,0.5,0.5,17:03,0.5,16:13,25.8,35.0,14:23,22.6,03:48,26.9,82.0,45.0,14:12,https://www.data.jma.go.jp/stats/etrn/view/daily_a1.php?block_no=0402&day=&month=07&prec_no=48&view=a1s&year=2025,D:\CQUPT\self_file\competition\gjsschool2026\B题\赛题主要文件夹\问题四\外部数据抓取\raw\weather_html\jma_0402_48_2025_07_d2ad121e43.html
jma_0402_48,48,0402,2025,7,11,2025-07-11,,,,,0.0,0.0,24:00,0.0,24:00,23.9,29.4,13:02,20.6,04:46,22.8,77.0,56.0,12:53,https://www.data.jma.go.jp/stats/etrn/view/daily_a1.php?block_no=0402&day=&month=07&prec_no=48&view=a1s&year=2025,D:\CQUPT\self_file\competition\gjsschool2026\B题\赛题主要文件夹\问题四\外部数据抓取\raw\weather_html\jma_0402_48_2025_07_d2ad121e43.html
jma_0402_48,48,0402,2025,7,12,2025-07-12,,,,,0.0,0.0,24:00,0.0,24:00,23.9,31.9,13:16,20.4,05:20,21.2,73.0,44.0,12:55,https://www.data.jma.go.jp/stats/etrn/view/daily_a1.php?block_no=0402&day=&month=07&prec_no=48&view=a1s&year=2025,D:\CQUPT\self_file\competition\gjsschool2026\B题\赛题主要文件夹\问题四\外部数据抓取\raw\weather_html\jma_0402_48_2025_07_d2ad121e43.html
jma_0402_48,48,0402,2025,7,13,2025-07-13,,,,,0.0,0.0,24:00,0.0,24:00,25.5,32.4,13:26,19.7,05:17,21.9,69.0,34.0,12:29,https://www.data.jma.go.jp/stats/etrn/view/daily_a1.php?block_no=0402&day=&month=07&prec_no=48&view=a1s&year=2025,D:\CQUPT\self_file\competition\gjsschool2026\B题\赛题主要文件夹\问题四\外部数据抓取\raw\weather_html\jma_0402_48_2025_07_d2ad121e43.html
jma_0402_48,48,0402,2025,7,14,2025-07-14,,,,,0.0,0.0,24:00,0.0,24:00,26.8,33.1,15:06,21.3,04:57,23.5,68.0,37.0,16:53,https://www.data.jma.go.jp/stats/etrn/view/daily_a1.php?block_no=0402&day=&month=07&prec_no=48&view=a1s&year=2025,D:\CQUPT\self_file\competition\gjsschool2026\B题\赛题主要文件夹\问题四\外部数据抓取\raw\weather_html\jma_0402_48_2025_07_d2ad121e43.html
jma_0402_48,48,0402,2025,7,15,2025-07-15,,,,,23.5,10.0,17:00,5.0,16:54,24.1,28.7,13:39,21.2,23:30,28.1,94.0,69.0,13:59,https://www.data.jma.go.jp/stats/etrn/view/daily_a1.php?block_no=0402&day=&month=07&prec_no=48&view=a1s&year=2025,D:\CQUPT\self_file\competition\gjsschool2026\B题\赛题主要文件夹\问题四\外部数据抓取\raw\weather_html\jma_0402_48_2025_07_d2ad121e43.html
jma_0402_48,48,0402,2025,7,16,2025-07-16,,,,,8.5,5.5,23:36,2.5,23:25,25.3,31.7,12:44,19.0,04:44,24.4,78.0,47.0,12:25,https://www.data.jma.go.jp/stats/etrn/view/daily_a1.php?block_no=0402&day=&month=07&prec_no=48&view=a1s&year=2025,D:\CQUPT\self_file\competition\gjsschool2026\B题\赛题主要文件夹\问题四\外部数据抓取\raw\weather_html\jma_0402_48_2025_07_d2ad121e43.html
jma_0402_48,48,0402,2025,7,17,2025-07-17,,,,,10.0,8.0,01:19,2.5,00:41,24.5,27.9,10:53,21.0,23:35,25.2,83.0,62.0,17:06,https://www.data.jma.go.jp/stats/etrn/view/daily_a1.php?block_no=0402&day=&month=07&prec_no=48&view=a1s&year=2025,D:\CQUPT\self_file\competition\gjsschool2026\B题\赛题主要文件夹\问题四\外部数据抓取\raw\weather_html\jma_0402_48_2025_07_d2ad121e43.html
jma_0402_48,48,0402,2025,7,18,2025-07-18,,,,,0.0,0.0,24:00,0.0,24:00,25.6,32.3,12:52,18.7,04:21,22.6,71.0,40.0,13:30,https://www.data.jma.go.jp/stats/etrn/view/daily_a1.php?block_no=0402&day=&month=07&prec_no=48&view=a1s&year=2025,D:\CQUPT\self_file\competition\gjsschool2026\B题\赛题主要文件夹\问题四\外部数据抓取\raw\weather_html\jma_0402_48_2025_07_d2ad121e43.html
jma_0402_48,48,0402,2025,7,19,2025-07-19,,,,,0.0,0.0,24:00,0.0,24:00,26.6,34.2,14:18,20.9,05:58,22.4,67.0,31.0,14:16,https://www.data.jma.go.jp/stats/etrn/view/daily_a1.php?block_no=0402&day=&month=07&prec_no=48&view=a1s&year=2025,D:\CQUPT\self_file\competition\gjsschool2026\B题\赛题主要文件夹\问题四\外部数据抓取\raw\weather_html\jma_0402_48_2025_07_d2ad121e43.html
jma_0402_48,48,0402,2025,7,20,2025-07-20,,,,,16.5,16.5,20:57,7.0,20:36,27.2,35.6,15:20,20.8,05:33,24.8,72.0,35.0,14:43,https://www.data.jma.go.jp/stats/etrn/view/daily_a1.php?block_no=0402&day=&month=07&prec_no=48&view=a1s&year=2025,D:\CQUPT\self_file\competition\gjsschool2026\B题\赛题主要文件夹\问题四\外部数据抓取\raw\weather_html\jma_0402_48_2025_07_d2ad121e43.html
jma_0402_48,48,0402,2025,7,21,2025-07-21,,,,,2.5,1.5,18:29,1.0,17:39,26.5,36.5,14:49,22.1,05:27,26.5,80.0,37.0,14:23,https://www.data.jma.go.jp/stats/etrn/view/daily_a1.php?block_no=0402&day=&month=07&prec_no=48&view=a1s&year=2025,D:\CQUPT\self_file\competition\gjsschool2026\B题\赛题主要文件夹\问题四\外部数据抓取\raw\weather_html\jma_0402_48_2025_07_d2ad121e43.html
jma_0402_48,48,0402,2025,7,22,2025-07-22,,,,,0.0,0.0,24:00,0.0,24:00,26.6,35.5,13:26,21.8,05:14,26.9,79.0,44.0,14:44,https://www.data.jma.go.jp/stats/etrn/view/daily_a1.php?block_no=0402&day=&month=07&prec_no=48&view=a1s&year=2025,D:\CQUPT\self_file\competition\gjsschool2026\B题\赛题主要文件夹\问题四\外部数据抓取\raw\weather_html\jma_0402_48_2025_07_d2ad121e43.html
jma_0402_48,48,0402,2025,7,23,2025-07-23,,,,,3.0,1.5,18:12,1.0,17:22,26.2,34.5,14:26,21.7,24:00,27.8,84.0,41.0,14:28,https://www.data.jma.go.jp/stats/etrn/view/daily_a1.php?block_no=0402&day=&month=07&prec_no=48&view=a1s&year=2025,D:\CQUPT\self_file\competition\gjsschool2026\B题\赛题主要文件夹\问题四\外部数据抓取\raw\weather_html\jma_0402_48_2025_07_d2ad121e43.html
jma_0402_48,48,0402,2025,7,24,2025-07-24,,,,,0.0,0.0,24:00,0.0,24:00,27.0,35.3,14:59,21.0,02:41,26.7,77.0,43.0,15:01,https://www.data.jma.go.jp/stats/etrn/view/daily_a1.php?block_no=0402&day=&month=07&prec_no=48&view=a1s&year=2025,D:\CQUPT\self_file\competition\gjsschool2026\B题\赛题主要文件夹\问题四\外部数据抓取\raw\weather_html\jma_0402_48_2025_07_d2ad121e43.html
jma_0402_48,48,0402,2025,7,25,2025-07-25,,,,,0.0,0.0,24:00,0.0,24:00,28.0,36.3,12:57,22.4,05:21,25.4,70.0,35.0,13:50,https://www.data.jma.go.jp/stats/etrn/view/daily_a1.php?block_no=0402&day=&month=07&prec_no=48&view=a1s&year=2025,D:\CQUPT\self_file\competition\gjsschool2026\B题\赛题主要文件夹\问题四\外部数据抓取\raw\weather_html\jma_0402_48_2025_07_d2ad121e43.html
jma_0402_48,48,0402,2025,7,26,2025-07-26,,,,,0.0,0.0,24:00,0.0,24:00,27.4,34.9,13:04,21.9,04:13,24.4,69.0,40.0,13:28,https://www.data.jma.go.jp/stats/etrn/view/daily_a1.php?block_no=0402&day=&month=07&prec_no=48&view=a1s&year=2025,D:\CQUPT\self_file\competition\gjsschool2026\B题\赛题主要文件夹\问题四\外部数据抓取\raw\weather_html\jma_0402_48_2025_07_d2ad121e43.html
jma_0402_48,48,0402,2025,7,27,2025-07-27,,,,,0.0,0.0,24:00,0.0,24:00,26.6,35.6,13:47,21.7,04:33,24.9,74.0,41.0,14:16,https://www.data.jma.go.jp/stats/etrn/view/daily_a1.php?block_no=0402&day=&month=07&prec_no=48&view=a1s&year=2025,D:\CQUPT\self_file\competition\gjsschool2026\B题\赛题主要文件夹\问题四\外部数据抓取\raw\weather_html\jma_0402_48_2025_07_d2ad121e43.html
jma_0402_48,48,0402,2025,7,28,2025-07-28,,,,,0.0,0.0,24:00,0.0,24:00,27.5,35.7,12:57,21.8,04:25,25.6,73.0,42.0,16:00,https://www.data.jma.go.jp/stats/etrn/view/daily_a1.php?block_no=0402&day=&month=07&prec_no=48&view=a1s&year=2025,D:\CQUPT\self_file\competition\gjsschool2026\B题\赛题主要文件夹\问题四\外部数据抓取\raw\weather_html\jma_0402_48_2025_07_d2ad121e43.html
jma_0402_48,48,0402,2025,7,29,2025-07-29,,,,,0.0,0.0,24:00,0.0,24:00,28.5,36.4,14:52,22.3,05:21,25.3,67.0,35.0,11:47,https://www.data.jma.go.jp/stats/etrn/view/daily_a1.php?block_no=0402&day=&month=07&prec_no=48&view=a1s&year=2025,D:\CQUPT\self_file\competition\gjsschool2026\B题\赛题主要文件夹\问题四\外部数据抓取\raw\weather_html\jma_0402_48_2025_07_d2ad121e43.html
jma_0402_48,48,0402,2025,7,30,2025-07-30,,,,,0.0,0.0,24:00,0.0,24:00,28.0,34.8,13:39,22.4,05:11,23.1,64.0,35.0,16:37,https://www.data.jma.go.jp/stats/etrn/view/daily_a1.php?block_no=0402&day=&month=07&prec_no=48&view=a1s&year=2025,D:\CQUPT\self_file\competition\gjsschool2026\B题\赛题主要文件夹\问题四\外部数据抓取\raw\weather_html\jma_0402_48_2025_07_d2ad121e43.html
jma_0402_48,48,0402,2025,7,31,2025-07-31,,,,,0.0,0.0,24:00,0.0,24:00,27.1,33.0,14:38,21.4,05:41,22.3,64.0,41.0,15:39,https://www.data.jma.go.jp/stats/etrn/view/daily_a1.php?block_no=0402&day=&month=07&prec_no=48&view=a1s&year=2025,D:\CQUPT\self_file\competition\gjsschool2026\B题\赛题主要文件夹\问题四\外部数据抓取\raw\weather_html\jma_0402_48_2025_07_d2ad121e43.html
jma_0402_48,48,0402,2025,8,1,2025-08-01,,,,,0.0,0.0,24:00,0.0,24:00,26.6,33.3,16:54,20.4,05:46,24.9,73.0,45.0,17:29,https://www.data.jma.go.jp/stats/etrn/view/daily_a1.php?block_no=0402&day=&month=08&prec_no=48&view=a1s&year=2025,D:\CQUPT\self_file\competition\gjsschool2026\B题\赛题主要文件夹\问题四\外部数据抓取\raw\weather_html\jma_0402_48_2025_08_37c54a4d47.html
jma_0402_48,48,0402,2025,8,2,2025-08-02,,,,,0.0,0.0,24:00,0.0,24:00,28.7,36.8,13:08,23.0,02:47,26.6,70.0,41.0,13:36,https://www.data.jma.go.jp/stats/etrn/view/daily_a1.php?block_no=0402&day=&month=08&prec_no=48&view=a1s&year=2025,D:\CQUPT\self_file\competition\gjsschool2026\B题\赛题主要文件夹\问题四\外部数据抓取\raw\weather_html\jma_0402_48_2025_08_37c54a4d47.html
jma_0402_48,48,0402,2025,8,3,2025-08-03,,,,,5.0,4.5,21:52,3.5,21:06,28.5,39.0,14:35,24.2,21:46,28.2,75.0,37.0,14:36,https://www.data.jma.go.jp/stats/etrn/view/daily_a1.php?block_no=0402&day=&month=08&prec_no=48&view=a1s&year=2025,D:\CQUPT\self_file\competition\gjsschool2026\B题\赛题主要文件夹\问题四\外部数据抓取\raw\weather_html\jma_0402_48_2025_08_37c54a4d47.html
jma_0402_48,48,0402,2025,8,4,2025-08-04,,,,,0.0,0.0,24:00,0.0,24:00,29.4,38.7,13:42,23.6,05:19,25.1,66.0,27.0,13:44,https://www.data.jma.go.jp/stats/etrn/view/daily_a1.php?block_no=0402&day=&month=08&prec_no=48&view=a1s&year=2025,D:\CQUPT\self_file\competition\gjsschool2026\B题\赛题主要文件夹\问题四\外部数据抓取\raw\weather_html\jma_0402_48_2025_08_37c54a4d47.html
jma_0402_48,48,0402,2025,8,5,2025-08-05,,,,,0.0,0.0,24:00,0.0,24:00,30.3,38.1,14:21,24.7,04:42,26.1,62.0,36.0,14:27,https://www.data.jma.go.jp/stats/etrn/view/daily_a1.php?block_no=0402&day=&month=08&prec_no=48&view=a1s&year=2025,D:\CQUPT\self_file\competition\gjsschool2026\B题\赛题主要文件夹\问题四\外部数据抓取\raw\weather_html\jma_0402_48_2025_08_37c54a4d47.html
jma_0402_48,48,0402,2025,8,6,2025-08-06,,,,,0.0,0.0,24:00,0.0,24:00,29.1,36.9,13:48,24.9,05:05,27.5,70.0,41.0,13:49,https://www.data.jma.go.jp/stats/etrn/view/daily_a1.php?block_no=0402&day=&month=08&prec_no=48&view=a1s&year=2025,D:\CQUPT\self_file\competition\gjsschool2026\B题\赛题主要文件夹\问题四\外部数据抓取\raw\weather_html\jma_0402_48_2025_08_37c54a4d47.html
jma_0402_48,48,0402,2025,8,7,2025-08-07,,,,,8.5,5.5,07:19,2.0,07:04,25.4,31.5,15:57,21.4,09:05,26.7,83.0,61.0,03:27,https://www.data.jma.go.jp/stats/etrn/view/daily_a1.php?block_no=0402&day=&month=08&prec_no=48&view=a1s&year=2025,D:\CQUPT\self_file\competition\gjsschool2026\B题\赛题主要文件夹\问题四\外部数据抓取\raw\weather_html\jma_0402_48_2025_08_37c54a4d47.html
jma_0402_48,48,0402,2025,8,8,2025-08-08,,,,,0.0,0.0,24:00,0.0,24:00,25.2,32.4,13:52,20.5,03:23,21.7,70.0,38.0,12:39,https://www.data.jma.go.jp/stats/etrn/view/daily_a1.php?block_no=0402&day=&month=08&prec_no=48&view=a1s&year=2025,D:\CQUPT\self_file\competition\gjsschool2026\B题\赛题主要文件夹\问题四\外部数据抓取\raw\weather_html\jma_0402_48_2025_08_37c54a4d47.html
jma_0402_48,48,0402,2025,8,9,2025-08-09,,,,,0.0,0.0,24:00,0.0,24:00,24.5,31.6,13:49,19.2,05:58,21.6,72.0,46.0,13:50,https://www.data.jma.go.jp/stats/etrn/view/daily_a1.php?block_no=0402&day=&month=08&prec_no=48&view=a1s&year=2025,D:\CQUPT\self_file\competition\gjsschool2026\B题\赛题主要文件夹\问题四\外部数据抓取\raw\weather_html\jma_0402_48_2025_08_37c54a4d47.html
jma_0402_48,48,0402,2025,8,10,2025-08-10,,,,,9.0,3.5,16:01,1.0,15:48,23.2,25.6,13:06,21.3,06:15,26.2,92.0,76.0,13:07,https://www.data.jma.go.jp/stats/etrn/view/daily_a1.php?block_no=0402&day=&month=08&prec_no=48&view=a1s&year=2025,D:\CQUPT\self_file\competition\gjsschool2026\B题\赛题主要文件夹\问题四\外部数据抓取\raw\weather_html\jma_0402_48_2025_08_37c54a4d47.html
jma_0402_48,48,0402,2025,8,11,2025-08-11,,,,,2.5,1.0,19:09,0.5,21:25,25.3,31.2,13:10,22.3,05:54,26.8,84.0,60.0,14:10,https://www.data.jma.go.jp/stats/etrn/view/daily_a1.php?block_no=0402&day=&month=08&prec_no=48&view=a1s&year=2025,D:\CQUPT\self_file\competition\gjsschool2026\B题\赛题主要文件夹\问题四\外部数据抓取\raw\weather_html\jma_0402_48_2025_08_37c54a4d47.html
jma_0402_48,48,0402,2025,8,12,2025-08-12,,,,,0.0,0.0,24:00,0.0,24:00,24.7,27.9,15:49,22.4,23:56,26.7,86.0,64.0,16:23,https://www.data.jma.go.jp/stats/etrn/view/daily_a1.php?block_no=0402&day=&month=08&prec_no=48&view=a1s&year=2025,D:\CQUPT\self_file\competition\gjsschool2026\B题\赛题主要文件夹\问题四\外部数据抓取\raw\weather_html\jma_0402_48_2025_08_37c54a4d47.html
jma_0402_48,48,0402,2025,8,13,2025-08-13,,,,,0.0,0.0,24:00,0.0,24:00,26.0,33.2,13:37,21.7,05:48,25.5,77.0,51.0,14:21,https://www.data.jma.go.jp/stats/etrn/view/daily_a1.php?block_no=0402&day=&month=08&prec_no=48&view=a1s&year=2025,D:\CQUPT\self_file\competition\gjsschool2026\B题\赛题主要文件夹\问题四\外部数据抓取\raw\weather_html\jma_0402_48_2025_08_37c54a4d47.html
jma_0402_48,48,0402,2025,8,14,2025-08-14,,,,,0.0,0.0,24:00,0.0,24:00,27.5,35.6,13:58,23.0,05:44,25.2,70.0,44.0,13:59,https://www.data.jma.go.jp/stats/etrn/view/daily_a1.php?block_no=0402&day=&month=08&prec_no=48&view=a1s&year=2025,D:\CQUPT\self_file\competition\gjsschool2026\B题\赛题主要文件夹\问题四\外部数据抓取\raw\weather_html\jma_0402_48_2025_08_37c54a4d47.html
jma_0402_48,48,0402,2025,8,15,2025-08-15,,,,,0.0,0.0,24:00,0.0,24:00,27.6,35.2,14:22,22.7,06:05,25.0,70.0,32.0,12:33,https://www.data.jma.go.jp/stats/etrn/view/daily_a1.php?block_no=0402&day=&month=08&prec_no=48&view=a1s&year=2025,D:\CQUPT\self_file\competition\gjsschool2026\B题\赛题主要文件夹\问题四\外部数据抓取\raw\weather_html\jma_0402_48_2025_08_37c54a4d47.html
jma_0402_48,48,0402,2025,8,16,2025-08-16,,,,,27.5,25.5,17:31,8.5,16:55,26.6,36.8,13:47,23.3,20:04,26.5,79.0,38.0,14:56,https://www.data.jma.go.jp/stats/etrn/view/daily_a1.php?block_no=0402&day=&month=08&prec_no=48&view=a1s&year=2025,D:\CQUPT\self_file\competition\gjsschool2026\B题\赛题主要文件夹\问题四\外部数据抓取\raw\weather_html\jma_0402_48_2025_08_37c54a4d47.html
jma_0402_48,48,0402,2025,8,17,2025-08-17,,,,,0.5,0.5,01:29,0.5,00:39,27.7,35.5,13:50,22.8,05:41,27.0,75.0,42.0,14:39,https://www.data.jma.go.jp/stats/etrn/view/daily_a1.php?block_no=0402&day=&month=08&prec_no=48&view=a1s&year=2025,D:\CQUPT\self_file\competition\gjsschool2026\B题\赛题主要文件夹\问题四\外部数据抓取\raw\weather_html\jma_0402_48_2025_08_37c54a4d47.html
jma_0402_48,48,0402,2025,8,18,2025-08-18,,,,,0.0,0.0,24:00,0.0,24:00,27.2,35.4,14:01,21.6,04:02,25.1,72.0,38.0,14:15,https://www.data.jma.go.jp/stats/etrn/view/daily_a1.php?block_no=0402&day=&month=08&prec_no=48&view=a1s&year=2025,D:\CQUPT\self_file\competition\gjsschool2026\B题\赛题主要文件夹\问题四\外部数据抓取\raw\weather_html\jma_0402_48_2025_08_37c54a4d47.html
jma_0402_48,48,0402,2025,8,19,2025-08-19,,,,,0.0,0.0,24:00,0.0,24:00,26.4,37.1,14:29,20.9,05:52,23.7,73.0,33.0,13:58,https://www.data.jma.go.jp/stats/etrn/view/daily_a1.php?block_no=0402&day=&month=08&prec_no=48&view=a1s&year=2025,D:\CQUPT\self_file\competition\gjsschool2026\B题\赛题主要文件夹\问题四\外部数据抓取\raw\weather_html\jma_0402_48_2025_08_37c54a4d47.html
jma_0402_48,48,0402,2025,8,20,2025-08-20,,,,,0.5,0.5,22:45,0.5,21:55,26.3,36.4,14:16,20.5,05:41,24.9,77.0,35.0,13:49,https://www.data.jma.go.jp/stats/etrn/view/daily_a1.php?block_no=0402&day=&month=08&prec_no=48&view=a1s&year=2025,D:\CQUPT\self_file\competition\gjsschool2026\B题\赛题主要文件夹\问题四\外部数据抓取\raw\weather_html\jma_0402_48_2025_08_37c54a4d47.html
jma_0402_48,48,0402,2025,8,21,2025-08-21,,,,,0.0,0.0,24:00,0.0,24:00,27.2,34.8,14:38,21.8,05:06,26.2,76.0,42.0,14:39,https://www.data.jma.go.jp/stats/etrn/view/daily_a1.php?block_no=0402&day=&month=08&prec_no=48&view=a1s&year=2025,D:\CQUPT\self_file\competition\gjsschool2026\B题\赛题主要文件夹\问题四\外部数据抓取\raw\weather_html\jma_0402_48_2025_08_37c54a4d47.html
jma_0402_48,48,0402,2025,8,22,2025-08-22,,,,,0.0,0.0,24:00,0.0,24:00,27.8,36.1,15:26,23.1,06:02,25.9,71.0,38.0,15:19,https://www.data.jma.go.jp/stats/etrn/view/daily_a1.php?block_no=0402&day=&month=08&prec_no=48&view=a1s&year=2025,D:\CQUPT\self_file\competition\gjsschool2026\B题\赛题主要文件夹\问题四\外部数据抓取\raw\weather_html\jma_0402_48_2025_08_37c54a4d47.html
jma_0402_48,48,0402,2025,8,23,2025-08-23,,,,,0.0,0.0,24:00,0.0,24:00,29.0,37.3,14:35,22.7,05:35,26.3,68.0,34.0,14:14,https://www.data.jma.go.jp/stats/etrn/view/daily_a1.php?block_no=0402&day=&month=08&prec_no=48&view=a1s&year=2025,D:\CQUPT\self_file\competition\gjsschool2026\B题\赛题主要文件夹\问题四\外部数据抓取\raw\weather_html\jma_0402_48_2025_08_37c54a4d47.html
jma_0402_48,48,0402,2025,8,24,2025-08-24,,,,,0.0,0.0,24:00,0.0,24:00,28.9,37.2,14:21,23.5,05:53,27.7,72.0,39.0,14:22,https://www.data.jma.go.jp/stats/etrn/view/daily_a1.php?block_no=0402&day=&month=08&prec_no=48&view=a1s&year=2025,D:\CQUPT\self_file\competition\gjsschool2026\B题\赛题主要文件夹\问题四\外部数据抓取\raw\weather_html\jma_0402_48_2025_08_37c54a4d47.html
jma_0402_48,48,0402,2025,8,25,2025-08-25,,,,,0.0,0.0,24:00,0.0,24:00,28.5,35.1,13:54,24.3,05:51,27.7,73.0,47.0,14:02,https://www.data.jma.go.jp/stats/etrn/view/daily_a1.php?block_no=0402&day=&month=08&prec_no=48&view=a1s&year=2025,D:\CQUPT\self_file\competition\gjsschool2026\B题\赛题主要文件夹\问题四\外部数据抓取\raw\weather_html\jma_0402_48_2025_08_37c54a4d47.html
jma_0402_48,48,0402,2025,8,26,2025-08-26,,,,,0.0,0.0,24:00,0.0,24:00,28.6,36.6,13:07,24.8,24:00,26.6,70.0,37.0,13:10,https://www.data.jma.go.jp/stats/etrn/view/daily_a1.php?block_no=0402&day=&month=08&prec_no=48&view=a1s&year=2025,D:\CQUPT\self_file\competition\gjsschool2026\B题\赛题主要文件夹\问题四\外部数据抓取\raw\weather_html\jma_0402_48_2025_08_37c54a4d47.html
jma_0402_48,48,0402,2025,8,27,2025-08-27,,,,,0.0,0.0,24:00,0.0,24:00,26.5,34.1,11:17,22.3,24:00,25.7,76.0,43.0,11:18,https://www.data.jma.go.jp/stats/etrn/view/daily_a1.php?block_no=0402&day=&month=08&prec_no=48&view=a1s&year=2025,D:\CQUPT\self_file\competition\gjsschool2026\B题\赛题主要文件夹\问题四\外部数据抓取\raw\weather_html\jma_0402_48_2025_08_37c54a4d47.html
jma_0402_48,48,0402,2025,8,28,2025-08-28,,,,,0.0,0.0,24:00,0.0,24:00,25.6,34.4,15:18,20.0,05:06,21.4,67.0,37.0,15:58,https://www.data.jma.go.jp/stats/etrn/view/daily_a1.php?block_no=0402&day=&month=08&prec_no=48&view=a1s&year=2025,D:\CQUPT\self_file\competition\gjsschool2026\B题\赛题主要文件夹\问题四\外部数据抓取\raw\weather_html\jma_0402_48_2025_08_37c54a4d47.html
jma_0402_48,48,0402,2025,8,29,2025-08-29,,,,,0.0,0.0,24:00,0.0,24:00,26.7,34.5,14:06,20.7,04:03,23.3,68.0,41.0,14:14,https://www.data.jma.go.jp/stats/etrn/view/daily_a1.php?block_no=0402&day=&month=08&prec_no=48&view=a1s&year=2025,D:\CQUPT\self_file\competition\gjsschool2026\B题\赛题主要文件夹\问题四\外部数据抓取\raw\weather_html\jma_0402_48_2025_08_37c54a4d47.html
jma_0402_48,48,0402,2025,8,30,2025-08-30,,,,,0.0,0.0,24:00,0.0,24:00,27.8,36.5,13:40,21.1,05:02,24.5,69.0,36.0,15:28,https://www.data.jma.go.jp/stats/etrn/view/daily_a1.php?block_no=0402&day=&month=08&prec_no=48&view=a1s&year=2025,D:\CQUPT\self_file\competition\gjsschool2026\B题\赛题主要文件夹\问题四\外部数据抓取\raw\weather_html\jma_0402_48_2025_08_37c54a4d47.html
jma_0402_48,48,0402,2025,8,31,2025-08-31,,,,,0.0,0.0,24:00,0.0,24:00,28.0,36.8,13:07,22.7,05:31,25.3,69.0,37.0,13:56,https://www.data.jma.go.jp/stats/etrn/view/daily_a1.php?block_no=0402&day=&month=08&prec_no=48&view=a1s&year=2025,D:\CQUPT\self_file\competition\gjsschool2026\B题\赛题主要文件夹\问题四\外部数据抓取\raw\weather_html\jma_0402_48_2025_08_37c54a4d47.html
jma_0402_48,48,0402,2025,9,1,2025-09-01,,,,,0.0,0.0,24:00,0.0,24:00,28.7,37.4,13:43,22.0,05:49,24.0,64.0,33.0,15:30,https://www.data.jma.go.jp/stats/etrn/view/daily_a1.php?block_no=0402&day=&month=09&prec_no=48&view=a1s&year=2025,D:\CQUPT\self_file\competition\gjsschool2026\B题\赛题主要文件夹\问题四\外部数据抓取\raw\weather_html\jma_0402_48_2025_09_dfc044c58e.html
jma_0402_48,48,0402,2025,9,2,2025-09-02,,,,,0.0,0.0,24:00,0.0,24:00,27.7,36.4,14:18,21.6,05:44,24.0,68.0,33.0,14:34,https://www.data.jma.go.jp/stats/etrn/view/daily_a1.php?block_no=0402&day=&month=09&prec_no=48&view=a1s&year=2025,D:\CQUPT\self_file\competition\gjsschool2026\B题\赛题主要文件夹\问题四\外部数据抓取\raw\weather_html\jma_0402_48_2025_09_dfc044c58e.html
jma_0402_48,48,0402,2025,9,3,2025-09-03,,,,,8.0,6.0,21:16,5.5,20:26,26.6,35.2,12:35,22.3,05:53,25.9,77.0,42.0,13:16,https://www.data.jma.go.jp/stats/etrn/view/daily_a1.php?block_no=0402&day=&month=09&prec_no=48&view=a1s&year=2025,D:\CQUPT\self_file\competition\gjsschool2026\B题\赛题主要文件夹\问题四\外部数据抓取\raw\weather_html\jma_0402_48_2025_09_dfc044c58e.html
jma_0402_48,48,0402,2025,9,4,2025-09-04,,,,,0.5,0.5,24:00,0.5,24:00,,,09:28 ),,00:29 ),,,,11:15 ),https://www.data.jma.go.jp/stats/etrn/view/daily_a1.php?block_no=0402&day=&month=09&prec_no=48&view=a1s&year=2025,D:\CQUPT\self_file\competition\gjsschool2026\B题\赛题主要文件夹\问题四\外部数据抓取\raw\weather_html\jma_0402_48_2025_09_dfc044c58e.html
jma_0402_48,48,0402,2025,9,5,2025-09-05,,,,,33.5,7.5,11:28,2.5,11:12,22.9,27.9,16:19,21.2,11:27,26.0,94.0,70.0,16:33,https://www.data.jma.go.jp/stats/etrn/view/daily_a1.php?block_no=0402&day=&month=09&prec_no=48&view=a1s&year=2025,D:\CQUPT\self_file\competition\gjsschool2026\B题\赛题主要文件夹\问题四\外部数据抓取\raw\weather_html\jma_0402_48_2025_09_dfc044c58e.html
jma_0402_48,48,0402,2025,9,6,2025-09-06,,,,,0.0,0.0,24:00,0.0,24:00,24.4,32.4,13:41,18.5,05:50,21.4,73.0,40.0,15:57,https://www.data.jma.go.jp/stats/etrn/view/daily_a1.php?block_no=0402&day=&month=09&prec_no=48&view=a1s&year=2025,D:\CQUPT\self_file\competition\gjsschool2026\B题\赛题主要文件夹\问题四\外部数据抓取\raw\weather_html\jma_0402_48_2025_09_dfc044c58e.html
jma_0402_48,48,0402,2025,9,7,2025-09-07,,,,,0.0,0.0,24:00,0.0,24:00,25.4,34.5,13:43,18.2,04:45,22.4,72.0,39.0,13:19,https://www.data.jma.go.jp/stats/etrn/view/daily_a1.php?block_no=0402&day=&month=09&prec_no=48&view=a1s&year=2025,D:\CQUPT\self_file\competition\gjsschool2026\B题\赛题主要文件夹\问题四\外部数据抓取\raw\weather_html\jma_0402_48_2025_09_dfc044c58e.html
jma_0402_48,48,0402,2025,9,8,2025-09-08,,,,,0.0,0.0,24:00,0.0,24:00,25.1,30.4,13:25,20.4,05:30,26.1,82.0,66.0,13:26,https://www.data.jma.go.jp/stats/etrn/view/daily_a1.php?block_no=0402&day=&month=09&prec_no=48&view=a1s&year=2025,D:\CQUPT\self_file\competition\gjsschool2026\B题\赛题主要文件夹\问题四\外部数据抓取\raw\weather_html\jma_0402_48_2025_09_dfc044c58e.html
jma_0402_48,48,0402,2025,9,9,2025-09-09,,,,,0.0,0.0,24:00,0.0,24:00,26.9,34.2,13:00,22.8,24:00,26.4,77.0,43.0,12:36,https://www.data.jma.go.jp/stats/etrn/view/daily_a1.php?block_no=0402&day=&month=09&prec_no=48&view=a1s&year=2025,D:\CQUPT\self_file\competition\gjsschool2026\B题\赛题主要文件夹\问题四\外部数据抓取\raw\weather_html\jma_0402_48_2025_09_dfc044c58e.html
jma_0402_48,48,0402,2025,9,10,2025-09-10,,,,,0.0,0.0,24:00,0.0,24:00,25.8,33.6,12:18,22.2,01:36,26.4,81.0,45.0,12:53,https://www.data.jma.go.jp/stats/etrn/view/daily_a1.php?block_no=0402&day=&month=09&prec_no=48&view=a1s&year=2025,D:\CQUPT\self_file\competition\gjsschool2026\B题\赛题主要文件夹\问题四\外部数据抓取\raw\weather_html\jma_0402_48_2025_09_dfc044c58e.html
jma_0402_48,48,0402,2025,9,11,2025-09-11,,,,,10.0,5.0,04:32,1.5,04:21,24.2,30.1,15:45,21.4,04:48,26.8,89.0,62.0,15:44,https://www.data.jma.go.jp/stats/etrn/view/daily_a1.php?block_no=0402&day=&month=09&prec_no=48&view=a1s&year=2025,D:\CQUPT\self_file\competition\gjsschool2026\B题\赛题主要文件夹\问题四\外部数据抓取\raw\weather_html\jma_0402_48_2025_09_dfc044c58e.html
jma_0402_48,48,0402,2025,9,12,2025-09-12,,,,,3.5,2.0,19:17,1.0,18:27,22.6,26.4,10:48,20.8,22:07,24.5,90.0,68.0,10:59,https://www.data.jma.go.jp/stats/etrn/view/daily_a1.php?block_no=0402&day=&month=09&prec_no=48&view=a1s&year=2025,D:\CQUPT\self_file\competition\gjsschool2026\B题\赛题主要文件夹\问题四\外部数据抓取\raw\weather_html\jma_0402_48_2025_09_dfc044c58e.html
jma_0402_48,48,0402,2025,9,13,2025-09-13,,,,,1.5,1.0,01:59,0.5,03:53,23.9,26.8,22:58,20.5,04:48,24.7,84.0,66.0,22:58,https://www.data.jma.go.jp/stats/etrn/view/daily_a1.php?block_no=0402&day=&month=09&prec_no=48&view=a1s&year=2025,D:\CQUPT\self_file\competition\gjsschool2026\B题\赛题主要文件夹\问题四\外部数据抓取\raw\weather_html\jma_0402_48_2025_09_dfc044c58e.html
jma_0402_48,48,0402,2025,9,14,2025-09-14,,,,,8.0,5.5,07:33,2.0,06:56,23.4,27.2,00:24,21.6,07:20,26.8,93.0,65.0,00:25,https://www.data.jma.go.jp/stats/etrn/view/daily_a1.php?block_no=0402&day=&month=09&prec_no=48&view=a1s&year=2025,D:\CQUPT\self_file\competition\gjsschool2026\B题\赛题主要文件夹\问题四\外部数据抓取\raw\weather_html\jma_0402_48_2025_09_dfc044c58e.html
jma_0402_48,48,0402,2025,9,15,2025-09-15,,,,,0.0,0.0,24:00,0.0,24:00,25.7,32.9,14:55,22.1,02:00,27.3,84.0,57.0,14:57,https://www.data.jma.go.jp/stats/etrn/view/daily_a1.php?block_no=0402&day=&month=09&prec_no=48&view=a1s&year=2025,D:\CQUPT\self_file\competition\gjsschool2026\B题\赛题主要文件夹\问题四\外部数据抓取\raw\weather_html\jma_0402_48_2025_09_dfc044c58e.html
jma_0402_48,48,0402,2025,9,16,2025-09-16,,,,,0.0,0.0,24:00,0.0,24:00,26.3,33.6,14:25,22.5,05:36,26.4,79.0,46.0,14:34,https://www.data.jma.go.jp/stats/etrn/view/daily_a1.php?block_no=0402&day=&month=09&prec_no=48&view=a1s&year=2025,D:\CQUPT\self_file\competition\gjsschool2026\B题\赛题主要文件夹\问题四\外部数据抓取\raw\weather_html\jma_0402_48_2025_09_dfc044c58e.html
jma_0402_48,48,0402,2025,9,17,2025-09-17,,,,,0.0,0.0,24:00,0.0,24:00,27.1,35.0,14:07,21.6,06:00,26.3,76.0,42.0,14:09,https://www.data.jma.go.jp/stats/etrn/view/daily_a1.php?block_no=0402&day=&month=09&prec_no=48&view=a1s&year=2025,D:\CQUPT\self_file\competition\gjsschool2026\B题\赛题主要文件夹\问题四\外部数据抓取\raw\weather_html\jma_0402_48_2025_09_dfc044c58e.html
jma_0402_48,48,0402,2025,9,18,2025-09-18,,,,,6.0,5.0,13:16,2.0,12:25,23.2,31.8,10:32,18.9,23:22,24.7,87.0,53.0,10:36,https://www.data.jma.go.jp/stats/etrn/view/daily_a1.php?block_no=0402&day=&month=09&prec_no=48&view=a1s&year=2025,D:\CQUPT\self_file\competition\gjsschool2026\B题\赛题主要文件夹\问题四\外部数据抓取\raw\weather_html\jma_0402_48_2025_09_dfc044c58e.html
jma_0402_48,48,0402,2025,9,19,2025-09-19,,,,,0.0,0.0,24:00,0.0,24:00,19.7,22.8,14:42,18.1,09:58,17.5,77.0,61.0,15:07,https://www.data.jma.go.jp/stats/etrn/view/daily_a1.php?block_no=0402&day=&month=09&prec_no=48&view=a1s&year=2025,D:\CQUPT\self_file\competition\gjsschool2026\B题\赛题主要文件夹\问题四\外部数据抓取\raw\weather_html\jma_0402_48_2025_09_dfc044c58e.html
jma_0402_48,48,0402,2025,9,20,2025-09-20,,,,,1.0,1.0,23:35,1.0,22:45,21.2,24.7,14:54,18.7,04:46,19.6,78.0,62.0,10:35,https://www.data.jma.go.jp/stats/etrn/view/daily_a1.php?block_no=0402&day=&month=09&prec_no=48&view=a1s&year=2025,D:\CQUPT\self_file\competition\gjsschool2026\B题\赛题主要文件夹\问题四\外部数据抓取\raw\weather_html\jma_0402_48_2025_09_dfc044c58e.html
jma_0402_48,48,0402,2025,9,21,2025-09-21,,,,,7.5,6.0,01:16,2.5,00:28,19.9,24.3,12:05,14.9,23:41,18.9,82.0,59.0,15:14,https://www.data.jma.go.jp/stats/etrn/view/daily_a1.php?block_no=0402&day=&month=09&prec_no=48&view=a1s&year=2025,D:\CQUPT\self_file\competition\gjsschool2026\B题\赛题主要文件夹\问题四\外部数据抓取\raw\weather_html\jma_0402_48_2025_09_dfc044c58e.html
jma_0402_48,48,0402,2025,9,22,2025-09-22,,,,,0.0,0.0,24:00,0.0,24:00,18.2,26.1,14:21,12.9,05:11,14.5,72.0,37.0,14:35,https://www.data.jma.go.jp/stats/etrn/view/daily_a1.php?block_no=0402&day=&month=09&prec_no=48&view=a1s&year=2025,D:\CQUPT\self_file\competition\gjsschool2026\B题\赛题主要文件夹\问题四\外部数据抓取\raw\weather_html\jma_0402_48_2025_09_dfc044c58e.html
jma_0402_48,48,0402,2025,9,23,2025-09-23,,,,,0.0,0.0,24:00,0.0,24:00,18.7,23.4,12:52,15.8,04:04,14.4,68.0,50.0,14:00,https://www.data.jma.go.jp/stats/etrn/view/daily_a1.php?block_no=0402&day=&month=09&prec_no=48&view=a1s&year=2025,D:\CQUPT\self_file\competition\gjsschool2026\B题\赛题主要文件夹\问题四\外部数据抓取\raw\weather_html\jma_0402_48_2025_09_dfc044c58e.html
jma_0402_48,48,0402,2025,9,24,2025-09-24,,,,,0.0,0.0,24:00,0.0,24:00,18.9,24.2,12:33,13.6,05:15,15.3,71.0,51.0,12:20,https://www.data.jma.go.jp/stats/etrn/view/daily_a1.php?block_no=0402&day=&month=09&prec_no=48&view=a1s&year=2025,D:\CQUPT\self_file\competition\gjsschool2026\B题\赛题主要文件夹\问题四\外部数据抓取\raw\weather_html\jma_0402_48_2025_09_dfc044c58e.html
jma_0402_48,48,0402,2025,9,25,2025-09-25,,,,,0.0,0.0,24:00,0.0,24:00,20.3,27.2,12:26,15.5,03:58,19.3,81.0,54.0,11:47,https://www.data.jma.go.jp/stats/etrn/view/daily_a1.php?block_no=0402&day=&month=09&prec_no=48&view=a1s&year=2025,D:\CQUPT\self_file\competition\gjsschool2026\B题\赛题主要文件夹\问题四\外部数据抓取\raw\weather_html\jma_0402_48_2025_09_dfc044c58e.html
jma_0402_48,48,0402,2025,9,26,2025-09-26,,,,,0.0,0.0,24:00,0.0,24:00,22.2,29.8,13:24,18.4,05:22,21.1,80.0,56.0,13:32,https://www.data.jma.go.jp/stats/etrn/view/daily_a1.php?block_no=0402&day=&month=09&prec_no=48&view=a1s&year=2025,D:\CQUPT\self_file\competition\gjsschool2026\B题\赛题主要文件夹\问题四\外部数据抓取\raw\weather_html\jma_0402_48_2025_09_dfc044c58e.html
jma_0402_48,48,0402,2025,9,27,2025-09-27,,,,,0.0,0.0,24:00,0.0,24:00,20.8,28.1,14:43,16.0,06:02,16.8,70.0,37.0,14:32,https://www.data.jma.go.jp/stats/etrn/view/daily_a1.php?block_no=0402&day=&month=09&prec_no=48&view=a1s&year=2025,D:\CQUPT\self_file\competition\gjsschool2026\B题\赛题主要文件夹\问题四\外部数据抓取\raw\weather_html\jma_0402_48_2025_09_dfc044c58e.html
jma_0402_48,48,0402,2025,9,28,2025-09-28,,,,,0.0,0.0,24:00,0.0,24:00,21.1,27.8,13:19,14.2,05:54,17.4,71.0,44.0,12:53,https://www.data.jma.go.jp/stats/etrn/view/daily_a1.php?block_no=0402&day=&month=09&prec_no=48&view=a1s&year=2025,D:\CQUPT\self_file\competition\gjsschool2026\B题\赛题主要文件夹\问题四\外部数据抓取\raw\weather_html\jma_0402_48_2025_09_dfc044c58e.html
jma_0402_48,48,0402,2025,9,29,2025-09-29,,,,,0.0,0.0,24:00,0.0,24:00,23.1,30.6,13:40,17.6,24:00,18.9,68.0,33.0,13:42,https://www.data.jma.go.jp/stats/etrn/view/daily_a1.php?block_no=0402&day=&month=09&prec_no=48&view=a1s&year=2025,D:\CQUPT\self_file\competition\gjsschool2026\B题\赛题主要文件夹\问题四\外部数据抓取\raw\weather_html\jma_0402_48_2025_09_dfc044c58e.html
jma_0402_48,48,0402,2025,9,30,2025-09-30,,,,,1.0,0.5,24:00,0.5,23:42,19.9,27.0,12:31,15.2,06:00,16.0,71.0,41.0,13:35,https://www.data.jma.go.jp/stats/etrn/view/daily_a1.php?block_no=0402&day=&month=09&prec_no=48&view=a1s&year=2025,D:\CQUPT\self_file\competition\gjsschool2026\B题\赛题主要文件夹\问题四\外部数据抓取\raw\weather_html\jma_0402_48_2025_09_dfc044c58e.html
jma_0402_48,48,0402,2025,10,1,2025-10-01,,,,,17.5,17.0,17:22,15.0,16:33,18.0,24.3,13:42,14.5,23:32,18.4,90.0,61.0,13:44,https://www.data.jma.go.jp/stats/etrn/view/daily_a1.php?block_no=0402&day=&month=10&prec_no=48&view=a1s&year=2025,D:\CQUPT\self_file\competition\gjsschool2026\B题\赛题主要文件夹\问题四\外部数据抓取\raw\weather_html\jma_0402_48_2025_10_0bb84d9afb.html
jma_0402_48,48,0402,2025,10,2,2025-10-02,,,,,0.0,0.0,24:00,0.0,24:00,18.4,25.6,12:24,14.5,01:19,15.8,77.0,46.0,16:01,https://www.data.jma.go.jp/stats/etrn/view/daily_a1.php?block_no=0402&day=&month=10&prec_no=48&view=a1s&year=2025,D:\CQUPT\self_file\competition\gjsschool2026\B题\赛题主要文件夹\问题四\外部数据抓取\raw\weather_html\jma_0402_48_2025_10_0bb84d9afb.html
jma_0402_48,48,0402,2025,10,3,2025-10-03,,,,,0.0,0.0,24:00,0.0,24:00,18.0,24.3,13:42,13.3,05:59,15.7,77.0,55.0,15:39,https://www.data.jma.go.jp/stats/etrn/view/daily_a1.php?block_no=0402&day=&month=10&prec_no=48&view=a1s&year=2025,D:\CQUPT\self_file\competition\gjsschool2026\B题\赛题主要文件夹\问题四\外部数据抓取\raw\weather_html\jma_0402_48_2025_10_0bb84d9afb.html
jma_0402_48,48,0402,2025,10,4,2025-10-04,,,,,1.0,1.0,18:01,0.5,17:42,18.5,21.2,12:20,17.0,05:18,17.7,84.0,63.0,12:07,https://www.data.jma.go.jp/stats/etrn/view/daily_a1.php?block_no=0402&day=&month=10&prec_no=48&view=a1s&year=2025,D:\CQUPT\self_file\competition\gjsschool2026\B题\赛题主要文件夹\问题四\外部数据抓取\raw\weather_html\jma_0402_48_2025_10_0bb84d9afb.html
jma_0402_48,48,0402,2025,10,5,2025-10-05,,,,,2.0,1.5,14:02,1.0,13:12,20.3,26.3,11:54,17.6,05:30,21.8,92.0,62.0,11:56,https://www.data.jma.go.jp/stats/etrn/view/daily_a1.php?block_no=0402&day=&month=10&prec_no=48&view=a1s&year=2025,D:\CQUPT\self_file\competition\gjsschool2026\B题\赛题主要文件夹\问题四\外部数据抓取\raw\weather_html\jma_0402_48_2025_10_0bb84d9afb.html
jma_0402_48,48,0402,2025,10,6,2025-10-06,,,,,0.5,0.5,04:26,0.5,03:36,20.6,26.3,13:41,17.1,22:57,18.7,78.0,41.0,13:43,https://www.data.jma.go.jp/stats/etrn/view/daily_a1.php?block_no=0402&day=&month=10&prec_no=48&view=a1s&year=2025,D:\CQUPT\self_file\competition\gjsschool2026\B题\赛题主要文件夹\问题四\外部数据抓取\raw\weather_html\jma_0402_48_2025_10_0bb84d9afb.html
jma_0402_48,48,0402,2025,10,7,2025-10-07,,,,,0.0,0.0,24:00,0.0,24:00,18.3,22.0,12:05,16.3,03:52,15.8,76.0,60.0,12:46,https://www.data.jma.go.jp/stats/etrn/view/daily_a1.php?block_no=0402&day=&month=10&prec_no=48&view=a1s&year=2025,D:\CQUPT\self_file\competition\gjsschool2026\B题\赛题主要文件夹\问题四\外部数据抓取\raw\weather_html\jma_0402_48_2025_10_0bb84d9afb.html
jma_0402_48,48,0402,2025,10,8,2025-10-08,,,,,0.0,0.0,24:00,0.0,24:00,20.5,28.5,13:46,14.6,05:38,18.1,76.0,49.0,13:49,https://www.data.jma.go.jp/stats/etrn/view/daily_a1.php?block_no=0402&day=&month=10&prec_no=48&view=a1s&year=2025,D:\CQUPT\self_file\competition\gjsschool2026\B题\赛题主要文件夹\问题四\外部数据抓取\raw\weather_html\jma_0402_48_2025_10_0bb84d9afb.html
jma_0402_48,48,0402,2025,10,9,2025-10-09,,,,,0.0,0.0,24:00,0.0,24:00,18.1,23.7,12:14,14.3,22:23,14.7,71.0,47.0,14:38,https://www.data.jma.go.jp/stats/etrn/view/daily_a1.php?block_no=0402&day=&month=10&prec_no=48&view=a1s&year=2025,D:\CQUPT\self_file\competition\gjsschool2026\B题\赛题主要文件夹\问题四\外部数据抓取\raw\weather_html\jma_0402_48_2025_10_0bb84d9afb.html
jma_0402_48,48,0402,2025,10,10,2025-10-10,,,,,0.0,0.0,24:00,0.0,24:00,17.3,23.7,12:36,13.7,06:30,13.2,68.0,45.0,12:37,https://www.data.jma.go.jp/stats/etrn/view/daily_a1.php?block_no=0402&day=&month=10&prec_no=48&view=a1s&year=2025,D:\CQUPT\self_file\competition\gjsschool2026\B题\赛题主要文件夹\问题四\外部数据抓取\raw\weather_html\jma_0402_48_2025_10_0bb84d9afb.html
jma_0402_48,48,0402,2025,10,11,2025-10-11,,,,,0.0,0.0,24:00,0.0,24:00,15.9,17.6,12:37,14.3,24:00,14.7,82.0,72.0,15:26,https://www.data.jma.go.jp/stats/etrn/view/daily_a1.php?block_no=0402&day=&month=10&prec_no=48&view=a1s&year=2025,D:\CQUPT\self_file\competition\gjsschool2026\B题\赛题主要文件夹\问题四\外部数据抓取\raw\weather_html\jma_0402_48_2025_10_0bb84d9afb.html
jma_0402_48,48,0402,2025,10,12,2025-10-12,,,,,0.0,0.0,24:00,0.0,24:00,19.8,29.1,14:08,11.9,06:11,18.5,81.0,52.0,14:06,https://www.data.jma.go.jp/stats/etrn/view/daily_a1.php?block_no=0402&day=&month=10&prec_no=48&view=a1s&year=2025,D:\CQUPT\self_file\competition\gjsschool2026\B题\赛题主要文件夹\问题四\外部数据抓取\raw\weather_html\jma_0402_48_2025_10_0bb84d9afb.html
jma_0402_48,48,0402,2025,10,13,2025-10-13,,,,,0.0,0.0,24:00,0.0,24:00,19.4,25.5,12:27,15.5,23:54,18.3,82.0,58.0,14:03,https://www.data.jma.go.jp/stats/etrn/view/daily_a1.php?block_no=0402&day=&month=10&prec_no=48&view=a1s&year=2025,D:\CQUPT\self_file\competition\gjsschool2026\B题\赛题主要文件夹\问题四\外部数据抓取\raw\weather_html\jma_0402_48_2025_10_0bb84d9afb.html
jma_0402_48,48,0402,2025,10,14,2025-10-14,,,,,14.0,5.5,18:15,1.5,17:25,14.7,17.1,09:56,12.6,18:33,15.1,90.0,74.0,12:32,https://www.data.jma.go.jp/stats/etrn/view/daily_a1.php?block_no=0402&day=&month=10&prec_no=48&view=a1s&year=2025,D:\CQUPT\self_file\competition\gjsschool2026\B题\赛题主要文件夹\问题四\外部数据抓取\raw\weather_html\jma_0402_48_2025_10_0bb84d9afb.html
jma_0402_48,48,0402,2025,10,15,2025-10-15,,,,,0.5,0.5,02:53,0.5,02:03,17.2,25.0,13:56,12.7,00:44,15.9,82.0,57.0,14:15,https://www.data.jma.go.jp/stats/etrn/view/daily_a1.php?block_no=0402&day=&month=10&prec_no=48&view=a1s&year=2025,D:\CQUPT\self_file\competition\gjsschool2026\B题\赛题主要文件夹\问题四\外部数据抓取\raw\weather_html\jma_0402_48_2025_10_0bb84d9afb.html
jma_0402_48,48,0402,2025,10,16,2025-10-16,,,,,7.0,5.0,20:42,2.5,20:37,17.8,22.4,10:59,15.3,04:50,17.6,87.0,64.0,11:01,https://www.data.jma.go.jp/stats/etrn/view/daily_a1.php?block_no=0402&day=&month=10&prec_no=48&view=a1s&year=2025,D:\CQUPT\self_file\competition\gjsschool2026\B题\赛题主要文件夹\问题四\外部数据抓取\raw\weather_html\jma_0402_48_2025_10_0bb84d9afb.html
jma_0402_48,48,0402,2025,10,17,2025-10-17,,,,,0.0,0.0,24:00,0.0,24:00,18.0,24.8,15:17,13.8,24:00,14.1,71.0,34.0,13:44,https://www.data.jma.go.jp/stats/etrn/view/daily_a1.php?block_no=0402&day=&month=10&prec_no=48&view=a1s&year=2025,D:\CQUPT\self_file\competition\gjsschool2026\B题\赛题主要文件夹\问题四\外部数据抓取\raw\weather_html\jma_0402_48_2025_10_0bb84d9afb.html
jma_0402_48,48,0402,2025,10,18,2025-10-18,,,,,0.0,0.0,24:00,0.0,24:00,19.4,26.7,12:58,13.7,03:56,15.2,70.0,41.0,13:41,https://www.data.jma.go.jp/stats/etrn/view/daily_a1.php?block_no=0402&day=&month=10&prec_no=48&view=a1s&year=2025,D:\CQUPT\self_file\competition\gjsschool2026\B题\赛题主要文件夹\问题四\外部数据抓取\raw\weather_html\jma_0402_48_2025_10_0bb84d9afb.html
jma_0402_48,48,0402,2025,10,19,2025-10-19,,,,,0.5,0.5,01:06,0.5,00:16,16.5,19.4,12:36,14.0,20:50,15.0,80.0,67.0,13:21,https://www.data.jma.go.jp/stats/etrn/view/daily_a1.php?block_no=0402&day=&month=10&prec_no=48&view=a1s&year=2025,D:\CQUPT\self_file\competition\gjsschool2026\B题\赛题主要文件夹\问题四\外部数据抓取\raw\weather_html\jma_0402_48_2025_10_0bb84d9afb.html
jma_0402_48,48,0402,2025,10,20,2025-10-20,,,,,0.0,0.0,24:00,0.0,24:00,15.1,22.6,13:33,10.7,23:47,13.0,77.0,48.0,14:27,https://www.data.jma.go.jp/stats/etrn/view/daily_a1.php?block_no=0402&day=&month=10&prec_no=48&view=a1s&year=2025,D:\CQUPT\self_file\competition\gjsschool2026\B题\赛题主要文件夹\问题四\外部数据抓取\raw\weather_html\jma_0402_48_2025_10_0bb84d9afb.html
jma_0402_48,48,0402,2025,10,21,2025-10-21,,,,,0.0,0.0,24:00,0.0,24:00,11.8,16.2,12:02,9.5,05:56,8.5,62.0,45.0,16:19,https://www.data.jma.go.jp/stats/etrn/view/daily_a1.php?block_no=0402&day=&month=10&prec_no=48&view=a1s&year=2025,D:\CQUPT\self_file\competition\gjsschool2026\B题\赛题主要文件夹\问题四\外部数据抓取\raw\weather_html\jma_0402_48_2025_10_0bb84d9afb.html
jma_0402_48,48,0402,2025,10,22,2025-10-22,,,,,0.0,0.0,24:00,0.0,24:00,9.9,12.3,13:57,7.9,23:55,9.0,74.0,60.0,13:39,https://www.data.jma.go.jp/stats/etrn/view/daily_a1.php?block_no=0402&day=&month=10&prec_no=48&view=a1s&year=2025,D:\CQUPT\self_file\competition\gjsschool2026\B题\赛题主要文件夹\问题四\外部数据抓取\raw\weather_html\jma_0402_48_2025_10_0bb84d9afb.html
jma_0402_48,48,0402,2025,10,23,2025-10-23,,,,,0.0,0.0,24:00,0.0,24:00,10.7,19.1,13:54,5.8,06:16,8.8,71.0,37.0,13:55,https://www.data.jma.go.jp/stats/etrn/view/daily_a1.php?block_no=0402&day=&month=10&prec_no=48&view=a1s&year=2025,D:\CQUPT\self_file\competition\gjsschool2026\B题\赛题主要文件夹\问题四\外部数据抓取\raw\weather_html\jma_0402_48_2025_10_0bb84d9afb.html
jma_0402_48,48,0402,2025,10,24,2025-10-24,,,,,0.0,0.0,24:00,0.0,24:00,10.3,18.6,14:49,4.5,03:14,8.6,71.0,38.0,15:11,https://www.data.jma.go.jp/stats/etrn/view/daily_a1.php?block_no=0402&day=&month=10&prec_no=48&view=a1s&year=2025,D:\CQUPT\self_file\competition\gjsschool2026\B题\赛题主要文件夹\问题四\外部数据抓取\raw\weather_html\jma_0402_48_2025_10_0bb84d9afb.html
jma_0402_48,48,0402,2025,10,25,2025-10-25,,,,,4.5,4.5,22:53,1.0,22:29,12.2,18.8,11:47,7.2,05:07,11.2,79.0,56.0,11:49,https://www.data.jma.go.jp/stats/etrn/view/daily_a1.php?block_no=0402&day=&month=10&prec_no=48&view=a1s&year=2025,D:\CQUPT\self_file\competition\gjsschool2026\B题\赛题主要文件夹\问题四\外部数据抓取\raw\weather_html\jma_0402_48_2025_10_0bb84d9afb.html
jma_0402_48,48,0402,2025,10,26,2025-10-26,,,,,42.0,7.0,09:50,3.5,19:48,13.2,14.9,14:58,11.5,06:00,15.2,100.0,100.0,24:00,https://www.data.jma.go.jp/stats/etrn/view/daily_a1.php?block_no=0402&day=&month=10&prec_no=48&view=a1s&year=2025,D:\CQUPT\self_file\competition\gjsschool2026\B题\赛题主要文件夹\问题四\外部数据抓取\raw\weather_html\jma_0402_48_2025_10_0bb84d9afb.html
jma_0402_48,48,0402,2025,10,27,2025-10-27,,,,,0.0,0.0,24:00,0.0,24:00,13.8,19.6,13:05,8.1,23:55,12.1,78.0,43.0,13:56,https://www.data.jma.go.jp/stats/etrn/view/daily_a1.php?block_no=0402&day=&month=10&prec_no=48&view=a1s&year=2025,D:\CQUPT\self_file\competition\gjsschool2026\B题\赛题主要文件夹\问题四\外部数据抓取\raw\weather_html\jma_0402_48_2025_10_0bb84d9afb.html
jma_0402_48,48,0402,2025,10,28,2025-10-28,,,,,0.0,0.0,24:00,0.0,24:00,9.3,15.8,12:50,5.0,23:54,8.3,73.0,38.0,14:57,https://www.data.jma.go.jp/stats/etrn/view/daily_a1.php?block_no=0402&day=&month=10&prec_no=48&view=a1s&year=2025,D:\CQUPT\self_file\competition\gjsschool2026\B题\赛题主要文件夹\问题四\外部数据抓取\raw\weather_html\jma_0402_48_2025_10_0bb84d9afb.html
jma_0402_48,48,0402,2025,10,29,2025-10-29,,,,,0.0,0.0,24:00,0.0,24:00,7.6,15.3,13:47,1.5,05:46,7.6,75.0,45.0,14:45,https://www.data.jma.go.jp/stats/etrn/view/daily_a1.php?block_no=0402&day=&month=10&prec_no=48&view=a1s&year=2025,D:\CQUPT\self_file\competition\gjsschool2026\B题\赛题主要文件夹\问题四\外部数据抓取\raw\weather_html\jma_0402_48_2025_10_0bb84d9afb.html
jma_0402_48,48,0402,2025,10,30,2025-10-30,,,,,0.0,0.0,24:00,0.0,24:00,9.1,18.8,14:39,1.4,06:12,8.0,72.0,36.0,14:44,https://www.data.jma.go.jp/stats/etrn/view/daily_a1.php?block_no=0402&day=&month=10&prec_no=48&view=a1s&year=2025,D:\CQUPT\self_file\competition\gjsschool2026\B题\赛题主要文件夹\问题四\外部数据抓取\raw\weather_html\jma_0402_48_2025_10_0bb84d9afb.html
jma_0402_48,48,0402,2025,10,31,2025-10-31,,,,,21.5,7.0,22:34,2.0,22:03,9.7,12.8,14:24,6.9,06:33,10.8,89.0,72.0,13:17,https://www.data.jma.go.jp/stats/etrn/view/daily_a1.php?block_no=0402&day=&month=10&prec_no=48&view=a1s&year=2025,D:\CQUPT\self_file\competition\gjsschool2026\B题\赛题主要文件夹\问题四\外部数据抓取\raw\weather_html\jma_0402_48_2025_10_0bb84d9afb.html
jma_0402_48,48,0402,2025,11,1,2025-11-01,,,,,7.5,5.0,01:02,1.5,00:52,12.2,19.2,14:01,7.6,23:44,11.3,82.0,47.0,14:02,https://www.data.jma.go.jp/stats/etrn/view/daily_a1.php?block_no=0402&day=&month=11&prec_no=48&view=a1s&year=2025,D:\CQUPT\self_file\competition\gjsschool2026\B题\赛题主要文件夹\问题四\外部数据抓取\raw\weather_html\jma_0402_48_2025_11_9f73c20f01.html
jma_0402_48,48,0402,2025,11,2,2025-11-02,,,,,0.0,0.0,24:00,0.0,24:00,10.5,19.7,12:31,5.0,06:02,9.2,77.0,36.0,15:36,https://www.data.jma.go.jp/stats/etrn/view/daily_a1.php?block_no=0402&day=&month=11&prec_no=48&view=a1s&year=2025,D:\CQUPT\self_file\competition\gjsschool2026\B题\赛题主要文件夹\问题四\外部数据抓取\raw\weather_html\jma_0402_48_2025_11_9f73c20f01.html
jma_0402_48,48,0402,2025,11,3,2025-11-03,,,,,2.0,0.5,17:23,0.5,16:33,7.7,13.4,14:15,4.1,23:53,8.7,83.0,49.0,14:23,https://www.data.jma.go.jp/stats/etrn/view/daily_a1.php?block_no=0402&day=&month=11&prec_no=48&view=a1s&year=2025,D:\CQUPT\self_file\competition\gjsschool2026\B题\赛题主要文件夹\问题四\外部数据抓取\raw\weather_html\jma_0402_48_2025_11_9f73c20f01.html
jma_0402_48,48,0402,2025,11,4,2025-11-04,,,,,0.0,0.0,24:00,0.0,24:00,7.1,15.5,14:38,2.2,03:53,7.5,78.0,37.0,15:28,https://www.data.jma.go.jp/stats/etrn/view/daily_a1.php?block_no=0402&day=&month=11&prec_no=48&view=a1s&year=2025,D:\CQUPT\self_file\competition\gjsschool2026\B题\赛题主要文件夹\问题四\外部数据抓取\raw\weather_html\jma_0402_48_2025_11_9f73c20f01.html
jma_0402_48,48,0402,2025,11,5,2025-11-05,,,,,0.0,0.0,24:00,0.0,24:00,7.7,13.3,13:39,2.2,05:55,8.5,82.0,56.0,13:53,https://www.data.jma.go.jp/stats/etrn/view/daily_a1.php?block_no=0402&day=&month=11&prec_no=48&view=a1s&year=2025,D:\CQUPT\self_file\competition\gjsschool2026\B题\赛题主要文件夹\问题四\外部数据抓取\raw\weather_html\jma_0402_48_2025_11_9f73c20f01.html
jma_0402_48,48,0402,2025,11,6,2025-11-06,,,,,0.0,0.0,24:00,0.0,24:00,10.3,19.1,13:44,4.3,05:49,9.3,77.0,43.0,14:25,https://www.data.jma.go.jp/stats/etrn/view/daily_a1.php?block_no=0402&day=&month=11&prec_no=48&view=a1s&year=2025,D:\CQUPT\self_file\competition\gjsschool2026\B题\赛题主要文件夹\问题四\外部数据抓取\raw\weather_html\jma_0402_48_2025_11_9f73c20f01.html
jma_0402_48,48,0402,2025,11,7,2025-11-07,,,,,0.0,0.0,24:00,0.0,24:00,9.9,15.9,10:56,5.6,06:22,8.1,69.0,35.0,14:05,https://www.data.jma.go.jp/stats/etrn/view/daily_a1.php?block_no=0402&day=&month=11&prec_no=48&view=a1s&year=2025,D:\CQUPT\self_file\competition\gjsschool2026\B题\赛题主要文件夹\问题四\外部数据抓取\raw\weather_html\jma_0402_48_2025_11_9f73c20f01.html
jma_0402_48,48,0402,2025,11,8,2025-11-08,,,,,0.0,0.0,24:00,0.0,24:00,9.5,17.0,14:32,3.4,06:38,7.3,64.0,37.0,14:35,https://www.data.jma.go.jp/stats/etrn/view/daily_a1.php?block_no=0402&day=&month=11&prec_no=48&view=a1s&year=2025,D:\CQUPT\self_file\competition\gjsschool2026\B题\赛题主要文件夹\问题四\外部数据抓取\raw\weather_html\jma_0402_48_2025_11_9f73c20f01.html
jma_0402_48,48,0402,2025,11,9,2025-11-09,,,,,7.0,2.5,15:35,0.5,16:59,10.1,14.4,11:38,7.6,06:58,11.2,90.0,61.0,11:40,https://www.data.jma.go.jp/stats/etrn/view/daily_a1.php?block_no=0402&day=&month=11&prec_no=48&view=a1s&year=2025,D:\CQUPT\self_file\competition\gjsschool2026\B题\赛题主要文件夹\问题四\外部数据抓取\raw\weather_html\jma_0402_48_2025_11_9f73c20f01.html
jma_0402_48,48,0402,2025,11,10,2025-11-10,,,,,0.0,0.0,24:00,0.0,24:00,9.0,14.0,11:49,3.6,24:00,9.4,82.0,48.0,14:07,https://www.data.jma.go.jp/stats/etrn/view/daily_a1.php?block_no=0402&day=&month=11&prec_no=48&view=a1s&year=2025,D:\CQUPT\self_file\competition\gjsschool2026\B题\赛题主要文件夹\问题四\外部数据抓取\raw\weather_html\jma_0402_48_2025_11_9f73c20f01.html
jma_0402_48,48,0402,2025,11,11,2025-11-11,,,,,0.0,0.0,24:00,0.0,24:00,6.7,13.5,13:07,2.3,05:41,7.2,76.0,38.0,16:04,https://www.data.jma.go.jp/stats/etrn/view/daily_a1.php?block_no=0402&day=&month=11&prec_no=48&view=a1s&year=2025,D:\CQUPT\self_file\competition\gjsschool2026\B题\赛题主要文件夹\问题四\外部数据抓取\raw\weather_html\jma_0402_48_2025_11_9f73c20f01.html
jma_0402_48,48,0402,2025,11,12,2025-11-12,,,,,0.0,0.0,24:00,0.0,24:00,7.7,15.0,13:05,2.4,06:40,7.0,69.0,39.0,14:42,https://www.data.jma.go.jp/stats/etrn/view/daily_a1.php?block_no=0402&day=&month=11&prec_no=48&view=a1s&year=2025,D:\CQUPT\self_file\competition\gjsschool2026\B题\赛题主要文件夹\问题四\外部数据抓取\raw\weather_html\jma_0402_48_2025_11_9f73c20f01.html
jma_0402_48,48,0402,2025,11,13,2025-11-13,,,,,0.0,0.0,24:00,0.0,24:00,7.1,11.6,14:11,3.8,06:08,7.9,79.0,58.0,15:58,https://www.data.jma.go.jp/stats/etrn/view/daily_a1.php?block_no=0402&day=&month=11&prec_no=48&view=a1s&year=2025,D:\CQUPT\self_file\competition\gjsschool2026\B题\赛题主要文件夹\问题四\外部数据抓取\raw\weather_html\jma_0402_48_2025_11_9f73c20f01.html
jma_0402_48,48,0402,2025,11,14,2025-11-14,,,,,0.0,0.0,24:00,0.0,24:00,7.3,14.5,12:58,2.3,05:30,8.0,80.0,49.0,13:48,https://www.data.jma.go.jp/stats/etrn/view/daily_a1.php?block_no=0402&day=&month=11&prec_no=48&view=a1s&year=2025,D:\CQUPT\self_file\competition\gjsschool2026\B题\赛题主要文件夹\问题四\外部数据抓取\raw\weather_html\jma_0402_48_2025_11_9f73c20f01.html
jma_0402_48,48,0402,2025,11,15,2025-11-15,,,,,0.0,0.0,24:00,0.0,24:00,7.5,14.7,14:23,2.2,06:40,7.4,73.0,43.0,14:50,https://www.data.jma.go.jp/stats/etrn/view/daily_a1.php?block_no=0402&day=&month=11&prec_no=48&view=a1s&year=2025,D:\CQUPT\self_file\competition\gjsschool2026\B题\赛题主要文件夹\问题四\外部数据抓取\raw\weather_html\jma_0402_48_2025_11_9f73c20f01.html
jma_0402_48,48,0402,2025,11,16,2025-11-16,,,,,0.0,0.0,24:00,0.0,24:00,7.2,17.8,14:30,0.3,05:23,7.1,72.0,33.0,14:22,https://www.data.jma.go.jp/stats/etrn/view/daily_a1.php?block_no=0402&day=&month=11&prec_no=48&view=a1s&year=2025,D:\CQUPT\self_file\competition\gjsschool2026\B题\赛题主要文件夹\问题四\外部数据抓取\raw\weather_html\jma_0402_48_2025_11_9f73c20f01.html
jma_0402_48,48,0402,2025,11,17,2025-11-17,,,,,0.0,0.0,24:00,0.0,24:00,9.8,21.4,14:31,1.6,06:01,7.6,69.0,19.0,14:32,https://www.data.jma.go.jp/stats/etrn/view/daily_a1.php?block_no=0402&day=&month=11&prec_no=48&view=a1s&year=2025,D:\CQUPT\self_file\competition\gjsschool2026\B题\赛题主要文件夹\问题四\外部数据抓取\raw\weather_html\jma_0402_48_2025_11_9f73c20f01.html
jma_0402_48,48,0402,2025,11,18,2025-11-18,,,,,0.0,0.0,24:00,0.0,24:00,6.0,11.2,11:22,1.8,23:57,7.0,76.0,48.0,12:16,https://www.data.jma.go.jp/stats/etrn/view/daily_a1.php?block_no=0402&day=&month=11&prec_no=48&view=a1s&year=2025,D:\CQUPT\self_file\competition\gjsschool2026\B题\赛题主要文件夹\问题四\外部数据抓取\raw\weather_html\jma_0402_48_2025_11_9f73c20f01.html
jma_0402_48,48,0402,2025,11,19,2025-11-19,,,,,0.0,0.0,24:00,0.0,24:00,4.1,11.0,13:56,-0.1,23:49,5.3,69.0,33.0,14:30,https://www.data.jma.go.jp/stats/etrn/view/daily_a1.php?block_no=0402&day=&month=11&prec_no=48&view=a1s&year=2025,D:\CQUPT\self_file\competition\gjsschool2026\B题\赛题主要文件夹\问题四\外部数据抓取\raw\weather_html\jma_0402_48_2025_11_9f73c20f01.html
jma_0402_48,48,0402,2025,11,20,2025-11-20,,,,,0.0,0.0,24:00,0.0,24:00,3.1,12.1,14:24,-3.3,06:26,5.1,70.0,36.0,14:30,https://www.data.jma.go.jp/stats/etrn/view/daily_a1.php?block_no=0402&day=&month=11&prec_no=48&view=a1s&year=2025,D:\CQUPT\self_file\competition\gjsschool2026\B题\赛题主要文件夹\问题四\外部数据抓取\raw\weather_html\jma_0402_48_2025_11_9f73c20f01.html
jma_0402_48,48,0402,2025,11,21,2025-11-21,,,,,0.0,0.0,24:00,0.0,24:00,5.5,17.2,13:17,-2.5,06:37,6.5,74.0,37.0,13:19,https://www.data.jma.go.jp/stats/etrn/view/daily_a1.php?block_no=0402&day=&month=11&prec_no=48&view=a1s&year=2025,D:\CQUPT\self_file\competition\gjsschool2026\B题\赛题主要文件夹\问题四\外部数据抓取\raw\weather_html\jma_0402_48_2025_11_9f73c20f01.html
jma_0402_48,48,0402,2025,11,22,2025-11-22,,,,,0.0,0.0,24:00,0.0,24:00,7.1,13.2,14:26,3.1,23:29,7.0,72.0,41.0,14:28,https://www.data.jma.go.jp/stats/etrn/view/daily_a1.php?block_no=0402&day=&month=11&prec_no=48&view=a1s&year=2025,D:\CQUPT\self_file\competition\gjsschool2026\B题\赛题主要文件夹\问题四\外部数据抓取\raw\weather_html\jma_0402_48_2025_11_9f73c20f01.html
jma_0402_48,48,0402,2025,11,23,2025-11-23,,,,,0.0,0.0,24:00,0.0,24:00,5.6,15.1,14:16,-0.9,06:43,6.8,76.0,45.0,14:48,https://www.data.jma.go.jp/stats/etrn/view/daily_a1.php?block_no=0402&day=&month=11&prec_no=48&view=a1s&year=2025,D:\CQUPT\self_file\competition\gjsschool2026\B题\赛题主要文件夹\问题四\外部数据抓取\raw\weather_html\jma_0402_48_2025_11_9f73c20f01.html
jma_0402_48,48,0402,2025,11,24,2025-11-24,,,,,0.0,0.0,24:00,0.0,24:00,6.1,14.5,14:54,-0.7,06:58,6.7,74.0,41.0,14:46,https://www.data.jma.go.jp/stats/etrn/view/daily_a1.php?block_no=0402&day=&month=11&prec_no=48&view=a1s&year=2025,D:\CQUPT\self_file\competition\gjsschool2026\B题\赛题主要文件夹\问题四\外部数据抓取\raw\weather_html\jma_0402_48_2025_11_9f73c20f01.html
jma_0402_48,48,0402,2025,11,25,2025-11-25,,,,,0.0,0.0,24:00,0.0,24:00,4.3,9.2,14:59,0.6,05:48,7.3,88.0,71.0,11:53,https://www.data.jma.go.jp/stats/etrn/view/daily_a1.php?block_no=0402&day=&month=11&prec_no=48&view=a1s&year=2025,D:\CQUPT\self_file\competition\gjsschool2026\B题\赛题主要文件夹\问题四\外部数据抓取\raw\weather_html\jma_0402_48_2025_11_9f73c20f01.html
jma_0402_48,48,0402,2025,11,26,2025-11-26,,,,,0.0,0.0,24:00,0.0,24:00,6.0,14.5,12:48,1.7,04:11,7.9,86.0,50.0,13:19,https://www.data.jma.go.jp/stats/etrn/view/daily_a1.php?block_no=0402&day=&month=11&prec_no=48&view=a1s&year=2025,D:\CQUPT\self_file\competition\gjsschool2026\B题\赛题主要文件夹\问题四\外部数据抓取\raw\weather_html\jma_0402_48_2025_11_9f73c20f01.html
jma_0402_48,48,0402,2025,11,27,2025-11-27,,,,,0.0,0.0,24:00,0.0,24:00,7.6,15.1,13:19,0.9,07:02,7.2,72.0,40.0,13:22,https://www.data.jma.go.jp/stats/etrn/view/daily_a1.php?block_no=0402&day=&month=11&prec_no=48&view=a1s&year=2025,D:\CQUPT\self_file\competition\gjsschool2026\B题\赛题主要文件夹\问题四\外部数据抓取\raw\weather_html\jma_0402_48_2025_11_9f73c20f01.html
jma_0402_48,48,0402,2025,11,28,2025-11-28,,,,,2.0,2.0,03:15,1.0,02:35,7.9,13.8,13:40,3.7,23:56,7.8,75.0,37.0,13:55,https://www.data.jma.go.jp/stats/etrn/view/daily_a1.php?block_no=0402&day=&month=11&prec_no=48&view=a1s&year=2025,D:\CQUPT\self_file\competition\gjsschool2026\B题\赛题主要文件夹\问题四\外部数据抓取\raw\weather_html\jma_0402_48_2025_11_9f73c20f01.html
jma_0402_48,48,0402,2025,11,29,2025-11-29,,,,,0.0,0.0,24:00,0.0,24:00,5.2,11.1,14:17,0.8,23:46,6.0,69.0,39.0,13:45,https://www.data.jma.go.jp/stats/etrn/view/daily_a1.php?block_no=0402&day=&month=11&prec_no=48&view=a1s&year=2025,D:\CQUPT\self_file\competition\gjsschool2026\B题\赛题主要文件夹\问题四\外部数据抓取\raw\weather_html\jma_0402_48_2025_11_9f73c20f01.html
jma_0402_48,48,0402,2025,11,30,2025-11-30,,,,,0.0,0.0,24:00,0.0,24:00,4.4,14.4,14:47,-2.2,07:01,5.7,71.0,35.0,15:06,https://www.data.jma.go.jp/stats/etrn/view/daily_a1.php?block_no=0402&day=&month=11&prec_no=48&view=a1s&year=2025,D:\CQUPT\self_file\competition\gjsschool2026\B题\赛题主要文件夹\问题四\外部数据抓取\raw\weather_html\jma_0402_48_2025_11_9f73c20f01.html
jma_0402_48,48,0402,2025,12,1,2025-12-01,,,,,0.0,0.0,24:00,0.0,24:00,7.8,20.5,13:34,-2.1,07:04,6.6,67.0,29.0,13:38,https://www.data.jma.go.jp/stats/etrn/view/daily_a1.php?block_no=0402&day=&month=12&prec_no=48&view=a1s&year=2025,D:\CQUPT\self_file\competition\gjsschool2026\B题\赛题主要文件夹\问题四\外部数据抓取\raw\weather_html\jma_0402_48_2025_12_bd3879f13c.html
jma_0402_48,48,0402,2025,12,2,2025-12-02,,,,,0.0,0.0,24:00,0.0,24:00,8.9,17.5,14:11,4.6,03:12,8.9,79.0,47.0,15:39,https://www.data.jma.go.jp/stats/etrn/view/daily_a1.php?block_no=0402&day=&month=12&prec_no=48&view=a1s&year=2025,D:\CQUPT\self_file\competition\gjsschool2026\B题\赛题主要文件夹\问题四\外部数据抓取\raw\weather_html\jma_0402_48_2025_12_bd3879f13c.html
jma_0402_48,48,0402,2025,12,3,2025-12-03,,,,,0.5,0.5,17:16,0.5,16:26,5.3,12.2,12:53,0.1,24:00,7.1,79.0,43.0,21:24,https://www.data.jma.go.jp/stats/etrn/view/daily_a1.php?block_no=0402&day=&month=12&prec_no=48&view=a1s&year=2025,D:\CQUPT\self_file\competition\gjsschool2026\B题\赛题主要文件夹\问题四\外部数据抓取\raw\weather_html\jma_0402_48_2025_12_bd3879f13c.html
jma_0402_48,48,0402,2025,12,4,2025-12-04,,,,,0.0,0.0,24:00,0.0,24:00,0.3,5.3,13:47,-3.3,23:38,4.0,66.0,30.0,15:23,https://www.data.jma.go.jp/stats/etrn/view/daily_a1.php?block_no=0402&day=&month=12&prec_no=48&view=a1s&year=2025,D:\CQUPT\self_file\competition\gjsschool2026\B题\赛题主要文件夹\问题四\外部数据抓取\raw\weather_html\jma_0402_48_2025_12_bd3879f13c.html
jma_0402_48,48,0402,2025,12,5,2025-12-05,,,,,0.0,0.0,24:00,0.0,24:00,0.1,6.0,13:18,-3.4,00:55,5.2,84.0,64.0,14:55,https://www.data.jma.go.jp/stats/etrn/view/daily_a1.php?block_no=0402&day=&month=12&prec_no=48&view=a1s&year=2025,D:\CQUPT\self_file\competition\gjsschool2026\B题\赛题主要文件夹\问题四\外部数据抓取\raw\weather_html\jma_0402_48_2025_12_bd3879f13c.html
jma_0402_48,48,0402,2025,12,6,2025-12-06,,,,,0.0,0.0,24:00,0.0,24:00,0.7,9.0,15:00,-4.1,07:18,4.4,71.0,36.0,14:44,https://www.data.jma.go.jp/stats/etrn/view/daily_a1.php?block_no=0402&day=&month=12&prec_no=48&view=a1s&year=2025,D:\CQUPT\self_file\competition\gjsschool2026\B题\赛题主要文件夹\问题四\外部数据抓取\raw\weather_html\jma_0402_48_2025_12_bd3879f13c.html
jma_0402_48,48,0402,2025,12,7,2025-12-07,,,,,0.0,0.0,24:00,0.0,24:00,3.0,14.2,14:28,-4.6,07:01,4.9,68.0,32.0,14:05,https://www.data.jma.go.jp/stats/etrn/view/daily_a1.php?block_no=0402&day=&month=12&prec_no=48&view=a1s&year=2025,D:\CQUPT\self_file\competition\gjsschool2026\B题\赛题主要文件夹\问题四\外部数据抓取\raw\weather_html\jma_0402_48_2025_12_bd3879f13c.html
jma_0402_48,48,0402,2025,12,8,2025-12-08,,,,,0.0,0.0,24:00,0.0,24:00,5.0,15.9,13:26,-2.6,07:01,5.8,68.0,36.0,14:16,https://www.data.jma.go.jp/stats/etrn/view/daily_a1.php?block_no=0402&day=&month=12&prec_no=48&view=a1s&year=2025,D:\CQUPT\self_file\competition\gjsschool2026\B题\赛题主要文件夹\问题四\外部数据抓取\raw\weather_html\jma_0402_48_2025_12_bd3879f13c.html
jma_0402_48,48,0402,2025,12,9,2025-12-09,,,,,0.0,0.0,24:00,0.0,24:00,3.6,9.4,14:26,-1.9,23:50,5.3,68.0,36.0,12:59,https://www.data.jma.go.jp/stats/etrn/view/daily_a1.php?block_no=0402&day=&month=12&prec_no=48&view=a1s&year=2025,D:\CQUPT\self_file\competition\gjsschool2026\B题\赛题主要文件夹\问题四\外部数据抓取\raw\weather_html\jma_0402_48_2025_12_bd3879f13c.html
jma_0402_48,48,0402,2025,12,10,2025-12-10,,,,,0.0,0.0,24:00,0.0,24:00,1.2,10.7,13:42,-5.1,06:06,4.7,72.0,33.0,13:43,https://www.data.jma.go.jp/stats/etrn/view/daily_a1.php?block_no=0402&day=&month=12&prec_no=48&view=a1s&year=2025,D:\CQUPT\self_file\competition\gjsschool2026\B题\赛题主要文件夹\问题四\外部数据抓取\raw\weather_html\jma_0402_48_2025_12_bd3879f13c.html
jma_0402_48,48,0402,2025,12,11,2025-12-11,,,,,1.0,1.0,23:35,0.5,22:59,5.7,16.7,14:24,-2.6,05:34,4.9,60.0,14.0,14:15,https://www.data.jma.go.jp/stats/etrn/view/daily_a1.php?block_no=0402&day=&month=12&prec_no=48&view=a1s&year=2025,D:\CQUPT\self_file\competition\gjsschool2026\B题\赛题主要文件夹\问题四\外部数据抓取\raw\weather_html\jma_0402_48_2025_12_bd3879f13c.html
jma_0402_48,48,0402,2025,12,12,2025-12-12,,,,,0.5,0.5,01:06,0.5,00:16,0.8,4.6,00:12,-2.6,22:52,4.1,64.0,36.0,09:51,https://www.data.jma.go.jp/stats/etrn/view/daily_a1.php?block_no=0402&day=&month=12&prec_no=48&view=a1s&year=2025,D:\CQUPT\self_file\competition\gjsschool2026\B题\赛题主要文件夹\问题四\外部数据抓取\raw\weather_html\jma_0402_48_2025_12_bd3879f13c.html
jma_0402_48,48,0402,2025,12,13,2025-12-13,,,,,0.0,0.0,24:00,0.0,24:00,1.2,6.6,14:03,-2.3,01:28,4.2,64.0,46.0,14:30,https://www.data.jma.go.jp/stats/etrn/view/daily_a1.php?block_no=0402&day=&month=12&prec_no=48&view=a1s&year=2025,D:\CQUPT\self_file\competition\gjsschool2026\B题\赛题主要文件夹\问题四\外部数据抓取\raw\weather_html\jma_0402_48_2025_12_bd3879f13c.html
jma_0402_48,48,0402,2025,12,14,2025-12-14,,,,,2.5,1.5,14:14,1.0,13:24,3.3,6.9,12:37,0.3,06:31,6.6,84.0,51.0,01:09,https://www.data.jma.go.jp/stats/etrn/view/daily_a1.php?block_no=0402&day=&month=12&prec_no=48&view=a1s&year=2025,D:\CQUPT\self_file\competition\gjsschool2026\B题\赛题主要文件夹\问题四\外部数据抓取\raw\weather_html\jma_0402_48_2025_12_bd3879f13c.html
jma_0402_48,48,0402,2025,12,15,2025-12-15,,,,,2.5,1.5,03:32,0.5,04:32,2.5,7.0,13:30,-1.6,24:00,5.8,80.0,48.0,14:24,https://www.data.jma.go.jp/stats/etrn/view/daily_a1.php?block_no=0402&day=&month=12&prec_no=48&view=a1s&year=2025,D:\CQUPT\self_file\competition\gjsschool2026\B题\赛题主要文件夹\问题四\外部数据抓取\raw\weather_html\jma_0402_48_2025_12_bd3879f13c.html
jma_0402_48,48,0402,2025,12,16,2025-12-16,,,,,0.0,0.0,24:00,0.0,24:00,1.2,9.6,14:36,-3.8,07:36,5.0,77.0,40.0,13:34,https://www.data.jma.go.jp/stats/etrn/view/daily_a1.php?block_no=0402&day=&month=12&prec_no=48&view=a1s&year=2025,D:\CQUPT\self_file\competition\gjsschool2026\B题\赛题主要文件夹\问题四\外部数据抓取\raw\weather_html\jma_0402_48_2025_12_bd3879f13c.html
jma_0402_48,48,0402,2025,12,17,2025-12-17,,,,,0.0,0.0,24:00,0.0,24:00,4.4,13.7,13:37,-0.7,04:39,6.1,75.0,36.0,13:38,https://www.data.jma.go.jp/stats/etrn/view/daily_a1.php?block_no=0402&day=&month=12&prec_no=48&view=a1s&year=2025,D:\CQUPT\self_file\competition\gjsschool2026\B题\赛题主要文件夹\问题四\外部数据抓取\raw\weather_html\jma_0402_48_2025_12_bd3879f13c.html
jma_0402_48,48,0402,2025,12,18,2025-12-18,,,,,0.0,0.0,24:00,0.0,24:00,2.4,7.6,13:06,-2.6,24:00,5.3,73.0,47.0,13:35,https://www.data.jma.go.jp/stats/etrn/view/daily_a1.php?block_no=0402&day=&month=12&prec_no=48&view=a1s&year=2025,D:\CQUPT\self_file\competition\gjsschool2026\B题\赛题主要文件夹\问题四\外部数据抓取\raw\weather_html\jma_0402_48_2025_12_bd3879f13c.html
jma_0402_48,48,0402,2025,12,19,2025-12-19,,,,,0.0,0.0,24:00,0.0,24:00,1.7,11.2,14:59,-4.8,06:58,4.7,71.0,35.0,15:50,https://www.data.jma.go.jp/stats/etrn/view/daily_a1.php?block_no=0402&day=&month=12&prec_no=48&view=a1s&year=2025,D:\CQUPT\self_file\competition\gjsschool2026\B题\赛题主要文件夹\问题四\外部数据抓取\raw\weather_html\jma_0402_48_2025_12_bd3879f13c.html
jma_0402_48,48,0402,2025,12,20,2025-12-20,,,,,0.0,0.0,24:00,0.0,24:00,6.9,15.0,14:38,-0.6,01:30,7.3,73.0,55.0,12:20,https://www.data.jma.go.jp/stats/etrn/view/daily_a1.php?block_no=0402&day=&month=12&prec_no=48&view=a1s&year=2025,D:\CQUPT\self_file\competition\gjsschool2026\B题\赛题主要文件夹\问题四\外部数据抓取\raw\weather_html\jma_0402_48_2025_12_bd3879f13c.html
jma_0402_48,48,0402,2025,12,21,2025-12-21,,,,,2.0,1.0,17:01,0.5,20:45,8.3,16.9,13:00,3.2,07:21,9.1,83.0,56.0,13:01,https://www.data.jma.go.jp/stats/etrn/view/daily_a1.php?block_no=0402&day=&month=12&prec_no=48&view=a1s&year=2025,D:\CQUPT\self_file\competition\gjsschool2026\B题\赛题主要文件夹\问题四\外部数据抓取\raw\weather_html\jma_0402_48_2025_12_bd3879f13c.html
jma_0402_48,48,0402,2025,12,22,2025-12-22,,,,,0.0,0.0,24:00,0.0,24:00,2.9,6.5,00:06,-0.8,24:00,5.0,66.0,53.0,14:00,https://www.data.jma.go.jp/stats/etrn/view/daily_a1.php?block_no=0402&day=&month=12&prec_no=48&view=a1s&year=2025,D:\CQUPT\self_file\competition\gjsschool2026\B题\赛题主要文件夹\问题四\外部数据抓取\raw\weather_html\jma_0402_48_2025_12_bd3879f13c.html
jma_0402_48,48,0402,2025,12,23,2025-12-23,,,,,0.0,0.0,24:00,0.0,24:00,1.1,8.6,14:33,-4.5,07:00,4.3,67.0,41.0,14:49,https://www.data.jma.go.jp/stats/etrn/view/daily_a1.php?block_no=0402&day=&month=12&prec_no=48&view=a1s&year=2025,D:\CQUPT\self_file\competition\gjsschool2026\B题\赛题主要文件夹\问题四\外部数据抓取\raw\weather_html\jma_0402_48_2025_12_bd3879f13c.html
jma_0402_48,48,0402,2025,12,24,2025-12-24,,,,,6.5,1.5,09:52,0.5,12:05,4.3,7.2,15:44,1.2,07:13,8.2,97.0,61.0,00:14,https://www.data.jma.go.jp/stats/etrn/view/daily_a1.php?block_no=0402&day=&month=12&prec_no=48&view=a1s&year=2025,D:\CQUPT\self_file\competition\gjsschool2026\B题\赛题主要文件夹\问题四\外部数据抓取\raw\weather_html\jma_0402_48_2025_12_bd3879f13c.html
jma_0402_48,48,0402,2025,12,25,2025-12-25,,,,,9.5,2.5,16:55,0.5,18:32,4.9,6.4,13:36,1.9,23:56,8.7,100.0,98.0,22:51,https://www.data.jma.go.jp/stats/etrn/view/daily_a1.php?block_no=0402&day=&month=12&prec_no=48&view=a1s&year=2025,D:\CQUPT\self_file\competition\gjsschool2026\B题\赛题主要文件夹\问题四\外部数据抓取\raw\weather_html\jma_0402_48_2025_12_bd3879f13c.html
jma_0402_48,48,0402,2025,12,26,2025-12-26,,,,,1.0,0.5,12:41,0.5,11:51,0.0,5.7,02:22,-4.9,23:57,4.7,76.0,55.0,15:09,https://www.data.jma.go.jp/stats/etrn/view/daily_a1.php?block_no=0402&day=&month=12&prec_no=48&view=a1s&year=2025,D:\CQUPT\self_file\competition\gjsschool2026\B题\赛题主要文件夹\问题四\外部数据抓取\raw\weather_html\jma_0402_48_2025_12_bd3879f13c.html
jma_0402_48,48,0402,2025,12,27,2025-12-27,,,,,0.0,0.0,24:00,0.0,24:00,-2.5,4.2,14:09,-7.3,07:14,3.5,71.0,33.0,11:55,https://www.data.jma.go.jp/stats/etrn/view/daily_a1.php?block_no=0402&day=&month=12&prec_no=48&view=a1s&year=2025,D:\CQUPT\self_file\competition\gjsschool2026\B题\赛题主要文件夹\问题四\外部数据抓取\raw\weather_html\jma_0402_48_2025_12_bd3879f13c.html
jma_0402_48,48,0402,2025,12,28,2025-12-28,,,,,0.0,0.0,24:00,0.0,24:00,-1.1,6.8,13:57,-6.7,07:29,4.1,75.0,44.0,15:02,https://www.data.jma.go.jp/stats/etrn/view/daily_a1.php?block_no=0402&day=&month=12&prec_no=48&view=a1s&year=2025,D:\CQUPT\self_file\competition\gjsschool2026\B题\赛题主要文件夹\问题四\外部数据抓取\raw\weather_html\jma_0402_48_2025_12_bd3879f13c.html
jma_0402_48,48,0402,2025,12,29,2025-12-29,,,,,0.0,0.0,24:00,0.0,24:00,1.9,12.9,14:52,-4.9,05:37,4.4,67.0,25.0,14:59,https://www.data.jma.go.jp/stats/etrn/view/daily_a1.php?block_no=0402&day=&month=12&prec_no=48&view=a1s&year=2025,D:\CQUPT\self_file\competition\gjsschool2026\B题\赛题主要文件夹\问题四\外部数据抓取\raw\weather_html\jma_0402_48_2025_12_bd3879f13c.html
jma_0402_48,48,0402,2025,12,30,2025-12-30,,,,,0.0,0.0,24:00,0.0,24:00,2.8,10.6,13:07,-2.8,07:00,5.9,81.0,50.0,13:08,https://www.data.jma.go.jp/stats/etrn/view/daily_a1.php?block_no=0402&day=&month=12&prec_no=48&view=a1s&year=2025,D:\CQUPT\self_file\competition\gjsschool2026\B题\赛题主要文件夹\问题四\外部数据抓取\raw\weather_html\jma_0402_48_2025_12_bd3879f13c.html
jma_0402_48,48,0402,2025,12,31,2025-12-31,,,,,0.0,0.0,24:00,0.0,24:00,1.2,8.1,12:52,-2.5,03:38,5.1,79.0,42.0,15:40,https://www.data.jma.go.jp/stats/etrn/view/daily_a1.php?block_no=0402&day=&month=12&prec_no=48&view=a1s&year=2025,D:\CQUPT\self_file\competition\gjsschool2026\B题\赛题主要文件夹\问题四\外部数据抓取\raw\weather_html\jma_0402_48_2025_12_bd3879f13c.html
jma_47638_49,49,47638,2024,1,1,2024-01-01,985.2,1019.2,1006.6,00:03,,0.0,00:12,,--,7.8,12.4,13:39,1.4,22:02,5.0,48.0,27.0,13:09,https://www.data.jma.go.jp/stats/etrn/view/daily_s1.php?block_no=47638&day=&month=01&prec_no=49&view=a1&year=2024,D:\CQUPT\self_file\competition\gjsschool2026\B题\赛题主要文件夹\问题四\外部数据抓取\raw\weather_html\jma_47638_49_2024_01_24577c966d.html
jma_47638_49,49,47638,2024,1,2,2024-01-02,986.8,1021.5,1016.5,15:35,0.0,0.0,14:33,0.0,13:43,3.3,10.5,15:07,-1.0,06:39,5.4,71.0,47.0,15:12,https://www.data.jma.go.jp/stats/etrn/view/daily_s1.php?block_no=47638&day=&month=01&prec_no=49&view=a1&year=2024,D:\CQUPT\self_file\competition\gjsschool2026\B题\赛题主要文件夹\问题四\外部数据抓取\raw\weather_html\jma_47638_49_2024_01_24577c966d.html
jma_47638_49,49,47638,2024,1,3,2024-01-03,980.7,1015.2,1010.8,24:00,0.5,0.5,19:00,0.5,18:10,3.7,8.7,14:06,-1.2,05:22,6.7,84.0,57.0,15:12,https://www.data.jma.go.jp/stats/etrn/view/daily_s1.php?block_no=47638&day=&month=01&prec_no=49&view=a1&year=2024,D:\CQUPT\self_file\competition\gjsschool2026\B题\赛题主要文件夹\问题四\外部数据抓取\raw\weather_html\jma_47638_49_2024_01_24577c966d.html
jma_47638_49,49,47638,2024,1,4,2024-01-04,980.4,1014.4,1008.3,04:43,0.0,0.0,09:28,0.0,08:38,7.0,13.5,14:00,0.8,23:52,6.1,65.0,27.0,16:13,https://www.data.jma.go.jp/stats/etrn/view/daily_s1.php?block_no=47638&day=&month=01&prec_no=49&view=a1&year=2024,D:\CQUPT\self_file\competition\gjsschool2026\B题\赛题主要文件夹\问题四\外部数据抓取\raw\weather_html\jma_47638_49_2024_01_24577c966d.html
jma_47638_49,49,47638,2024,1,5,2024-01-05,986.0,1020.6,1015.8,16:09,,,--,,--,4.2,12.7,15:04,-2.1,07:12,5.5,69.0,40.0,14:32,https://www.data.jma.go.jp/stats/etrn/view/daily_s1.php?block_no=47638&day=&month=01&prec_no=49&view=a1&year=2024,D:\CQUPT\self_file\competition\gjsschool2026\B题\赛题主要文件夹\问题四\外部数据抓取\raw\weather_html\jma_47638_49_2024_01_24577c966d.html
jma_47638_49,49,47638,2024,1,6,2024-01-06,980.0,1014.3,1009.6,16:06,,,--,,--,5.0,13.5,16:06,-1.5,07:22,5.9,71.0,40.0,15:56,https://www.data.jma.go.jp/stats/etrn/view/daily_s1.php?block_no=47638&day=&month=01&prec_no=49&view=a1&year=2024,D:\CQUPT\self_file\competition\gjsschool2026\B题\赛题主要文件夹\问题四\外部数据抓取\raw\weather_html\jma_47638_49_2024_01_24577c966d.html
jma_47638_49,49,47638,2024,1,7,2024-01-07,974.6,1008.5,1004.9,14:49,,,--,,--,6.4,13.1,14:39,0.5,05:33,4.2,49.0,20.0,14:22,https://www.data.jma.go.jp/stats/etrn/view/daily_s1.php?block_no=47638&day=&month=01&prec_no=49&view=a1&year=2024,D:\CQUPT\self_file\competition\gjsschool2026\B题\赛题主要文件夹\问题四\外部数据抓取\raw\weather_html\jma_47638_49_2024_01_24577c966d.html
jma_47638_49,49,47638,2024,1,8,2024-01-08,983.3,1017.8,1009.8,00:10,,,--,,--,4.3,9.1,13:04,-1.6,23:58,2.9,36.0,18.0,13:48,https://www.data.jma.go.jp/stats/etrn/view/daily_s1.php?block_no=47638&day=&month=01&prec_no=49&view=a1&year=2024,D:\CQUPT\self_file\competition\gjsschool2026\B题\赛题主要文件夹\问题四\外部数据抓取\raw\weather_html\jma_47638_49_2024_01_24577c966d.html
jma_47638_49,49,47638,2024,1,9,2024-01-09,983.9,1018.8,1013.8,16:35,,,--,,--,1.5,8.9,14:54,-4.4,06:05,3.9,58.0,35.0,16:13,https://www.data.jma.go.jp/stats/etrn/view/daily_s1.php?block_no=47638&day=&month=01&prec_no=49&view=a1&year=2024,D:\CQUPT\self_file\competition\gjsschool2026\B题\赛题主要文件夹\问题四\外部数据抓取\raw\weather_html\jma_47638_49_2024_01_24577c966d.html
jma_47638_49,49,47638,2024,1,10,2024-01-10,979.3,1013.8,1010.3,14:45,0.0,0.0,14:02,0.0,13:12,2.9,10.7,15:22,-3.1,07:26,4.8,66.0,39.0,14:46,https://www.data.jma.go.jp/stats/etrn/view/daily_s1.php?block_no=47638&day=&month=01&prec_no=49&view=a1&year=2024,D:\CQUPT\self_file\competition\gjsschool2026\B题\赛题主要文件夹\问题四\外部数据抓取\raw\weather_html\jma_47638_49_2024_01_24577c966d.html
jma_47638_49,49,47638,2024,1,11,2024-01-11,979.2,1013.8,1011.1,13:49,,,--,,--,2.5,7.4,15:44,-2.5,24:00,4.9,68.0,40.0,15:41,https://www.data.jma.go.jp/stats/etrn/view/daily_s1.php?block_no=47638&day=&month=01&prec_no=49&view=a1&year=2024,D:\CQUPT\self_file\competition\gjsschool2026\B题\赛题主要文件夹\问题四\外部数据抓取\raw\weather_html\jma_47638_49_2024_01_24577c966d.html
jma_47638_49,49,47638,2024,1,12,2024-01-12,976.5,1010.9,1006.1,15:03,,,--,,--,3.1,13.5,15:12,-5.2,07:01,4.0,57.0,27.0,15:32,https://www.data.jma.go.jp/stats/etrn/view/daily_s1.php?block_no=47638&day=&month=01&prec_no=49&view=a1&year=2024,D:\CQUPT\self_file\competition\gjsschool2026\B题\赛题主要文件夹\问题四\外部数据抓取\raw\weather_html\jma_47638_49_2024_01_24577c966d.html
jma_47638_49,49,47638,2024,1,13,2024-01-13,977.7,1012.1,1005.2,13:32,0.0,0.0,17:42,0.0,16:52,3.2,11.9,12:43,-2.1,07:01,4.1,55.0,27.0,13:00,https://www.data.jma.go.jp/stats/etrn/view/daily_s1.php?block_no=47638&day=&month=01&prec_no=49&view=a1&year=2024,D:\CQUPT\self_file\competition\gjsschool2026\B题\赛题主要文件夹\问题四\外部数据抓取\raw\weather_html\jma_47638_49_2024_01_24577c966d.html
jma_47638_49,49,47638,2024,1,14,2024-01-14,986.9,1021.8,1015.3,24:00,,,--,,--,1.8,8.8,14:32,-4.5,06:43,3.3,49.0,25.0,13:56,https://www.data.jma.go.jp/stats/etrn/view/daily_s1.php?block_no=47638&day=&month=01&prec_no=49&view=a1&year=2024,D:\CQUPT\self_file\competition\gjsschool2026\B题\赛题主要文件夹\问题四\外部数据抓取\raw\weather_html\jma_47638_49_2024_01_24577c966d.html
jma_47638_49,49,47638,2024,1,15,2024-01-15,977.1,1011.4,1006.8,14:26,0.0,0.0,09:05,0.0,08:15,4.1,12.7,12:38,-1.9,02:36,3.2,43.0,14.0,16:06,https://www.data.jma.go.jp/stats/etrn/view/daily_s1.php?block_no=47638&day=&month=01&prec_no=49&view=a1&year=2024,D:\CQUPT\self_file\competition\gjsschool2026\B题\赛题主要文件夹\问题四\外部数据抓取\raw\weather_html\jma_47638_49_2024_01_24577c966d.html
jma_47638_49,49,47638,2024,1,16,2024-01-16,985.4,1020.0,1013.7,00:53,,,--,,--,4.0,7.4,13:42,1.2,07:19,2.2,28.0,20.0,14:59,https://www.data.jma.go.jp/stats/etrn/view/daily_s1.php?block_no=47638&day=&month=01&prec_no=49&view=a1&year=2024,D:\CQUPT\self_file\competition\gjsschool2026\B题\赛题主要文件夹\问题四\外部数据抓取\raw\weather_html\jma_47638_49_2024_01_24577c966d.html
jma_47638_49,49,47638,2024,1,17,2024-01-17,992.4,1027.3,1023.2,15:53,,,--,,--,3.3,11.5,15:53,-3.7,07:14,2.9,41.0,14.0,14:23,https://www.data.jma.go.jp/stats/etrn/view/daily_s1.php?block_no=47638&day=&month=01&prec_no=49&view=a1&year=2024,D:\CQUPT\self_file\competition\gjsschool2026\B题\赛题主要文件夹\问题四\外部数据抓取\raw\weather_html\jma_47638_49_2024_01_24577c966d.html
jma_47638_49,49,47638,2024,1,18,2024-01-18,986.4,1020.7,1016.0,15:27,,,--,,--,6.0,14.6,15:38,-1.6,05:45,4.4,50.0,26.0,15:04,https://www.data.jma.go.jp/stats/etrn/view/daily_s1.php?block_no=47638&day=&month=01&prec_no=49&view=a1&year=2024,D:\CQUPT\self_file\competition\gjsschool2026\B题\赛题主要文件夹\问题四\外部数据抓取\raw\weather_html\jma_47638_49_2024_01_24577c966d.html
jma_47638_49,49,47638,2024,1,19,2024-01-19,988.8,1022.8,1019.4,00:05,,,--,,--,9.2,16.4,14:26,3.9,02:29,6.9,60.0,41.0,14:50,https://www.data.jma.go.jp/stats/etrn/view/daily_s1.php?block_no=47638&day=&month=01&prec_no=49&view=a1&year=2024,D:\CQUPT\self_file\competition\gjsschool2026\B题\赛题主要文件夹\问题四\外部数据抓取\raw\weather_html\jma_47638_49_2024_01_24577c966d.html
jma_47638_49,49,47638,2024,1,20,2024-01-20,993.1,1027.7,1025.3,24:00,11.0,2.0,17:23,1.0,16:39,6.0,8.2,00:04,5.1,23:53,7.9,85.0,62.0,00:14,https://www.data.jma.go.jp/stats/etrn/view/daily_s1.php?block_no=47638&day=&month=01&prec_no=49&view=a1&year=2024,D:\CQUPT\self_file\competition\gjsschool2026\B题\赛题主要文件夹\问题四\外部数据抓取\raw\weather_html\jma_47638_49_2024_01_24577c966d.html
jma_47638_49,49,47638,2024,1,21,2024-01-21,980.8,1014.9,1008.7,15:45,22.5,4.5,08:49,1.5,08:29,6.4,10.4,15:52,3.8,23:40,9.4,98.0,83.0,16:16,https://www.data.jma.go.jp/stats/etrn/view/daily_s1.php?block_no=47638&day=&month=01&prec_no=49&view=a1&year=2024,D:\CQUPT\self_file\competition\gjsschool2026\B题\赛题主要文件夹\问题四\外部数据抓取\raw\weather_html\jma_47638_49_2024_01_24577c966d.html
jma_47638_49,49,47638,2024,1,22,2024-01-22,981.1,1015.4,1010.0,23:55,0.0,0.0,19:09,0.0,18:19,5.3,9.1,15:42,1.2,06:16,8.2,93.0,77.0,16:24,https://www.data.jma.go.jp/stats/etrn/view/daily_s1.php?block_no=47638&day=&month=01&prec_no=49&view=a1&year=2024,D:\CQUPT\self_file\competition\gjsschool2026\B题\赛题主要文件夹\问题四\外部数据抓取\raw\weather_html\jma_47638_49_2024_01_24577c966d.html
jma_47638_49,49,47638,2024,1,23,2024-01-23,970.5,1004.4,999.4,16:03,,,--,,--,5.6,13.3,14:56,1.8,02:52,5.6,66.0,21.0,19:14,https://www.data.jma.go.jp/stats/etrn/view/daily_s1.php?block_no=47638&day=&month=01&prec_no=49&view=a1&year=2024,D:\CQUPT\self_file\competition\gjsschool2026\B题\赛题主要文件夹\问题四\外部数据抓取\raw\weather_html\jma_47638_49_2024_01_24577c966d.html
jma_47638_49,49,47638,2024,1,24,2024-01-24,971.5,1005.8,1002.4,04:17,,,--,,--,2.2,4.6,14:44,0.6,23:25,2.2,31.0,23.0,15:43,https://www.data.jma.go.jp/stats/etrn/view/daily_s1.php?block_no=47638&day=&month=01&prec_no=49&view=a1&year=2024,D:\CQUPT\self_file\competition\gjsschool2026\B题\赛题主要文件夹\问题四\外部数据抓取\raw\weather_html\jma_47638_49_2024_01_24577c966d.html
jma_47638_49,49,47638,2024,1,25,2024-01-25,977.1,1011.5,1009.3,13:32,,,--,,--,3.2,7.2,13:25,0.2,01:53,2.1,28.0,20.0,13:04,https://www.data.jma.go.jp/stats/etrn/view/daily_s1.php?block_no=47638&day=&month=01&prec_no=49&view=a1&year=2024,D:\CQUPT\self_file\competition\gjsschool2026\B题\赛题主要文件夹\问题四\外部数据抓取\raw\weather_html\jma_47638_49_2024_01_24577c966d.html
jma_47638_49,49,47638,2024,1,26,2024-01-26,980.5,1014.7,1011.7,13:57,,,--,,--,5.1,11.2,13:43,-0.3,07:20,2.7,32.0,19.0,15:25,https://www.data.jma.go.jp/stats/etrn/view/daily_s1.php?block_no=47638&day=&month=01&prec_no=49&view=a1&year=2024,D:\CQUPT\self_file\competition\gjsschool2026\B题\赛题主要文件夹\问题四\外部数据抓取\raw\weather_html\jma_47638_49_2024_01_24577c966d.html
jma_47638_49,49,47638,2024,1,27,2024-01-27,985.1,1019.8,1016.3,15:08,,,--,,--,3.0,10.5,15:32,-3.5,07:06,3.6,50.0,26.0,16:19,https://www.data.jma.go.jp/stats/etrn/view/daily_s1.php?block_no=47638&day=&month=01&prec_no=49&view=a1&year=2024,D:\CQUPT\self_file\competition\gjsschool2026\B题\赛题主要文件夹\问题四\外部数据抓取\raw\weather_html\jma_47638_49_2024_01_24577c966d.html
jma_47638_49,49,47638,2024,1,28,2024-01-28,986.7,1021.4,1017.1,14:42,,,--,,--,3.4,10.5,14:35,-2.9,07:23,4.0,54.0,32.0,17:07,https://www.data.jma.go.jp/stats/etrn/view/daily_s1.php?block_no=47638&day=&month=01&prec_no=49&view=a1&year=2024,D:\CQUPT\self_file\competition\gjsschool2026\B题\赛题主要文件夹\问题四\外部数据抓取\raw\weather_html\jma_47638_49_2024_01_24577c966d.html
jma_47638_49,49,47638,2024,1,29,2024-01-29,992.6,1027.4,1024.8,15:22,,,--,,--,4.4,11.3,14:51,-2.8,06:28,4.7,58.0,31.0,14:42,https://www.data.jma.go.jp/stats/etrn/view/daily_s1.php?block_no=47638&day=&month=01&prec_no=49&view=a1&year=2024,D:\CQUPT\self_file\competition\gjsschool2026\B题\赛题主要文件夹\问题四\外部数据抓取\raw\weather_html\jma_47638_49_2024_01_24577c966d.html
jma_47638_49,49,47638,2024,1,30,2024-01-30,994.3,1028.9,1025.1,15:09,,,--,,--,5.7,13.0,15:08,-0.6,07:03,5.2,60.0,29.0,15:37,https://www.data.jma.go.jp/stats/etrn/view/daily_s1.php?block_no=47638&day=&month=01&prec_no=49&view=a1&year=2024,D:\CQUPT\self_file\competition\gjsschool2026\B题\赛题主要文件夹\问题四\外部数据抓取\raw\weather_html\jma_47638_49_2024_01_24577c966d.html
jma_47638_49,49,47638,2024,1,31,2024-01-31,990.4,1024.8,1019.1,24:00,0.0,0.0,24:00,0.0,23:59,6.0,13.3,15:24,-1.2,06:49,6.0,66.0,41.0,14:33,https://www.data.jma.go.jp/stats/etrn/view/daily_s1.php?block_no=47638&day=&month=01&prec_no=49&view=a1&year=2024,D:\CQUPT\self_file\competition\gjsschool2026\B题\赛题主要文件夹\问题四\外部数据抓取\raw\weather_html\jma_47638_49_2024_01_24577c966d.html
jma_47638_49,49,47638,2024,2,1,2024-02-01,980.9,1014.8,1009.1,13:34,0.0,0.0,05:49,0.0,04:59,8.2,17.7,12:26,2.4,24:00,6.6,63.0,25.0,14:49,https://www.data.jma.go.jp/stats/etrn/view/daily_s1.php?block_no=47638&day=&month=02&prec_no=49&view=a1&year=2024,D:\CQUPT\self_file\competition\gjsschool2026\B题\赛题主要文件夹\问题四\外部数据抓取\raw\weather_html\jma_47638_49_2024_02_80ba36ed0a.html
jma_47638_49,49,47638,2024,2,2,2024-02-02,987.3,1022.0,1019.6,14:17,,,--,,--,4.1,8.1,15:10,1.8,06:59,4.1,51.0,42.0,16:27,https://www.data.jma.go.jp/stats/etrn/view/daily_s1.php?block_no=47638&day=&month=02&prec_no=49&view=a1&year=2024,D:\CQUPT\self_file\competition\gjsschool2026\B题\赛题主要文件夹\问题四\外部数据抓取\raw\weather_html\jma_47638_49_2024_02_80ba36ed0a.html
jma_47638_49,49,47638,2024,2,3,2024-02-03,991.0,1025.7,1023.1,16:03,,,--,,--,4.7,10.6,15:35,-2.3,07:12,4.1,50.0,29.0,15:11,https://www.data.jma.go.jp/stats/etrn/view/daily_s1.php?block_no=47638&day=&month=02&prec_no=49&view=a1&year=2024,D:\CQUPT\self_file\competition\gjsschool2026\B题\赛题主要文件夹\问题四\外部数据抓取\raw\weather_html\jma_47638_49_2024_02_80ba36ed0a.html
jma_47638_49,49,47638,2024,2,4,2024-02-04,989.4,1024.0,1021.4,13:26,0.5,0.5,06:52,0.5,06:02,5.1,8.2,15:28,3.1,06:21,6.5,75.0,50.0,00:20,https://www.data.jma.go.jp/stats/etrn/view/daily_s1.php?block_no=47638&day=&month=02&prec_no=49&view=a1&year=2024,D:\CQUPT\self_file\competition\gjsschool2026\B题\赛题主要文件夹\问题四\外部数据抓取\raw\weather_html\jma_47638_49_2024_02_80ba36ed0a.html
jma_47638_49,49,47638,2024,2,5,2024-02-05,984.4,1019.3,1013.5,17:54,32.5,9.5,20:39,2.0,20:14,1.8,4.3,10:13,0.2,21:07,6.0,88.0,59.0,08:41,https://www.data.jma.go.jp/stats/etrn/view/daily_s1.php?block_no=47638&day=&month=02&prec_no=49&view=a1&year=2024,D:\CQUPT\self_file\competition\gjsschool2026\B题\赛题主要文件夹\问题四\外部数据抓取\raw\weather_html\jma_47638_49_2024_02_80ba36ed0a.html
jma_47638_49,49,47638,2024,2,6,2024-02-06,982.1,1016.8,1014.2,00:55,0.5,0.5,09:23,0.5,08:33,1.9,5.0,15:26,-0.2,23:51,6.7,95.0,78.0,15:46,https://www.data.jma.go.jp/stats/etrn/view/daily_s1.php?block_no=47638&day=&month=02&prec_no=49&view=a1&year=2024,D:\CQUPT\self_file\competition\gjsschool2026\B题\赛题主要文件夹\问题四\外部数据抓取\raw\weather_html\jma_47638_49_2024_02_80ba36ed0a.html
jma_47638_49,49,47638,2024,2,7,2024-02-07,982.0,1016.7,1013.1,14:52,,,--,,--,2.0,7.9,15:43,-2.6,06:56,5.6,81.0,48.0,16:45,https://www.data.jma.go.jp/stats/etrn/view/daily_s1.php?block_no=47638&day=&month=02&prec_no=49&view=a1&year=2024,D:\CQUPT\self_file\competition\gjsschool2026\B题\赛题主要文件夹\问题四\外部数据抓取\raw\weather_html\jma_47638_49_2024_02_80ba36ed0a.html
jma_47638_49,49,47638,2024,2,8,2024-02-08,982.6,1017.4,1014.0,15:48,,,--,,--,2.0,8.6,15:58,-3.4,07:07,5.2,76.0,40.0,15:53,https://www.data.jma.go.jp/stats/etrn/view/daily_s1.php?block_no=47638&day=&month=02&prec_no=49&view=a1&year=2024,D:\CQUPT\self_file\competition\gjsschool2026\B题\赛题主要文件夹\问题四\外部数据抓取\raw\weather_html\jma_47638_49_2024_02_80ba36ed0a.html
jma_47638_49,49,47638,2024,2,9,2024-02-09,983.8,1018.4,1015.0,15:24,,,--,,--,3.8,10.0,14:25,-1.7,07:14,5.5,70.0,42.0,14:51,https://www.data.jma.go.jp/stats/etrn/view/daily_s1.php?block_no=47638&day=&month=02&prec_no=49&view=a1&year=2024,D:\CQUPT\self_file\competition\gjsschool2026\B题\赛题主要文件夹\问题四\外部数据抓取\raw\weather_html\jma_47638_49_2024_02_80ba36ed0a.html
jma_47638_49,49,47638,2024,2,10,2024-02-10,981.7,1016.0,1011.7,16:10,,,--,,--,5.3,12.1,15:39,-1.3,06:56,5.8,68.0,34.0,14:59,https://www.data.jma.go.jp/stats/etrn/view/daily_s1.php?block_no=47638&day=&month=02&prec_no=49&view=a1&year=2024,D:\CQUPT\self_file\competition\gjsschool2026\B题\赛题主要文件夹\问题四\外部数据抓取\raw\weather_html\jma_47638_49_2024_02_80ba36ed0a.html
jma_47638_49,49,47638,2024,2,11,2024-02-11,983.2,1017.6,1014.6,14:42,3.5,1.5,20:23,1.0,18:01,4.6,11.5,14:28,-1.3,06:51,5.5,68.0,30.0,14:37,https://www.data.jma.go.jp/stats/etrn/view/daily_s1.php?block_no=47638&day=&month=02&prec_no=49&view=a1&year=2024,D:\CQUPT\self_file\competition\gjsschool2026\B题\赛题主要文件夹\问题四\外部数据抓取\raw\weather_html\jma_47638_49_2024_02_80ba36ed0a.html
jma_47638_49,49,47638,2024,2,12,2024-02-12,990.0,1024.5,1018.7,02:18,,,--,,--,5.6,13.0,14:47,0.2,07:00,4.9,60.0,13.0,15:33,https://www.data.jma.go.jp/stats/etrn/view/daily_s1.php?block_no=47638&day=&month=02&prec_no=49&view=a1&year=2024,D:\CQUPT\self_file\competition\gjsschool2026\B题\赛题主要文件夹\问题四\外部数据抓取\raw\weather_html\jma_47638_49_2024_02_80ba36ed0a.html
jma_47638_49,49,47638,2024,2,13,2024-02-13,995.3,1030.1,1025.2,16:05,,,--,,--,5.4,14.5,16:00,-2.2,06:50,5.4,64.0,35.0,16:27,https://www.data.jma.go.jp/stats/etrn/view/daily_s1.php?block_no=47638&day=&month=02&prec_no=49&view=a1&year=2024,D:\CQUPT\self_file\competition\gjsschool2026\B题\赛题主要文件夹\问题四\外部数据抓取\raw\weather_html\jma_47638_49_2024_02_80ba36ed0a.html
jma_47638_49,49,47638,2024,2,14,2024-02-14,991.1,1025.4,1020.8,15:32,,,--,,--,7.6,17.1,14:18,-1.0,06:40,6.0,62.0,24.0,13:56,https://www.data.jma.go.jp/stats/etrn/view/daily_s1.php?block_no=47638&day=&month=02&prec_no=49&view=a1&year=2024,D:\CQUPT\self_file\competition\gjsschool2026\B题\赛题主要文件夹\问题四\外部数据抓取\raw\weather_html\jma_47638_49_2024_02_80ba36ed0a.html
jma_47638_49,49,47638,2024,2,15,2024-02-15,982.8,1016.4,1004.3,23:55,0.0,0.0,24:00,0.0,24:00,10.2,17.2,15:18,1.9,06:24,9.0,71.0,43.0,12:32,https://www.data.jma.go.jp/stats/etrn/view/daily_s1.php?block_no=47638&day=&month=02&prec_no=49&view=a1&year=2024,D:\CQUPT\self_file\competition\gjsschool2026\B题\赛题主要文件夹\问题四\外部数据抓取\raw\weather_html\jma_47638_49_2024_02_80ba36ed0a.html
jma_47638_49,49,47638,2024,2,16,2024-02-16,980.9,1014.6,1004.0,01:41,0.5,0.5,01:35,0.5,00:45,10.3,14.5,02:27,5.8,07:32,6.2,49.0,32.0,14:13,https://www.data.jma.go.jp/stats/etrn/view/daily_s1.php?block_no=47638&day=&month=02&prec_no=49&view=a1&year=2024,D:\CQUPT\self_file\competition\gjsschool2026\B题\赛题主要文件夹\问题四\外部数据抓取\raw\weather_html\jma_47638_49_2024_02_80ba36ed0a.html
jma_47638_49,49,47638,2024,2,17,2024-02-17,989.8,1023.9,1020.9,14:27,,,--,,--,9.0,15.0,14:27,2.2,07:05,7.2,63.0,41.0,14:28,https://www.data.jma.go.jp/stats/etrn/view/daily_s1.php?block_no=47638&day=&month=02&prec_no=49&view=a1&year=2024,D:\CQUPT\self_file\competition\gjsschool2026\B题\赛题主要文件夹\问题四\外部数据抓取\raw\weather_html\jma_47638_49_2024_02_80ba36ed0a.html
jma_47638_49,49,47638,2024,2,18,2024-02-18,994.5,1028.4,1027.1,16:20,,,--,,--,11.7,15.6,15:30,7.6,06:16,9.6,70.0,52.0,15:07,https://www.data.jma.go.jp/stats/etrn/view/daily_s1.php?block_no=47638&day=&month=02&prec_no=49&view=a1&year=2024,D:\CQUPT\self_file\competition\gjsschool2026\B题\赛题主要文件夹\问题四\外部数据抓取\raw\weather_html\jma_47638_49_2024_02_80ba36ed0a.html
jma_47638_49,49,47638,2024,2,19,2024-02-19,988.0,1021.4,1015.0,23:54,3.5,3.5,24:00,1.5,23:40,13.6,18.7,14:41,9.7,06:38,12.6,81.0,57.0,14:54,https://www.data.jma.go.jp/stats/etrn/view/daily_s1.php?block_no=47638&day=&month=02&prec_no=49&view=a1&year=2024,D:\CQUPT\self_file\competition\gjsschool2026\B题\赛题主要文件夹\问题四\外部数据抓取\raw\weather_html\jma_47638_49_2024_02_80ba36ed0a.html
jma_47638_49,49,47638,2024,2,20,2024-02-20,982.7,1015.5,1012.1,13:36,0.0,3.5,00:02,0.5,00:01,16.7,24.8,14:34,12.7,06:40,13.7,74.0,44.0,14:39,https://www.data.jma.go.jp/stats/etrn/view/daily_s1.php?block_no=47638&day=&month=02&prec_no=49&view=a1&year=2024,D:\CQUPT\self_file\competition\gjsschool2026\B题\赛题主要文件夹\问题四\外部数据抓取\raw\weather_html\jma_47638_49_2024_02_80ba36ed0a.html
jma_47638_49,49,47638,2024,2,21,2024-02-21,982.8,1016.1,1012.0,22:17,4.5,1.5,18:25,1.0,14:35,13.3,14.9,00:35,11.5,24:00,12.6,83.0,64.0,00:28,https://www.data.jma.go.jp/stats/etrn/view/daily_s1.php?block_no=47638&day=&month=02&prec_no=49&view=a1&year=2024,D:\CQUPT\self_file\competition\gjsschool2026\B题\赛题主要文件夹\问题四\外部数据抓取\raw\weather_html\jma_47638_49_2024_02_80ba36ed0a.html
jma_47638_49,49,47638,2024,2,22,2024-02-22,983.1,1017.1,1011.9,05:11,17.5,5.0,06:58,1.5,06:45,7.7,11.7,00:54,4.5,23:14,9.8,92.0,81.0,15:21,https://www.data.jma.go.jp/stats/etrn/view/daily_s1.php?block_no=47638&day=&month=02&prec_no=49&view=a1&year=2024,D:\CQUPT\self_file\competition\gjsschool2026\B题\赛题主要文件夹\问题四\外部数据抓取\raw\weather_html\jma_47638_49_2024_02_80ba36ed0a.html
jma_47638_49,49,47638,2024,2,23,2024-02-23,986.5,1021.0,1019.2,13:47,1.5,0.5,15:00,0.5,14:10,4.7,5.6,16:13,3.1,24:00,7.3,85.0,56.0,23:32,https://www.data.jma.go.jp/stats/etrn/view/daily_s1.php?block_no=47638&day=&month=02&prec_no=49&view=a1&year=2024,D:\CQUPT\self_file\competition\gjsschool2026\B题\赛题主要文件夹\问题四\外部数据抓取\raw\weather_html\jma_47638_49_2024_02_80ba36ed0a.html
jma_47638_49,49,47638,2024,2,24,2024-02-24,990.8,1025.4,1023.2,14:25,,,--,,--,5.3,10.8,14:05,-0.3,06:33,5.4,62.0,37.0,14:43,https://www.data.jma.go.jp/stats/etrn/view/daily_s1.php?block_no=47638&day=&month=02&prec_no=49&view=a1&year=2024,D:\CQUPT\self_file\competition\gjsschool2026\B题\赛题主要文件夹\问题四\外部数据抓取\raw\weather_html\jma_47638_49_2024_02_80ba36ed0a.html
jma_47638_49,49,47638,2024,2,25,2024-02-25,986.5,1021.3,1016.6,23:59,12.0,2.0,14:33,0.5,23:20,2.6,5.1,06:28,0.5,14:20,6.5,89.0,59.0,06:28,https://www.data.jma.go.jp/stats/etrn/view/daily_s1.php?block_no=47638&day=&month=02&prec_no=49&view=a1&year=2024,D:\CQUPT\self_file\competition\gjsschool2026\B题\赛题主要文件夹\问题四\外部数据抓取\raw\weather_html\jma_47638_49_2024_02_80ba36ed0a.html
jma_47638_49,49,47638,2024,2,26,2024-02-26,980.8,1015.0,1012.0,12:53,0.0,0.5,00:10,0.0,00:39,5.5,11.7,13:15,0.6,06:16,5.3,62.0,32.0,15:05,https://www.data.jma.go.jp/stats/etrn/view/daily_s1.php?block_no=47638&day=&month=02&prec_no=49&view=a1&year=2024,D:\CQUPT\self_file\competition\gjsschool2026\B题\赛题主要文件夹\问题四\外部数据抓取\raw\weather_html\jma_47638_49_2024_02_80ba36ed0a.html
jma_47638_49,49,47638,2024,2,27,2024-02-27,984.5,1018.9,1016.4,13:53,,,--,,--,4.9,10.3,13:53,1.4,06:25,3.4,40.0,27.0,14:47,https://www.data.jma.go.jp/stats/etrn/view/daily_s1.php?block_no=47638&day=&month=02&prec_no=49&view=a1&year=2024,D:\CQUPT\self_file\competition\gjsschool2026\B题\赛题主要文件夹\问题四\外部数据抓取\raw\weather_html\jma_47638_49_2024_02_80ba36ed0a.html
jma_47638_49,49,47638,2024,2,28,2024-02-28,990.1,1024.6,1020.1,15:32,,,--,,--,6.0,15.2,15:03,-0.9,06:33,4.3,48.0,13.0,15:13,https://www.data.jma.go.jp/stats/etrn/view/daily_s1.php?block_no=47638&day=&month=02&prec_no=49&view=a1&year=2024,D:\CQUPT\self_file\competition\gjsschool2026\B题\赛题主要文件夹\问题四\外部数据抓取\raw\weather_html\jma_47638_49_2024_02_80ba36ed0a.html
jma_47638_49,49,47638,2024,2,29,2024-02-29,988.3,1022.7,1014.3,24:00,9.0,3.5,23:56,1.0,23:59,6.3,13.9,14:29,0.0,06:16,6.3,68.0,38.0,13:14,https://www.data.jma.go.jp/stats/etrn/view/daily_s1.php?block_no=47638&day=&month=02&prec_no=49&view=a1&year=2024,D:\CQUPT\self_file\competition\gjsschool2026\B题\赛题主要文件夹\问题四\外部数据抓取\raw\weather_html\jma_47638_49_2024_02_80ba36ed0a.html
jma_47638_49,49,47638,2024,3,1,2024-03-01,970.6,1004.1,999.2,13:23,15.0,4.5,02:47,1.0,02:37,8.4,16.9,13:22,1.9,03:16,6.1,61.0,26.0,23:56,https://www.data.jma.go.jp/stats/etrn/view/daily_s1.php?block_no=47638&day=&month=03&prec_no=49&view=a1&year=2024,D:\CQUPT\self_file\competition\gjsschool2026\B题\赛题主要文件夹\问题四\外部数据抓取\raw\weather_html\jma_47638_49_2024_03_426c367b9e.html
jma_47638_49,49,47638,2024,3,2,2024-03-02,976.0,1010.0,1004.5,00:03,,,--,,--,6.5,11.9,14:31,3.1,24:00,2.4,25.0,15.0,13:42,https://www.data.jma.go.jp/stats/etrn/view/daily_s1.php?block_no=47638&day=&month=03&prec_no=49&view=a1&year=2024,D:\CQUPT\self_file\competition\gjsschool2026\B题\赛题主要文件夹\问题四\外部数据抓取\raw\weather_html\jma_47638_49_2024_03_426c367b9e.html
jma_47638_49,49,47638,2024,3,3,2024-03-03,980.6,1014.8,1009.7,15:42,,,--,,--,5.5,13.2,15:38,-2.0,06:18,3.4,39.0,18.0,15:38,https://www.data.jma.go.jp/stats/etrn/view/daily_s1.php?block_no=47638&day=&month=03&prec_no=49&view=a1&year=2024,D:\CQUPT\self_file\competition\gjsschool2026\B题\赛题主要文件夹\问题四\外部数据抓取\raw\weather_html\jma_47638_49_2024_03_426c367b9e.html
jma_47638_49,49,47638,2024,3,4,2024-03-04,983.5,1017.6,1014.6,13:39,,,--,,--,6.9,14.6,13:52,-0.4,06:25,3.8,42.0,19.0,14:38,https://www.data.jma.go.jp/stats/etrn/view/daily_s1.php?block_no=47638&day=&month=03&prec_no=49&view=a1&year=2024,D:\CQUPT\self_file\competition\gjsschool2026\B题\赛题主要文件夹\问题四\外部数据抓取\raw\weather_html\jma_47638_49_2024_03_426c367b9e.html
jma_47638_49,49,47638,2024,3,5,2024-03-05,985.1,1019.7,1013.4,24:00,26.0,6.5,23:47,1.5,23:23,4.0,8.0,11:40,0.2,23:14,5.7,72.0,36.0,11:13,https://www.data.jma.go.jp/stats/etrn/view/daily_s1.php?block_no=47638&day=&month=03&prec_no=49&view=a1&year=2024,D:\CQUPT\self_file\competition\gjsschool2026\B题\赛题主要文件夹\问题四\外部数据抓取\raw\weather_html\jma_47638_49_2024_03_426c367b9e.html
jma_47638_49,49,47638,2024,3,6,2024-03-06,974.1,1008.3,1004.3,14:42,4.0,5.5,00:04,1.0,00:28,4.5,9.1,15:18,0.4,00:29,6.7,81.0,53.0,22:04,https://www.data.jma.go.jp/stats/etrn/view/daily_s1.php?block_no=47638&day=&month=03&prec_no=49&view=a1&year=2024,D:\CQUPT\self_file\competition\gjsschool2026\B题\赛题主要文件夹\问题四\外部数据抓取\raw\weather_html\jma_47638_49_2024_03_426c367b9e.html
jma_47638_49,49,47638,2024,3,7,2024-03-07,978.8,1012.9,1010.5,00:05,0.0,0.0,24:00,0.0,24:00,5.8,7.7,16:07,3.8,06:20,5.7,61.0,45.0,09:21,https://www.data.jma.go.jp/stats/etrn/view/daily_s1.php?block_no=47638&day=&month=03&prec_no=49&view=a1&year=2024,D:\CQUPT\self_file\competition\gjsschool2026\B题\赛题主要文件夹\问题四\外部数据抓取\raw\weather_html\jma_47638_49_2024_03_426c367b9e.html
jma_47638_49,49,47638,2024,3,8,2024-03-08,972.0,1005.7,1000.3,14:13,0.0,0.0,02:53,0.0,02:03,7.4,13.7,13:28,3.3,07:00,5.3,55.0,23.0,17:07,https://www.data.jma.go.jp/stats/etrn/view/daily_s1.php?block_no=47638&day=&month=03&prec_no=49&view=a1&year=2024,D:\CQUPT\self_file\competition\gjsschool2026\B题\赛题主要文件夹\问题四\外部数据抓取\raw\weather_html\jma_47638_49_2024_03_426c367b9e.html
jma_47638_49,49,47638,2024,3,9,2024-03-09,977.4,1011.6,1006.5,00:01,,,--,,--,4.3,9.3,13:05,-0.4,05:50,2.9,37.0,17.0,16:57,https://www.data.jma.go.jp/stats/etrn/view/daily_s1.php?block_no=47638&day=&month=03&prec_no=49&view=a1&year=2024,D:\CQUPT\self_file\competition\gjsschool2026\B题\赛题主要文件夹\问题四\外部数据抓取\raw\weather_html\jma_47638_49_2024_03_426c367b9e.html
jma_47638_49,49,47638,2024,3,10,2024-03-10,988.5,1023.1,1019.4,00:02,,,--,,--,4.7,13.0,15:11,-3.2,06:21,3.2,42.0,12.0,15:40,https://www.data.jma.go.jp/stats/etrn/view/daily_s1.php?block_no=47638&day=&month=03&prec_no=49&view=a1&year=2024,D:\CQUPT\self_file\competition\gjsschool2026\B题\赛题主要文件夹\问题四\外部数据抓取\raw\weather_html\jma_47638_49_2024_03_426c367b9e.html
jma_47638_49,49,47638,2024,3,11,2024-03-11,989.8,1024.2,1020.0,15:16,,,--,,--,6.4,14.6,15:16,-1.6,06:25,5.3,57.0,33.0,14:41,https://www.data.jma.go.jp/stats/etrn/view/daily_s1.php?block_no=47638&day=&month=03&prec_no=49&view=a1&year=2024,D:\CQUPT\self_file\competition\gjsschool2026\B题\赛题主要文件夹\问题四\外部数据抓取\raw\weather_html\jma_47638_49_2024_03_426c367b9e.html
jma_47638_49,49,47638,2024,3,12,2024-03-12,974.8,1008.9,997.5,21:20,28.5,8.0,15:47,2.0,15:47,4.8,7.7,22:45,3.1,05:01,7.3,85.0,59.0,24:00,https://www.data.jma.go.jp/stats/etrn/view/daily_s1.php?block_no=47638&day=&month=03&prec_no=49&view=a1&year=2024,D:\CQUPT\self_file\competition\gjsschool2026\B题\赛题主要文件夹\问题四\外部数据抓取\raw\weather_html\jma_47638_49_2024_03_426c367b9e.html
jma_47638_49,49,47638,2024,3,13,2024-03-13,975.8,1009.5,999.2,00:25,,,--,,--,8.5,13.1,14:58,2.7,23:44,4.7,44.0,24.0,15:07,https://www.data.jma.go.jp/stats/etrn/view/daily_s1.php?block_no=47638&day=&month=03&prec_no=49&view=a1&year=2024,D:\CQUPT\self_file\competition\gjsschool2026\B题\赛题主要文件夹\问题四\外部数据抓取\raw\weather_html\jma_47638_49_2024_03_426c367b9e.html
jma_47638_49,49,47638,2024,3,14,2024-03-14,983.3,1017.4,1012.9,15:03,,,--,,--,7.4,16.4,14:36,-0.9,05:22,4.5,49.0,17.0,16:18,https://www.data.jma.go.jp/stats/etrn/view/daily_s1.php?block_no=47638&day=&month=03&prec_no=49&view=a1&year=2024,D:\CQUPT\self_file\competition\gjsschool2026\B题\赛题主要文件夹\问题四\外部数据抓取\raw\weather_html\jma_47638_49_2024_03_426c367b9e.html
jma_47638_49,49,47638,2024,3,15,2024-03-15,983.7,1017.4,1012.5,16:45,,,--,,--,9.9,18.4,15:01,0.2,06:03,5.2,47.0,17.0,17:24,https://www.data.jma.go.jp/stats/etrn/view/daily_s1.php?block_no=47638&day=&month=03&prec_no=49&view=a1&year=2024,D:\CQUPT\self_file\competition\gjsschool2026\B题\赛题主要文件夹\问题四\外部数据抓取\raw\weather_html\jma_47638_49_2024_03_426c367b9e.html
jma_47638_49,49,47638,2024,3,16,2024-03-16,984.3,1017.6,1014.6,00:36,,,--,,--,14.1,23.1,13:47,7.0,05:27,6.2,41.0,15.0,14:02,https://www.data.jma.go.jp/stats/etrn/view/daily_s1.php?block_no=47638&day=&month=03&prec_no=49&view=a1&year=2024,D:\CQUPT\self_file\competition\gjsschool2026\B题\赛题主要文件夹\问题四\外部数据抓取\raw\weather_html\jma_47638_49_2024_03_426c367b9e.html
jma_47638_49,49,47638,2024,3,17,2024-03-17,976.1,1009.1,1001.8,23:53,0.0,0.0,15:10,0.0,14:20,13.5,19.5,15:17,6.4,05:34,8.2,55.0,34.0,16:57,https://www.data.jma.go.jp/stats/etrn/view/daily_s1.php?block_no=47638&day=&month=03&prec_no=49&view=a1&year=2024,D:\CQUPT\self_file\competition\gjsschool2026\B题\赛题主要文件夹\问题四\外部数据抓取\raw\weather_html\jma_47638_49_2024_03_426c367b9e.html
jma_47638_49,49,47638,2024,3,18,2024-03-18,976.6,1010.2,1002.0,00:07,,,--,,--,9.4,15.2,00:03,3.4,23:42,2.5,21.0,13.0,16:14,https://www.data.jma.go.jp/stats/etrn/view/daily_s1.php?block_no=47638&day=&month=03&prec_no=49&view=a1&year=2024,D:\CQUPT\self_file\competition\gjsschool2026\B题\赛题主要文件夹\问题四\外部数据抓取\raw\weather_html\jma_47638_49_2024_03_426c367b9e.html
jma_47638_49,49,47638,2024,3,19,2024-03-19,981.6,1015.8,1010.7,24:00,,,--,,--,6.5,12.3,14:56,1.4,05:52,3.9,40.0,21.0,11:36,https://www.data.jma.go.jp/stats/etrn/view/daily_s1.php?block_no=47638&day=&month=03&prec_no=49&view=a1&year=2024,D:\CQUPT\self_file\competition\gjsschool2026\B题\赛题主要文件夹\问题四\外部数据抓取\raw\weather_html\jma_47638_49_2024_03_426c367b9e.html
jma_47638_49,49,47638,2024,3,20,2024-03-20,968.4,1002.1,992.2,14:15,1.0,0.5,16:20,0.5,15:30,5.6,13.2,14:41,1.2,05:25,5.1,57.0,31.0,14:39,https://www.data.jma.go.jp/stats/etrn/view/daily_s1.php?block_no=47638&day=&month=03&prec_no=49&view=a1&year=2024,D:\CQUPT\self_file\competition\gjsschool2026\B题\赛题主要文件夹\问题四\外部数据抓取\raw\weather_html\jma_47638_49_2024_03_426c367b9e.html
jma_47638_49,49,47638,2024,3,21,2024-03-21,977.1,1011.3,1006.8,01:00,,,--,,--,4.5,9.9,13:32,0.7,05:49,2.4,29.0,15.0,14:29,https://www.data.jma.go.jp/stats/etrn/view/daily_s1.php?block_no=47638&day=&month=03&prec_no=49&view=a1&year=2024,D:\CQUPT\self_file\competition\gjsschool2026\B题\赛题主要文件夹\问题四\外部数据抓取\raw\weather_html\jma_47638_49_2024_03_426c367b9e.html
jma_47638_49,49,47638,2024,3,22,2024-03-22,984.9,1019.3,1015.9,15:15,,,--,,--,5.5,13.0,16:02,-2.4,06:11,3.1,37.0,15.0,15:28,https://www.data.jma.go.jp/stats/etrn/view/daily_s1.php?block_no=47638&day=&month=03&prec_no=49&view=a1&year=2024,D:\CQUPT\self_file\competition\gjsschool2026\B题\赛题主要文件夹\问题四\外部数据抓取\raw\weather_html\jma_47638_49_2024_03_426c367b9e.html
jma_47638_49,49,47638,2024,3,23,2024-03-23,985.9,1020.6,1016.5,17:48,2.0,0.5,15:32,0.5,14:42,3.8,6.3,17:11,1.0,04:53,6.7,82.0,52.0,00:02,https://www.data.jma.go.jp/stats/etrn/view/daily_s1.php?block_no=47638&day=&month=03&prec_no=49&view=a1&year=2024,D:\CQUPT\self_file\competition\gjsschool2026\B题\赛题主要文件夹\问题四\外部数据抓取\raw\weather_html\jma_47638_49_2024_03_426c367b9e.html
jma_47638_49,49,47638,2024,3,24,2024-03-24,987.2,1021.5,1019.6,16:13,0.5,0.5,18:55,0.5,18:05,6.6,9.5,15:31,3.7,06:51,8.5,88.0,68.0,15:34,https://www.data.jma.go.jp/stats/etrn/view/daily_s1.php?block_no=47638&day=&month=03&prec_no=49&view=a1&year=2024,D:\CQUPT\self_file\competition\gjsschool2026\B题\赛题主要文件夹\问题四\外部数据抓取\raw\weather_html\jma_47638_49_2024_03_426c367b9e.html
jma_47638_49,49,47638,2024,3,25,2024-03-25,982.6,1016.4,1014.0,15:03,3.0,1.0,12:14,0.5,21:53,9.2,10.4,15:29,7.7,06:32,11.1,96.0,85.0,09:47,https://www.data.jma.go.jp/stats/etrn/view/daily_s1.php?block_no=47638&day=&month=03&prec_no=49&view=a1&year=2024,D:\CQUPT\self_file\competition\gjsschool2026\B题\赛题主要文件夹\问题四\外部数据抓取\raw\weather_html\jma_47638_49_2024_03_426c367b9e.html
jma_47638_49,49,47638,2024,3,26,2024-03-26,974.9,1008.4,1000.5,16:26,29.0,5.0,09:04,1.5,08:21,9.3,10.2,17:49,7.2,23:51,11.0,93.0,47.0,23:41,https://www.data.jma.go.jp/stats/etrn/view/daily_s1.php?block_no=47638&day=&month=03&prec_no=49&view=a1&year=2024,D:\CQUPT\self_file\competition\gjsschool2026\B题\赛题主要文件夹\问题四\外部数据抓取\raw\weather_html\jma_47638_49_2024_03_426c367b9e.html
jma_47638_49,49,47638,2024,3,27,2024-03-27,985.7,1019.4,1011.7,00:01,0.0,0.0,24:00,0.0,24:00,10.8,18.2,15:15,3.6,05:43,6.7,54.0,17.0,13:09,https://www.data.jma.go.jp/stats/etrn/view/daily_s1.php?block_no=47638&day=&month=03&prec_no=49&view=a1&year=2024,D:\CQUPT\self_file\competition\gjsschool2026\B题\赛题主要文件夹\问题四\外部数据抓取\raw\weather_html\jma_47638_49_2024_03_426c367b9e.html
jma_47638_49,49,47638,2024,3,28,2024-03-28,988.4,1022.2,1016.2,24:00,9.0,3.0,23:03,1.0,22:13,10.6,14.7,14:21,7.3,05:32,9.7,77.0,49.0,14:40,https://www.data.jma.go.jp/stats/etrn/view/daily_s1.php?block_no=47638&day=&month=03&prec_no=49&view=a1&year=2024,D:\CQUPT\self_file\competition\gjsschool2026\B题\赛题主要文件夹\问题四\外部数据抓取\raw\weather_html\jma_47638_49_2024_03_426c367b9e.html
jma_47638_49,49,47638,2024,3,29,2024-03-29,973.3,1006.0,1000.2,15:59,24.0,4.5,06:34,1.5,05:44,15.3,24.9,16:16,9.3,03:22,12.6,76.0,21.0,17:57,https://www.data.jma.go.jp/stats/etrn/view/daily_s1.php?block_no=47638&day=&month=03&prec_no=49&view=a1&year=2024,D:\CQUPT\self_file\competition\gjsschool2026\B题\赛题主要文件夹\问题四\外部数据抓取\raw\weather_html\jma_47638_49_2024_03_426c367b9e.html
jma_47638_49,49,47638,2024,3,30,2024-03-30,975.5,1008.1,1005.8,16:00,,,--,,--,17.3,25.8,14:54,7.6,05:40,7.6,46.0,13.0,15:50,https://www.data.jma.go.jp/stats/etrn/view/daily_s1.php?block_no=47638&day=&month=03&prec_no=49&view=a1&year=2024,D:\CQUPT\self_file\competition\gjsschool2026\B题\赛题主要文件夹\问题四\外部数据抓取\raw\weather_html\jma_47638_49_2024_03_426c367b9e.html
jma_47638_49,49,47638,2024,3,31,2024-03-31,974.1,1006.1,1003.1,13:33,0.0,0.0,23:23,0.0,22:33,20.7,28.6,12:49,12.7,05:43,7.2,32.0,10.0,13:26,https://www.data.jma.go.jp/stats/etrn/view/daily_s1.php?block_no=47638&day=&month=03&prec_no=49&view=a1&year=2024,D:\CQUPT\self_file\competition\gjsschool2026\B题\赛题主要文件夹\问题四\外部数据抓取\raw\weather_html\jma_47638_49_2024_03_426c367b9e.html
jma_47638_49,49,47638,2024,4,1,2024-04-01,973.1,1005.6,1001.5,13:41,0.0,0.0,06:35,0.0,05:45,17.3,23.0,13:40,11.1,23:50,7.1,38.0,13.0,23:15,https://www.data.jma.go.jp/stats/etrn/view/daily_s1.php?block_no=47638&day=&month=04&prec_no=49&view=a1&year=2024,D:\CQUPT\self_file\competition\gjsschool2026\B题\赛题主要文件夹\问题四\外部数据抓取\raw\weather_html\jma_47638_49_2024_04_1c8179a4b4.html
jma_47638_49,49,47638,2024,4,2,2024-04-02,982.2,1015.4,1012.3,15:23,,,--,,--,13.9,22.0,14:28,5.8,05:37,7.1,44.0,24.0,00:03,https://www.data.jma.go.jp/stats/etrn/view/daily_s1.php?block_no=47638&day=&month=04&prec_no=49&view=a1&year=2024,D:\CQUPT\self_file\competition\gjsschool2026\B题\赛题主要文件夹\问题四\外部数据抓取\raw\weather_html\jma_47638_49_2024_04_1c8179a4b4.html
jma_47638_49,49,47638,2024,4,3,2024-04-03,979.7,1013.0,1002.9,23:34,14.5,2.5,23:29,1.0,22:53,11.9,13.6,14:08,10.6,06:02,11.7,84.0,64.0,09:26,https://www.data.jma.go.jp/stats/etrn/view/daily_s1.php?block_no=47638&day=&month=04&prec_no=49&view=a1&year=2024,D:\CQUPT\self_file\competition\gjsschool2026\B题\赛题主要文件夹\问题四\外部数据抓取\raw\weather_html\jma_47638_49_2024_04_1c8179a4b4.html
jma_47638_49,49,47638,2024,4,4,2024-04-04,974.5,1007.2,1002.2,02:53,3.5,2.0,00:46,0.5,04:44,15.6,22.3,14:11,11.3,01:50,13.4,77.0,51.0,14:13,https://www.data.jma.go.jp/stats/etrn/view/daily_s1.php?block_no=47638&day=&month=04&prec_no=49&view=a1&year=2024,D:\CQUPT\self_file\competition\gjsschool2026\B题\赛题主要文件夹\问题四\外部数据抓取\raw\weather_html\jma_47638_49_2024_04_1c8179a4b4.html
jma_47638_49,49,47638,2024,4,5,2024-04-05,984.6,1018.1,1014.2,00:32,0.0,0.0,24:00,0.0,23:37,12.2,14.6,00:02,10.5,22:24,10.8,76.0,62.0,00:11,https://www.data.jma.go.jp/stats/etrn/view/daily_s1.php?block_no=47638&day=&month=04&prec_no=49&view=a1&year=2024,D:\CQUPT\self_file\competition\gjsschool2026\B题\赛题主要文件夹\问题四\外部数据抓取\raw\weather_html\jma_47638_49_2024_04_1c8179a4b4.html
jma_47638_49,49,47638,2024,4,6,2024-04-06,985.9,1019.0,1015.7,15:07,0.0,0.0,16:43,0.0,15:53,15.3,21.8,15:00,10.6,06:22,11.9,70.0,44.0,15:02,https://www.data.jma.go.jp/stats/etrn/view/daily_s1.php?block_no=47638&day=&month=04&prec_no=49&view=a1&year=2024,D:\CQUPT\self_file\competition\gjsschool2026\B题\赛题主要文件夹\问题四\外部数据抓取\raw\weather_html\jma_47638_49_2024_04_1c8179a4b4.html
jma_47638_49,49,47638,2024,4,7,2024-04-07,984.2,1017.0,1012.4,15:17,,,--,,--,17.8,25.9,14:34,10.8,05:39,13.1,67.0,34.0,12:33,https://www.data.jma.go.jp/stats/etrn/view/daily_s1.php?block_no=47638&day=&month=04&prec_no=49&view=a1&year=2024,D:\CQUPT\self_file\competition\gjsschool2026\B题\赛题主要文件夹\问题四\外部数据抓取\raw\weather_html\jma_47638_49_2024_04_1c8179a4b4.html
jma_47638_49,49,47638,2024,4,8,2024-04-08,984.2,1016.9,1013.5,24:00,0.0,0.0,24:00,0.0,24:00,18.0,25.0,12:36,13.9,05:39,15.2,75.0,42.0,12:51,https://www.data.jma.go.jp/stats/etrn/view/daily_s1.php?block_no=47638&day=&month=04&prec_no=49&view=a1&year=2024,D:\CQUPT\self_file\competition\gjsschool2026\B题\赛题主要文件夹\问题四\外部数据抓取\raw\weather_html\jma_47638_49_2024_04_1c8179a4b4.html
jma_47638_49,49,47638,2024,4,9,2024-04-09,975.9,1008.9,1001.4,10:15,43.5,10.5,09:44,2.0,09:45,13.8,16.0,16:37,8.4,24:00,11.9,73.0,42.0,23:02,https://www.data.jma.go.jp/stats/etrn/view/daily_s1.php?block_no=47638&day=&month=04&prec_no=49&view=a1&year=2024,D:\CQUPT\self_file\competition\gjsschool2026\B题\赛题主要文件夹\问题四\外部数据抓取\raw\weather_html\jma_47638_49_2024_04_1c8179a4b4.html
jma_47638_49,49,47638,2024,4,10,2024-04-10,991.6,1025.5,1019.7,00:02,,,--,,--,11.5,20.3,14:39,3.2,05:38,6.0,48.0,11.0,14:18,https://www.data.jma.go.jp/stats/etrn/view/daily_s1.php?block_no=47638&day=&month=04&prec_no=49&view=a1&year=2024,D:\CQUPT\self_file\competition\gjsschool2026\B题\赛题主要文件夹\问题四\外部数据抓取\raw\weather_html\jma_47638_49_2024_04_1c8179a4b4.html
jma_47638_49,49,47638,2024,4,11,2024-04-11,993.6,1027.3,1022.6,17:02,,,--,,--,12.9,20.8,15:16,5.7,06:07,8.1,56.0,32.0,14:45,https://www.data.jma.go.jp/stats/etrn/view/daily_s1.php?block_no=47638&day=&month=04&prec_no=49&view=a1&year=2024,D:\CQUPT\self_file\competition\gjsschool2026\B题\赛题主要文件夹\问题四\外部数据抓取\raw\weather_html\jma_47638_49_2024_04_1c8179a4b4.html
jma_47638_49,49,47638,2024,4,12,2024-04-12,986.1,1019.1,1013.3,15:59,,,--,,--,16.3,23.5,15:32,10.8,05:59,10.1,57.0,35.0,14:45,https://www.data.jma.go.jp/stats/etrn/view/daily_s1.php?block_no=47638&day=&month=04&prec_no=49&view=a1&year=2024,D:\CQUPT\self_file\competition\gjsschool2026\B题\赛题主要文件夹\问题四\外部数据抓取\raw\weather_html\jma_47638_49_2024_04_1c8179a4b4.html
jma_47638_49,49,47638,2024,4,13,2024-04-13,984.4,1017.3,1012.3,14:45,,,--,,--,16.8,27.3,14:37,9.1,05:44,10.7,59.0,16.0,13:57,https://www.data.jma.go.jp/stats/etrn/view/daily_s1.php?block_no=47638&day=&month=04&prec_no=49&view=a1&year=2024,D:\CQUPT\self_file\competition\gjsschool2026\B题\赛题主要文件夹\问题四\外部数据抓取\raw\weather_html\jma_47638_49_2024_04_1c8179a4b4.html
jma_47638_49,49,47638,2024,4,14,2024-04-14,988.2,1021.1,1016.4,15:02,,,--,,--,17.9,28.1,15:04,10.2,05:16,11.8,61.0,21.0,14:16,https://www.data.jma.go.jp/stats/etrn/view/daily_s1.php?block_no=47638&day=&month=04&prec_no=49&view=a1&year=2024,D:\CQUPT\self_file\competition\gjsschool2026\B题\赛题主要文件夹\问题四\外部数据抓取\raw\weather_html\jma_47638_49_2024_04_1c8179a4b4.html
jma_47638_49,49,47638,2024,4,15,2024-04-15,988.0,1020.8,1016.7,15:48,,,--,,--,18.8,27.6,13:32,11.8,05:34,11.8,58.0,27.0,13:17,https://www.data.jma.go.jp/stats/etrn/view/daily_s1.php?block_no=47638&day=&month=04&prec_no=49&view=a1&year=2024,D:\CQUPT\self_file\competition\gjsschool2026\B题\赛题主要文件夹\问题四\外部数据抓取\raw\weather_html\jma_47638_49_2024_04_1c8179a4b4.html
jma_47638_49,49,47638,2024,4,16,2024-04-16,983.0,1015.7,1012.1,17:18,0.0,0.0,24:00,0.0,23:45,17.9,25.4,13:23,13.2,05:20,12.3,61.0,36.0,13:24,https://www.data.jma.go.jp/stats/etrn/view/daily_s1.php?block_no=47638&day=&month=04&prec_no=49&view=a1&year=2024,D:\CQUPT\self_file\competition\gjsschool2026\B题\赛题主要文件夹\问题四\外部数据抓取\raw\weather_html\jma_47638_49_2024_04_1c8179a4b4.html
jma_47638_49,49,47638,2024,4,17,2024-04-17,975.7,1007.9,1003.0,16:03,0.0,0.0,06:47,0.0,05:57,20.4,27.3,15:44,14.9,05:36,12.8,56.0,26.0,16:47,https://www.data.jma.go.jp/stats/etrn/view/daily_s1.php?block_no=47638&day=&month=04&prec_no=49&view=a1&year=2024,D:\CQUPT\self_file\competition\gjsschool2026\B题\赛题主要文件夹\问题四\外部数据抓取\raw\weather_html\jma_47638_49_2024_04_1c8179a4b4.html
jma_47638_49,49,47638,2024,4,18,2024-04-18,972.3,1004.6,1001.2,17:06,0.0,0.0,19:59,0.0,19:09,18.1,22.2,13:32,15.3,23:51,11.6,56.0,44.0,14:32,https://www.data.jma.go.jp/stats/etrn/view/daily_s1.php?block_no=47638&day=&month=04&prec_no=49&view=a1&year=2024,D:\CQUPT\self_file\competition\gjsschool2026\B题\赛题主要文件夹\问题四\外部数据抓取\raw\weather_html\jma_47638_49_2024_04_1c8179a4b4.html
jma_47638_49,49,47638,2024,4,19,2024-04-19,973.5,1005.9,1001.4,00:34,,,--,,--,18.3,24.7,14:24,13.4,24:00,7.2,36.0,19.0,16:51,https://www.data.jma.go.jp/stats/etrn/view/daily_s1.php?block_no=47638&day=&month=04&prec_no=49&view=a1&year=2024,D:\CQUPT\self_file\competition\gjsschool2026\B题\赛题主要文件夹\问题四\外部数据抓取\raw\weather_html\jma_47638_49_2024_04_1c8179a4b4.html
jma_47638_49,49,47638,2024,4,20,2024-04-20,978.7,1011.1,1006.9,15:45,,,--,,--,19.3,28.6,14:50,10.0,05:17,8.9,42.0,19.0,14:25,https://www.data.jma.go.jp/stats/etrn/view/daily_s1.php?block_no=47638&day=&month=04&prec_no=49&view=a1&year=2024,D:\CQUPT\self_file\competition\gjsschool2026\B题\赛题主要文件夹\问题四\外部数据抓取\raw\weather_html\jma_47638_49_2024_04_1c8179a4b4.html
jma_47638_49,49,47638,2024,4,21,2024-04-21,979.8,1012.2,1010.0,15:34,9.5,3.0,22:29,1.0,20:40,19.2,24.3,11:39,15.8,24:00,13.9,64.0,40.0,11:22,https://www.data.jma.go.jp/stats/etrn/view/daily_s1.php?block_no=47638&day=&month=04&prec_no=49&view=a1&year=2024,D:\CQUPT\self_file\competition\gjsschool2026\B题\赛题主要文件夹\问题四\外部数据抓取\raw\weather_html\jma_47638_49_2024_04_1c8179a4b4.html
jma_47638_49,49,47638,2024,4,22,2024-04-22,978.9,1011.4,1008.9,15:40,3.0,3.0,00:41,0.5,02:34,18.4,23.1,14:29,15.4,06:03,15.1,73.0,52.0,14:07,https://www.data.jma.go.jp/stats/etrn/view/daily_s1.php?block_no=47638&day=&month=04&prec_no=49&view=a1&year=2024,D:\CQUPT\self_file\competition\gjsschool2026\B题\赛题主要文件夹\问题四\外部数据抓取\raw\weather_html\jma_47638_49_2024_04_1c8179a4b4.html
jma_47638_49,49,47638,2024,4,23,2024-04-23,982.6,1015.2,1012.9,00:54,,,--,,--,17.8,20.9,12:08,16.4,05:17,14.2,70.0,58.0,11:52,https://www.data.jma.go.jp/stats/etrn/view/daily_s1.php?block_no=47638&day=&month=04&prec_no=49&view=a1&year=2024,D:\CQUPT\self_file\competition\gjsschool2026\B题\赛题主要文件夹\问题四\外部数据抓取\raw\weather_html\jma_47638_49_2024_04_1c8179a4b4.html
jma_47638_49,49,47638,2024,4,24,2024-04-24,979.6,1012.5,1007.3,24:00,3.5,1.5,04:34,0.5,22:46,15.4,17.4,12:00,14.3,23:05,15.2,87.0,71.0,12:13,https://www.data.jma.go.jp/stats/etrn/view/daily_s1.php?block_no=47638&day=&month=04&prec_no=49&view=a1&year=2024,D:\CQUPT\self_file\competition\gjsschool2026\B题\赛题主要文件夹\问题四\外部数据抓取\raw\weather_html\jma_47638_49_2024_04_1c8179a4b4.html
jma_47638_49,49,47638,2024,4,25,2024-04-25,972.9,1005.0,1000.3,15:17,0.0,0.0,03:31,0.0,02:41,20.0,29.0,15:16,14.3,03:56,15.3,69.0,34.0,15:37,https://www.data.jma.go.jp/stats/etrn/view/daily_s1.php?block_no=47638&day=&month=04&prec_no=49&view=a1&year=2024,D:\CQUPT\self_file\competition\gjsschool2026\B题\赛题主要文件夹\问题四\外部数据抓取\raw\weather_html\jma_47638_49_2024_04_1c8179a4b4.html
jma_47638_49,49,47638,2024,4,26,2024-04-26,980.5,1012.8,1010.7,15:02,,,--,,--,19.9,26.5,14:11,12.6,04:59,13.5,60.0,40.0,14:13,https://www.data.jma.go.jp/stats/etrn/view/daily_s1.php?block_no=47638&day=&month=04&prec_no=49&view=a1&year=2024,D:\CQUPT\self_file\competition\gjsschool2026\B题\赛题主要文件夹\问题四\外部数据抓取\raw\weather_html\jma_47638_49_2024_04_1c8179a4b4.html
jma_47638_49,49,47638,2024,4,27,2024-04-27,979.2,1011.6,1008.2,15:59,0.0,0.0,17:51,0.0,17:01,19.2,23.8,13:28,16.2,05:56,15.6,72.0,46.0,13:51,https://www.data.jma.go.jp/stats/etrn/view/daily_s1.php?block_no=47638&day=&month=04&prec_no=49&view=a1&year=2024,D:\CQUPT\self_file\competition\gjsschool2026\B题\赛题主要文件夹\问题四\外部数据抓取\raw\weather_html\jma_47638_49_2024_04_1c8179a4b4.html
jma_47638_49,49,47638,2024,4,28,2024-04-28,981.1,1013.3,1009.4,14:53,,,--,,--,21.3,30.9,14:01,13.2,05:15,15.4,65.0,24.0,13:22,https://www.data.jma.go.jp/stats/etrn/view/daily_s1.php?block_no=47638&day=&month=04&prec_no=49&view=a1&year=2024,D:\CQUPT\self_file\competition\gjsschool2026\B题\赛题主要文件夹\问题四\外部数据抓取\raw\weather_html\jma_47638_49_2024_04_1c8179a4b4.html
jma_47638_49,49,47638,2024,4,29,2024-04-29,979.3,1011.5,1008.3,17:50,0.0,0.0,24:00,0.0,24:00,20.9,27.0,13:25,15.8,05:04,15.9,66.0,33.0,14:15,https://www.data.jma.go.jp/stats/etrn/view/daily_s1.php?block_no=47638&day=&month=04&prec_no=49&view=a1&year=2024,D:\CQUPT\self_file\competition\gjsschool2026\B题\赛题主要文件夹\问题四\外部数据抓取\raw\weather_html\jma_47638_49_2024_04_1c8179a4b4.html
jma_47638_49,49,47638,2024,4,30,2024-04-30,971.2,1003.2,999.1,16:01,0.0,0.0,07:57,0.0,07:07,20.4,25.1,17:07,17.2,06:54,17.7,75.0,54.0,14:41,https://www.data.jma.go.jp/stats/etrn/view/daily_s1.php?block_no=47638&day=&month=04&prec_no=49&view=a1&year=2024,D:\CQUPT\self_file\competition\gjsschool2026\B题\赛题主要文件夹\问题四\外部数据抓取\raw\weather_html\jma_47638_49_2024_04_1c8179a4b4.html
jma_47638_49,49,47638,2024,5,1,2024-05-01,972.2,1004.5,1001.6,01:49,24.0,5.0,16:01,1.5,15:11,17.5,20.9,09:03,12.9,23:58,17.9,89.0,75.0,09:13,https://www.data.jma.go.jp/stats/etrn/view/daily_s1.php?block_no=47638&day=&month=05&prec_no=49&view=a1&year=2024,D:\CQUPT\self_file\competition\gjsschool2026\B题\赛题主要文件夹\问题四\外部数据抓取\raw\weather_html\jma_47638_49_2024_05_4350146599.html
jma_47638_49,49,47638,2024,5,2,2024-05-02,982.4,1015.4,1009.9,00:03,4.0,2.5,01:16,0.5,02:34,15.8,22.3,15:29,11.3,02:45,11.5,66.0,39.0,14:58,https://www.data.jma.go.jp/stats/etrn/view/daily_s1.php?block_no=47638&day=&month=05&prec_no=49&view=a1&year=2024,D:\CQUPT\self_file\competition\gjsschool2026\B题\赛题主要文件夹\问题四\外部数据抓取\raw\weather_html\jma_47638_49_2024_05_4350146599.html
jma_47638_49,49,47638,2024,5,3,2024-05-03,985.6,1018.3,1013.6,15:38,,,--,,--,18.3,26.6,14:36,12.6,06:34,12.5,62.0,24.0,14:32,https://www.data.jma.go.jp/stats/etrn/view/daily_s1.php?block_no=47638&day=&month=05&prec_no=49&view=a1&year=2024,D:\CQUPT\self_file\competition\gjsschool2026\B题\赛题主要文件夹\问题四\外部数据抓取\raw\weather_html\jma_47638_49_2024_05_4350146599.html
jma_47638_49,49,47638,2024,5,4,2024-05-04,987.5,1020.1,1016.2,15:08,,,--,,--,20.0,29.6,13:52,11.8,05:29,13.1,61.0,25.0,13:27,https://www.data.jma.go.jp/stats/etrn/view/daily_s1.php?block_no=47638&day=&month=05&prec_no=49&view=a1&year=2024,D:\CQUPT\self_file\competition\gjsschool2026\B题\赛题主要文件夹\问题四\外部数据抓取\raw\weather_html\jma_47638_49_2024_05_4350146599.html
jma_47638_49,49,47638,2024,5,5,2024-05-05,989.2,1021.8,1017.8,16:26,,,--,,--,21.1,31.3,13:30,12.8,05:10,12.3,54.0,16.0,13:33,https://www.data.jma.go.jp/stats/etrn/view/daily_s1.php?block_no=47638&day=&month=05&prec_no=49&view=a1&year=2024,D:\CQUPT\self_file\competition\gjsschool2026\B题\赛题主要文件夹\问题四\外部数据抓取\raw\weather_html\jma_47638_49_2024_05_4350146599.html
jma_47638_49,49,47638,2024,5,6,2024-05-06,985.6,1018.1,1014.8,23:54,0.0,0.0,24:00,0.0,24:00,19.6,23.9,16:57,15.6,04:35,13.0,58.0,41.0,16:15,https://www.data.jma.go.jp/stats/etrn/view/daily_s1.php?block_no=47638&day=&month=05&prec_no=49&view=a1&year=2024,D:\CQUPT\self_file\competition\gjsschool2026\B题\赛题主要文件夹\问题四\外部数据抓取\raw\weather_html\jma_47638_49_2024_05_4350146599.html
jma_47638_49,49,47638,2024,5,7,2024-05-07,976.1,1008.3,1003.3,17:09,2.0,1.0,07:32,0.5,07:34,19.6,23.3,15:09,16.2,06:28,17.9,79.0,62.0,14:02,https://www.data.jma.go.jp/stats/etrn/view/daily_s1.php?block_no=47638&day=&month=05&prec_no=49&view=a1&year=2024,D:\CQUPT\self_file\competition\gjsschool2026\B题\赛题主要文件夹\问题四\外部数据抓取\raw\weather_html\jma_47638_49_2024_05_4350146599.html
jma_47638_49,49,47638,2024,5,8,2024-05-08,972.8,1005.2,1001.5,12:38,2.0,1.5,23:59,0.5,23:43,18.2,26.4,12:38,11.2,23:59,13.8,68.0,35.0,12:42,https://www.data.jma.go.jp/stats/etrn/view/daily_s1.php?block_no=47638&day=&month=05&prec_no=49&view=a1&year=2024,D:\CQUPT\self_file\competition\gjsschool2026\B题\赛题主要文件夹\问题四\外部数据抓取\raw\weather_html\jma_47638_49_2024_05_4350146599.html
jma_47638_49,49,47638,2024,5,9,2024-05-09,979.6,1012.7,1008.9,14:57,11.0,6.5,01:31,1.5,01:28,13.7,21.2,16:32,9.5,05:01,8.9,61.0,15.0,20:42,https://www.data.jma.go.jp/stats/etrn/view/daily_s1.php?block_no=47638&day=&month=05&prec_no=49&view=a1&year=2024,D:\CQUPT\self_file\competition\gjsschool2026\B题\赛题主要文件夹\问题四\外部数据抓取\raw\weather_html\jma_47638_49_2024_05_4350146599.html
jma_47638_49,49,47638,2024,5,10,2024-05-10,988.6,1021.7,1018.0,16:27,,,--,,--,15.6,25.5,14:45,5.7,04:49,9.5,55.0,18.0,11:12,https://www.data.jma.go.jp/stats/etrn/view/daily_s1.php?block_no=47638&day=&month=05&prec_no=49&view=a1&year=2024,D:\CQUPT\self_file\competition\gjsschool2026\B题\赛题主要文件夹\问题四\外部数据抓取\raw\weather_html\jma_47638_49_2024_05_4350146599.html
jma_47638_49,49,47638,2024,5,11,2024-05-11,989.0,1021.8,1017.8,15:48,,,--,,--,19.1,27.3,14:17,13.6,01:17,13.9,65.0,36.0,13:03,https://www.data.jma.go.jp/stats/etrn/view/daily_s1.php?block_no=47638&day=&month=05&prec_no=49&view=a1&year=2024,D:\CQUPT\self_file\competition\gjsschool2026\B题\赛题主要文件夹\问题四\外部数据抓取\raw\weather_html\jma_47638_49_2024_05_4350146599.html
jma_47638_49,49,47638,2024,5,12,2024-05-12,984.6,1017.2,1013.1,24:00,0.0,0.0,24:00,0.0,24:00,18.6,24.3,13:31,13.3,05:11,13.6,64.0,45.0,13:32,https://www.data.jma.go.jp/stats/etrn/view/daily_s1.php?block_no=47638&day=&month=05&prec_no=49&view=a1&year=2024,D:\CQUPT\self_file\competition\gjsschool2026\B题\赛题主要文件夹\问题四\外部数据抓取\raw\weather_html\jma_47638_49_2024_05_4350146599.html
jma_47638_49,49,47638,2024,5,13,2024-05-13,976.0,1008.6,1005.8,15:21,41.0,13.5,04:42,3.0,04:25,16.7,18.6,17:12,14.6,04:59,17.5,92.0,71.0,00:04,https://www.data.jma.go.jp/stats/etrn/view/daily_s1.php?block_no=47638&day=&month=05&prec_no=49&view=a1&year=2024,D:\CQUPT\self_file\competition\gjsschool2026\B题\赛题主要文件夹\问题四\外部数据抓取\raw\weather_html\jma_47638_49_2024_05_4350146599.html
jma_47638_49,49,47638,2024,5,14,2024-05-14,983.3,1016.0,1012.9,14:32,,0.0,00:57,0.0,00:07,18.6,27.2,14:29,13.3,04:42,12.9,62.0,31.0,14:58,https://www.data.jma.go.jp/stats/etrn/view/daily_s1.php?block_no=47638&day=&month=05&prec_no=49&view=a1&year=2024,D:\CQUPT\self_file\competition\gjsschool2026\B题\赛题主要文件夹\问题四\外部数据抓取\raw\weather_html\jma_47638_49_2024_05_4350146599.html
jma_47638_49,49,47638,2024,5,15,2024-05-15,982.1,,,24:00 ),9.0,6.0,23:13,1.5,23:07,,26.5,14:39,12.0,05:03,,,,13:24 ),https://www.data.jma.go.jp/stats/etrn/view/daily_s1.php?block_no=47638&day=&month=05&prec_no=49&view=a1&year=2024,D:\CQUPT\self_file\competition\gjsschool2026\B题\赛题主要文件夹\问题四\外部数据抓取\raw\weather_html\jma_47638_49_2024_05_4350146599.html
jma_47638_49,49,47638,2024,5,16,2024-05-16,971.9,1004.0,999.5,17:08,2.5,3.0,00:05,0.5,05:17,20.1,27.6,13:55,14.8,24:00,15.0,66.0,31.0,17:01,https://www.data.jma.go.jp/stats/etrn/view/daily_s1.php?block_no=47638&day=&month=05&prec_no=49&view=a1&year=2024,D:\CQUPT\self_file\competition\gjsschool2026\B题\赛题主要文件夹\问题四\外部数据抓取\raw\weather_html\jma_47638_49_2024_05_4350146599.html
jma_47638_49,49,47638,2024,5,17,2024-05-17,979.4,1011.7,1007.2,00:03,,,--,,--,19.8,27.7,13:36,11.5,04:45,10.7,49.0,22.0,13:18,https://www.data.jma.go.jp/stats/etrn/view/daily_s1.php?block_no=47638&day=&month=05&prec_no=49&view=a1&year=2024,D:\CQUPT\self_file\competition\gjsschool2026\B题\赛题主要文件夹\问题四\外部数据抓取\raw\weather_html\jma_47638_49_2024_05_4350146599.html
jma_47638_49,49,47638,2024,5,18,2024-05-18,985.8,1018.2,1014.1,15:05,,,--,,--,20.8,29.7,14:13,12.4,04:58,12.4,54.0,28.0,14:48,https://www.data.jma.go.jp/stats/etrn/view/daily_s1.php?block_no=47638&day=&month=05&prec_no=49&view=a1&year=2024,D:\CQUPT\self_file\competition\gjsschool2026\B题\赛题主要文件夹\问题四\外部数据抓取\raw\weather_html\jma_47638_49_2024_05_4350146599.html
jma_47638_49,49,47638,2024,5,19,2024-05-19,986.3,1018.9,1016.1,16:39,7.5,3.5,23:23,1.0,22:48,19.1,23.7,15:52,15.6,23:58,15.0,69.0,48.0,16:41,https://www.data.jma.go.jp/stats/etrn/view/daily_s1.php?block_no=47638&day=&month=05&prec_no=49&view=a1&year=2024,D:\CQUPT\self_file\competition\gjsschool2026\B题\赛题主要文件夹\问题四\外部数据抓取\raw\weather_html\jma_47638_49_2024_05_4350146599.html
jma_47638_49,49,47638,2024,5,20,2024-05-20,980.1,1012.5,1007.9,15:31,38.0,10.5,06:43,2.0,06:50,19.5,26.3,14:42,14.3,03:11,18.2,82.0,54.0,13:12,https://www.data.jma.go.jp/stats/etrn/view/daily_s1.php?block_no=47638&day=&month=05&prec_no=49&view=a1&year=2024,D:\CQUPT\self_file\competition\gjsschool2026\B题\赛题主要文件夹\问题四\外部数据抓取\raw\weather_html\jma_47638_49_2024_05_4350146599.html
jma_47638_49,49,47638,2024,5,21,2024-05-21,981.7,1013.7,1010.1,15:29,2.0,2.0,24:00,2.0,23:50,22.9,30.4,15:10,17.9,23:53,17.9,66.0,38.0,14:43,https://www.data.jma.go.jp/stats/etrn/view/daily_s1.php?block_no=47638&day=&month=05&prec_no=49&view=a1&year=2024,D:\CQUPT\self_file\competition\gjsschool2026\B题\赛题主要文件夹\问题四\外部数据抓取\raw\weather_html\jma_47638_49_2024_05_4350146599.html
jma_47638_49,49,47638,2024,5,22,2024-05-22,985.5,1017.9,1015.7,15:44,0.0,2.0,00:40,0.0,07:25,20.9,26.3,13:32,17.7,23:47,15.0,61.0,42.0,14:46,https://www.data.jma.go.jp/stats/etrn/view/daily_s1.php?block_no=47638&day=&month=05&prec_no=49&view=a1&year=2024,D:\CQUPT\self_file\competition\gjsschool2026\B题\赛题主要文件夹\问题四\外部数据抓取\raw\weather_html\jma_47638_49_2024_05_4350146599.html
jma_47638_49,49,47638,2024,5,23,2024-05-23,980.6,1013.0,1009.0,17:11,,,--,,--,19.8,24.8,16:42,15.0,03:41,16.2,71.0,47.0,14:17,https://www.data.jma.go.jp/stats/etrn/view/daily_s1.php?block_no=47638&day=&month=05&prec_no=49&view=a1&year=2024,D:\CQUPT\self_file\competition\gjsschool2026\B题\赛题主要文件夹\问题四\外部数据抓取\raw\weather_html\jma_47638_49_2024_05_4350146599.html
jma_47638_49,49,47638,2024,5,24,2024-05-24,974.2,1006.1,1001.8,15:17,,,--,,--,22.7,31.6,14:36,15.9,05:15,17.4,66.0,26.0,14:13,https://www.data.jma.go.jp/stats/etrn/view/daily_s1.php?block_no=47638&day=&month=05&prec_no=49&view=a1&year=2024,D:\CQUPT\self_file\competition\gjsschool2026\B题\赛题主要文件夹\问题四\外部数据抓取\raw\weather_html\jma_47638_49_2024_05_4350146599.html
jma_47638_49,49,47638,2024,5,25,2024-05-25,979.4,1011.5,1006.8,00:53,0.0,0.0,24:00,0.0,24:00,21.3,27.7,13:07,17.0,24:00,15.3,62.0,40.0,12:28,https://www.data.jma.go.jp/stats/etrn/view/daily_s1.php?block_no=47638&day=&month=05&prec_no=49&view=a1&year=2024,D:\CQUPT\self_file\competition\gjsschool2026\B题\赛题主要文件夹\问题四\外部数据抓取\raw\weather_html\jma_47638_49_2024_05_4350146599.html
jma_47638_49,49,47638,2024,5,26,2024-05-26,983.6,1016.2,1013.0,24:00,0.0,0.0,02:54,0.0,02:04,18.9,21.1,16:55,16.3,05:44,15.0,69.0,59.0,16:58,https://www.data.jma.go.jp/stats/etrn/view/daily_s1.php?block_no=47638&day=&month=05&prec_no=49&view=a1&year=2024,D:\CQUPT\self_file\competition\gjsschool2026\B题\赛题主要文件夹\问题四\外部数据抓取\raw\weather_html\jma_47638_49_2024_05_4350146599.html
jma_47638_49,49,47638,2024,5,27,2024-05-27,974.7,1006.8,1003.1,16:31,0.0,0.0,14:54,0.0,14:04,20.5,25.5,14:06,15.5,04:24,18.1,75.0,53.0,13:18,https://www.data.jma.go.jp/stats/etrn/view/daily_s1.php?block_no=47638&day=&month=05&prec_no=49&view=a1&year=2024,D:\CQUPT\self_file\competition\gjsschool2026\B题\赛题主要文件夹\问题四\外部数据抓取\raw\weather_html\jma_47638_49_2024_05_4350146599.html
jma_47638_49,49,47638,2024,5,28,2024-05-28,968.1,999.9,993.8,22:20,27.0,6.5,19:35,2.5,19:26,21.3,25.1,13:46,19.5,05:51,23.3,92.0,69.0,13:20,https://www.data.jma.go.jp/stats/etrn/view/daily_s1.php?block_no=47638&day=&month=05&prec_no=49&view=a1&year=2024,D:\CQUPT\self_file\competition\gjsschool2026\B题\赛题主要文件夹\问题四\外部数据抓取\raw\weather_html\jma_47638_49_2024_05_4350146599.html
jma_47638_49,49,47638,2024,5,29,2024-05-29,973.4,1005.2,994.9,00:01,0.0,0.0,05:39,0.0,04:49,22.5,30.5,15:05,17.3,05:21,16.6,63.0,23.0,14:49,https://www.data.jma.go.jp/stats/etrn/view/daily_s1.php?block_no=47638&day=&month=05&prec_no=49&view=a1&year=2024,D:\CQUPT\self_file\competition\gjsschool2026\B题\赛题主要文件夹\问题四\外部数据抓取\raw\weather_html\jma_47638_49_2024_05_4350146599.html
jma_47638_49,49,47638,2024,5,30,2024-05-30,981.6,1013.7,1011.8,15:36,0.0,0.0,24:00,0.0,24:00,22.5,28.4,13:52,18.3,04:22,17.3,65.0,44.0,12:12,https://www.data.jma.go.jp/stats/etrn/view/daily_s1.php?block_no=47638&day=&month=05&prec_no=49&view=a1&year=2024,D:\CQUPT\self_file\competition\gjsschool2026\B题\赛题主要文件夹\问题四\外部数据抓取\raw\weather_html\jma_47638_49_2024_05_4350146599.html
jma_47638_49,49,47638,2024,5,31,2024-05-31,976.1,1008.5,1004.4,14:16,49.0,14.5,01:31,4.0,01:07,18.0,22.1,14:38,15.8,03:18,18.9,92.0,71.0,15:09,https://www.data.jma.go.jp/stats/etrn/view/daily_s1.php?block_no=47638&day=&month=05&prec_no=49&view=a1&year=2024,D:\CQUPT\self_file\competition\gjsschool2026\B题\赛题主要文件夹\问题四\外部数据抓取\raw\weather_html\jma_47638_49_2024_05_4350146599.html
jma_47638_49,49,47638,2024,6,1,2024-06-01,975.7,1007.9,1004.5,14:49,8.0,6.5,24:00,3.5,23:37,20.2,27.4,15:10,15.4,03:51,16.8,74.0,37.0,15:17,https://www.data.jma.go.jp/stats/etrn/view/daily_s1.php?block_no=47638&day=&month=06&prec_no=49&view=a1&year=2024,D:\CQUPT\self_file\competition\gjsschool2026\B题\赛题主要文件夹\问题四\外部数据抓取\raw\weather_html\jma_47638_49_2024_06_ba6bf488a7.html
jma_47638_49,49,47638,2024,6,2,2024-06-02,975.3,1007.6,1005.0,12:07,6.5,8.0,00:27,2.0,00:07,18.4,23.4,10:24,16.6,01:21,17.7,85.0,55.0,10:56,https://www.data.jma.go.jp/stats/etrn/view/daily_s1.php?block_no=47638&day=&month=06&prec_no=49&view=a1&year=2024,D:\CQUPT\self_file\competition\gjsschool2026\B题\赛题主要文件夹\问题四\外部数据抓取\raw\weather_html\jma_47638_49_2024_06_ba6bf488a7.html
jma_47638_49,49,47638,2024,6,3,2024-06-03,974.3,1006.4,1003.1,14:47,0.5,0.5,24:00,0.5,23:58,19.8,25.4,14:19,16.1,05:26,16.3,72.0,48.0,15:15,https://www.data.jma.go.jp/stats/etrn/view/daily_s1.php?block_no=47638&day=&month=06&prec_no=49&view=a1&year=2024,D:\CQUPT\self_file\competition\gjsschool2026\B题\赛题主要文件夹\问题四\外部数据抓取\raw\weather_html\jma_47638_49_2024_06_ba6bf488a7.html
jma_47638_49,49,47638,2024,6,4,2024-06-04,978.3,1010.7,1007.4,14:31,29.5,29.5,17:35,17.0,16:49,18.9,26.6,14:36,14.3,04:59,15.4,73.0,37.0,11:38,https://www.data.jma.go.jp/stats/etrn/view/daily_s1.php?block_no=47638&day=&month=06&prec_no=49&view=a1&year=2024,D:\CQUPT\self_file\competition\gjsschool2026\B题\赛题主要文件夹\问题四\外部数据抓取\raw\weather_html\jma_47638_49_2024_06_ba6bf488a7.html
jma_47638_49,49,47638,2024,6,5,2024-06-05,984.0,1016.3,1012.8,15:22,,,--,,--,20.7,29.0,15:14,13.6,04:26,15.9,69.0,33.0,15:15,https://www.data.jma.go.jp/stats/etrn/view/daily_s1.php?block_no=47638&day=&month=06&prec_no=49&view=a1&year=2024,D:\CQUPT\self_file\competition\gjsschool2026\B题\赛题主要文件夹\问题四\外部数据抓取\raw\weather_html\jma_47638_49_2024_06_ba6bf488a7.html
jma_47638_49,49,47638,2024,6,6,2024-06-06,986.2,1018.5,1015.9,15:34,,,--,,--,21.7,27.6,14:03,18.6,04:24,17.2,67.0,42.0,12:54,https://www.data.jma.go.jp/stats/etrn/view/daily_s1.php?block_no=47638&day=&month=06&prec_no=49&view=a1&year=2024,D:\CQUPT\self_file\competition\gjsschool2026\B题\赛题主要文件夹\问题四\外部数据抓取\raw\weather_html\jma_47638_49_2024_06_ba6bf488a7.html
jma_47638_49,49,47638,2024,6,7,2024-06-07,984.2,1016.4,1013.3,13:59,,,--,,--,22.2,28.4,13:58,18.1,05:08,16.3,63.0,37.0,13:04,https://www.data.jma.go.jp/stats/etrn/view/daily_s1.php?block_no=47638&day=&month=06&prec_no=49&view=a1&year=2024,D:\CQUPT\self_file\competition\gjsschool2026\B题\赛题主要文件夹\问题四\外部数据抓取\raw\weather_html\jma_47638_49_2024_06_ba6bf488a7.html
jma_47638_49,49,47638,2024,6,8,2024-06-08,983.4,1015.6,1011.6,16:16,,,--,,--,22.2,29.6,14:28,16.2,04:20,15.7,61.0,37.0,14:12,https://www.data.jma.go.jp/stats/etrn/view/daily_s1.php?block_no=47638&day=&month=06&prec_no=49&view=a1&year=2024,D:\CQUPT\self_file\competition\gjsschool2026\B题\赛题主要文件夹\问题四\外部数据抓取\raw\weather_html\jma_47638_49_2024_06_ba6bf488a7.html
jma_47638_49,49,47638,2024,6,9,2024-06-09,980.8,1013.1,1010.7,23:45,0.0,0.0,24:00,0.0,24:00,21.1,25.6,13:28,18.4,05:55,16.8,68.0,50.0,13:43,https://www.data.jma.go.jp/stats/etrn/view/daily_s1.php?block_no=47638&day=&month=06&prec_no=49&view=a1&year=2024,D:\CQUPT\self_file\competition\gjsschool2026\B题\赛题主要文件夹\问题四\外部数据抓取\raw\weather_html\jma_47638_49_2024_06_ba6bf488a7.html
jma_47638_49,49,47638,2024,6,10,2024-06-10,976.6,1008.6,1004.8,15:24,10.0,3.0,03:56,1.0,03:17,21.7,28.8,14:10,16.9,04:15,18.9,75.0,45.0,13:51,https://www.data.jma.go.jp/stats/etrn/view/daily_s1.php?block_no=47638&day=&month=06&prec_no=49&view=a1&year=2024,D:\CQUPT\self_file\competition\gjsschool2026\B题\赛题主要文件夹\问题四\外部数据抓取\raw\weather_html\jma_47638_49_2024_06_ba6bf488a7.html
jma_47638_49,49,47638,2024,6,11,2024-06-11,977.1,1008.8,1005.3,15:14,0.0,0.0,02:46,0.0,01:56,24.3,31.0,12:52,19.9,04:38,19.1,65.0,34.0,14:30,https://www.data.jma.go.jp/stats/etrn/view/daily_s1.php?block_no=47638&day=&month=06&prec_no=49&view=a1&year=2024,D:\CQUPT\self_file\competition\gjsschool2026\B题\赛题主要文件夹\问题四\外部数据抓取\raw\weather_html\jma_47638_49_2024_06_ba6bf488a7.html
jma_47638_49,49,47638,2024,6,12,2024-06-12,975.9,1007.5,1003.7,15:26,0.0,0.0,09:59,0.0,09:09,25.1,32.2,13:57,20.5,01:49,20.3,66.0,40.0,13:10,https://www.data.jma.go.jp/stats/etrn/view/daily_s1.php?block_no=47638&day=&month=06&prec_no=49&view=a1&year=2024,D:\CQUPT\self_file\competition\gjsschool2026\B题\赛题主要文件夹\问题四\外部数据抓取\raw\weather_html\jma_47638_49_2024_06_ba6bf488a7.html
jma_47638_49,49,47638,2024,6,13,2024-06-13,973.1,1004.8,1000.9,15:37,,,--,,--,23.8,30.0,15:37,20.3,04:32,19.3,67.0,41.0,14:01,https://www.data.jma.go.jp/stats/etrn/view/daily_s1.php?block_no=47638&day=&month=06&prec_no=49&view=a1&year=2024,D:\CQUPT\self_file\competition\gjsschool2026\B题\赛题主要文件夹\问题四\外部数据抓取\raw\weather_html\jma_47638_49_2024_06_ba6bf488a7.html
jma_47638_49,49,47638,2024,6,14,2024-06-14,976.0,1007.5,1004.4,14:49,,,--,,--,25.6,33.6,13:16,18.8,04:00,19.6,62.0,36.0,14:32,https://www.data.jma.go.jp/stats/etrn/view/daily_s1.php?block_no=47638&day=&month=06&prec_no=49&view=a1&year=2024,D:\CQUPT\self_file\competition\gjsschool2026\B题\赛题主要文件夹\问题四\外部数据抓取\raw\weather_html\jma_47638_49_2024_06_ba6bf488a7.html
jma_47638_49,49,47638,2024,6,15,2024-06-15,975.3,1006.8,1003.6,16:11,0.0,0.0,24:00,0.0,24:00,25.4,32.6,12:56,20.3,05:14,17.7,57.0,30.0,13:56,https://www.data.jma.go.jp/stats/etrn/view/daily_s1.php?block_no=47638&day=&month=06&prec_no=49&view=a1&year=2024,D:\CQUPT\self_file\competition\gjsschool2026\B题\赛题主要文件夹\问题四\外部数据抓取\raw\weather_html\jma_47638_49_2024_06_ba6bf488a7.html
jma_47638_49,49,47638,2024,6,16,2024-06-16,972.1,1003.8,1000.3,16:46,5.5,2.0,06:51,1.0,06:08,23.3,29.6,14:48,18.1,06:22,21.7,77.0,54.0,13:20,https://www.data.jma.go.jp/stats/etrn/view/daily_s1.php?block_no=47638&day=&month=06&prec_no=49&view=a1&year=2024,D:\CQUPT\self_file\competition\gjsschool2026\B题\赛题主要文件夹\问题四\外部数据抓取\raw\weather_html\jma_47638_49_2024_06_ba6bf488a7.html
jma_47638_49,49,47638,2024,6,17,2024-06-17,976.3,1008.0,1005.3,00:01,2.5,1.5,23:04,0.5,23:58,24.4,30.5,12:52,19.8,23:52,21.4,72.0,32.0,13:15,https://www.data.jma.go.jp/stats/etrn/view/daily_s1.php?block_no=47638&day=&month=06&prec_no=49&view=a1&year=2024,D:\CQUPT\self_file\competition\gjsschool2026\B题\赛题主要文件夹\问题四\外部数据抓取\raw\weather_html\jma_47638_49_2024_06_ba6bf488a7.html
jma_47638_49,49,47638,2024,6,18,2024-06-18,975.0,1007.5,1004.6,14:22,72.5,14.0,12:01,3.0,11:51,17.9,20.0,00:03,16.9,23:35,19.9,97.0,89.0,00:29,https://www.data.jma.go.jp/stats/etrn/view/daily_s1.php?block_no=47638&day=&month=06&prec_no=49&view=a1&year=2024,D:\CQUPT\self_file\competition\gjsschool2026\B题\赛题主要文件夹\问题四\外部数据抓取\raw\weather_html\jma_47638_49_2024_06_ba6bf488a7.html
jma_47638_49,49,47638,2024,6,19,2024-06-19,977.1,1009.0,1005.9,16:20,0.0,0.0,05:57,0.0,05:07,22.6,31.4,15:04,15.9,05:29,18.4,71.0,32.0,15:08,https://www.data.jma.go.jp/stats/etrn/view/daily_s1.php?block_no=47638&day=&month=06&prec_no=49&view=a1&year=2024,D:\CQUPT\self_file\competition\gjsschool2026\B题\赛题主要文件夹\问题四\外部数据抓取\raw\weather_html\jma_47638_49_2024_06_ba6bf488a7.html
jma_47638_49,49,47638,2024,6,20,2024-06-20,978.9,1010.8,1008.7,14:58,,,--,,--,23.2,28.6,14:04,18.1,05:03,20.6,73.0,56.0,12:29,https://www.data.jma.go.jp/stats/etrn/view/daily_s1.php?block_no=47638&day=&month=06&prec_no=49&view=a1&year=2024,D:\CQUPT\self_file\competition\gjsschool2026\B题\赛题主要文件夹\问题四\外部数据抓取\raw\weather_html\jma_47638_49_2024_06_ba6bf488a7.html
jma_47638_49,49,47638,2024,6,21,2024-06-21,974.5,1006.8,1003.0,17:29,27.5,7.0,11:34,2.0,11:08,19.0,21.6,00:02,15.8,23:58,20.0,91.0,76.0,18:20,https://www.data.jma.go.jp/stats/etrn/view/daily_s1.php?block_no=47638&day=&month=06&prec_no=49&view=a1&year=2024,D:\CQUPT\self_file\competition\gjsschool2026\B题\赛题主要文件夹\问题四\外部数据抓取\raw\weather_html\jma_47638_49_2024_06_ba6bf488a7.html
jma_47638_49,49,47638,2024,6,22,2024-06-22,976.8,1008.8,1006.3,16:20,0.0,0.0,24:00,0.0,24:00,21.4,28.5,14:26,14.8,04:16,19.0,76.0,43.0,13:35,https://www.data.jma.go.jp/stats/etrn/view/daily_s1.php?block_no=47638&day=&month=06&prec_no=49&view=a1&year=2024,D:\CQUPT\self_file\competition\gjsschool2026\B题\赛题主要文件夹\问题四\外部数据抓取\raw\weather_html\jma_47638_49_2024_06_ba6bf488a7.html
jma_47638_49,49,47638,2024,6,23,2024-06-23,969.8,1001.8,998.2,17:47,20.5,6.5,06:13,2.0,06:04,20.1,22.6,15:06,17.5,06:08,21.9,92.0,77.0,00:20,https://www.data.jma.go.jp/stats/etrn/view/daily_s1.php?block_no=47638&day=&month=06&prec_no=49&view=a1&year=2024,D:\CQUPT\self_file\competition\gjsschool2026\B题\赛题主要文件夹\问题四\外部数据抓取\raw\weather_html\jma_47638_49_2024_06_ba6bf488a7.html
jma_47638_49,49,47638,2024,6,24,2024-06-24,970.9,1002.2,999.6,02:23,0.0,0.0,06:05,0.0,05:15,25.7,32.2,13:13,20.7,03:26,26.2,81.0,51.0,14:37,https://www.data.jma.go.jp/stats/etrn/view/daily_s1.php?block_no=47638&day=&month=06&prec_no=49&view=a1&year=2024,D:\CQUPT\self_file\competition\gjsschool2026\B题\赛题主要文件夹\问题四\外部数据抓取\raw\weather_html\jma_47638_49_2024_06_ba6bf488a7.html
jma_47638_49,49,47638,2024,6,25,2024-06-25,975.4,1006.8,1003.6,16:30,,,--,,--,27.0,33.2,16:09,22.6,05:27,23.6,67.0,38.0,18:05,https://www.data.jma.go.jp/stats/etrn/view/daily_s1.php?block_no=47638&day=&month=06&prec_no=49&view=a1&year=2024,D:\CQUPT\self_file\competition\gjsschool2026\B题\赛题主要文件夹\问题四\外部数据抓取\raw\weather_html\jma_47638_49_2024_06_ba6bf488a7.html
jma_47638_49,49,47638,2024,6,26,2024-06-26,978.9,1010.4,1008.0,16:07,0.0,0.0,07:40,0.0,06:50,26.9,33.2,14:32,23.1,05:23,20.6,60.0,33.0,16:00,https://www.data.jma.go.jp/stats/etrn/view/daily_s1.php?block_no=47638&day=&month=06&prec_no=49&view=a1&year=2024,D:\CQUPT\self_file\competition\gjsschool2026\B题\赛题主要文件夹\问题四\外部数据抓取\raw\weather_html\jma_47638_49_2024_06_ba6bf488a7.html
jma_47638_49,49,47638,2024,6,27,2024-06-27,981.8,1013.6,1011.6,15:40,,,--,,--,25.0,29.7,12:00,22.3,05:41,20.1,64.0,47.0,11:30,https://www.data.jma.go.jp/stats/etrn/view/daily_s1.php?block_no=47638&day=&month=06&prec_no=49&view=a1&year=2024,D:\CQUPT\self_file\competition\gjsschool2026\B题\赛题主要文件夹\问题四\外部数据抓取\raw\weather_html\jma_47638_49_2024_06_ba6bf488a7.html
jma_47638_49,49,47638,2024,6,28,2024-06-28,978.3,1010.5,1007.7,16:38,61.0,10.0,08:08,2.5,11:14,20.8,22.7,00:03,19.8,11:21,23.6,96.0,78.0,00:20,https://www.data.jma.go.jp/stats/etrn/view/daily_s1.php?block_no=47638&day=&month=06&prec_no=49&view=a1&year=2024,D:\CQUPT\self_file\competition\gjsschool2026\B题\赛题主要文件夹\问题四\外部数据抓取\raw\weather_html\jma_47638_49_2024_06_ba6bf488a7.html
jma_47638_49,49,47638,2024,6,29,2024-06-29,977.5,1009.2,1006.9,14:53,0.5,0.5,03:15,0.5,02:25,24.4,30.5,14:31,20.4,06:00,24.8,82.0,55.0,13:14,https://www.data.jma.go.jp/stats/etrn/view/daily_s1.php?block_no=47638&day=&month=06&prec_no=49&view=a1&year=2024,D:\CQUPT\self_file\competition\gjsschool2026\B题\赛题主要文件夹\问题四\外部数据抓取\raw\weather_html\jma_47638_49_2024_06_ba6bf488a7.html
jma_47638_49,49,47638,2024,6,30,2024-06-30,976.2,1007.8,1003.0,24:00,0.0,0.0,24:00,0.0,23:36,24.6,26.3,17:26,22.6,04:00,25.4,82.0,75.0,11:30,https://www.data.jma.go.jp/stats/etrn/view/daily_s1.php?block_no=47638&day=&month=06&prec_no=49&view=a1&year=2024,D:\CQUPT\self_file\competition\gjsschool2026\B题\赛题主要文件夹\问题四\外部数据抓取\raw\weather_html\jma_47638_49_2024_06_ba6bf488a7.html
jma_47638_49,49,47638,2024,7,1,2024-07-01,970.9,1002.3,999.8,05:36,2.0,1.0,10:14,1.0,08:00,25.3,28.1,15:39,22.7,05:16,28.0,87.0,76.0,14:37,https://www.data.jma.go.jp/stats/etrn/view/daily_s1.php?block_no=47638&day=&month=07&prec_no=49&view=a1&year=2024,D:\CQUPT\self_file\competition\gjsschool2026\B题\赛题主要文件夹\问题四\外部数据抓取\raw\weather_html\jma_47638_49_2024_07_ceab05e6c5.html
jma_47638_49,49,47638,2024,7,2,2024-07-02,976.8,1008.2,1004.9,01:20,0.0,0.0,24:00,0.0,24:00,26.9,31.2,12:27,23.2,05:23,26.6,76.0,53.0,12:23,https://www.data.jma.go.jp/stats/etrn/view/daily_s1.php?block_no=47638&day=&month=07&prec_no=49&view=a1&year=2024,D:\CQUPT\self_file\competition\gjsschool2026\B题\赛题主要文件夹\问题四\外部数据抓取\raw\weather_html\jma_47638_49_2024_07_ceab05e6c5.html
jma_47638_49,49,47638,2024,7,3,2024-07-03,979.3,1010.7,1008.4,16:36,0.0,0.0,01:28,0.0,00:38,27.5,34.7,13:54,23.5,03:12,27.1,75.0,49.0,13:55,https://www.data.jma.go.jp/stats/etrn/view/daily_s1.php?block_no=47638&day=&month=07&prec_no=49&view=a1&year=2024,D:\CQUPT\self_file\competition\gjsschool2026\B题\赛题主要文件夹\问题四\外部数据抓取\raw\weather_html\jma_47638_49_2024_07_ceab05e6c5.html
jma_47638_49,49,47638,2024,7,4,2024-07-04,974.5,1005.5,1001.9,16:43,,,--,,--,29.8,36.9,12:28,24.8,03:23,25.6,64.0,32.0,16:35,https://www.data.jma.go.jp/stats/etrn/view/daily_s1.php?block_no=47638&day=&month=07&prec_no=49&view=a1&year=2024,D:\CQUPT\self_file\competition\gjsschool2026\B题\赛题主要文件夹\问题四\外部数据抓取\raw\weather_html\jma_47638_49_2024_07_ceab05e6c5.html
jma_47638_49,49,47638,2024,7,5,2024-07-05,973.9,1005.0,1001.7,15:08,,,--,,--,29.3,36.7,14:36,22.0,05:13,24.2,61.0,36.0,12:05,https://www.data.jma.go.jp/stats/etrn/view/daily_s1.php?block_no=47638&day=&month=07&prec_no=49&view=a1&year=2024,D:\CQUPT\self_file\competition\gjsschool2026\B题\赛题主要文件夹\问题四\外部数据抓取\raw\weather_html\jma_47638_49_2024_07_ceab05e6c5.html
jma_47638_49,49,47638,2024,7,6,2024-07-06,975.9,1007.1,1005.3,00:32,0.5,0.5,16:28,0.5,15:38,28.2,33.0,12:35,24.6,04:47,28.0,74.0,53.0,14:10,https://www.data.jma.go.jp/stats/etrn/view/daily_s1.php?block_no=47638&day=&month=07&prec_no=49&view=a1&year=2024,D:\CQUPT\self_file\competition\gjsschool2026\B题\赛题主要文件夹\问题四\外部数据抓取\raw\weather_html\jma_47638_49_2024_07_ceab05e6c5.html
jma_47638_49,49,47638,2024,7,7,2024-07-07,975.1,1006.1,1001.5,17:15,,,--,,--,30.3,39.3,16:54,23.3,05:03,25.4,63.0,23.0,16:47,https://www.data.jma.go.jp/stats/etrn/view/daily_s1.php?block_no=47638&day=&month=07&prec_no=49&view=a1&year=2024,D:\CQUPT\self_file\competition\gjsschool2026\B题\赛题主要文件夹\问题四\外部数据抓取\raw\weather_html\jma_47638_49_2024_07_ceab05e6c5.html
jma_47638_49,49,47638,2024,7,8,2024-07-08,974.2,1005.4,1003.3,15:50,,,--,,--,27.6,31.2,15:33,24.7,04:59,26.4,72.0,58.0,15:22,https://www.data.jma.go.jp/stats/etrn/view/daily_s1.php?block_no=47638&day=&month=07&prec_no=49&view=a1&year=2024,D:\CQUPT\self_file\competition\gjsschool2026\B题\赛题主要文件夹\问题四\外部数据抓取\raw\weather_html\jma_47638_49_2024_07_ceab05e6c5.html
jma_47638_49,49,47638,2024,7,9,2024-07-09,974.1,1005.6,1003.4,15:46,0.0,0.0,15:18,0.0,14:28,25.5,26.9,15:31,23.2,04:08,26.7,82.0,75.0,12:39,https://www.data.jma.go.jp/stats/etrn/view/daily_s1.php?block_no=47638&day=&month=07&prec_no=49&view=a1&year=2024,D:\CQUPT\self_file\competition\gjsschool2026\B题\赛题主要文件夹\问题四\外部数据抓取\raw\weather_html\jma_47638_49_2024_07_ceab05e6c5.html
jma_47638_49,49,47638,2024,7,10,2024-07-10,972.9,1004.2,999.6,24:00,0.0,0.0,24:00,0.0,24:00,26.4,29.9,12:46,23.0,05:21,26.5,78.0,61.0,13:56,https://www.data.jma.go.jp/stats/etrn/view/daily_s1.php?block_no=47638&day=&month=07&prec_no=49&view=a1&year=2024,D:\CQUPT\self_file\competition\gjsschool2026\B题\赛题主要文件夹\问题四\外部数据抓取\raw\weather_html\jma_47638_49_2024_07_ceab05e6c5.html
jma_47638_49,49,47638,2024,7,11,2024-07-11,968.9,1000.2,997.7,03:31,0.5,0.5,06:05,0.5,05:15,25.4,28.0,13:43,23.5,24:00,27.5,85.0,70.0,14:01,https://www.data.jma.go.jp/stats/etrn/view/daily_s1.php?block_no=47638&day=&month=07&prec_no=49&view=a1&year=2024,D:\CQUPT\self_file\competition\gjsschool2026\B题\赛题主要文件夹\问题四\外部数据抓取\raw\weather_html\jma_47638_49_2024_07_ceab05e6c5.html
jma_47638_49,49,47638,2024,7,12,2024-07-12,971.1,1002.8,1001.9,16:55,45.0,18.0,08:01,7.0,07:39,22.5,23.7,00:44,21.6,14:38,25.9,95.0,88.0,03:02,https://www.data.jma.go.jp/stats/etrn/view/daily_s1.php?block_no=47638&day=&month=07&prec_no=49&view=a1&year=2024,D:\CQUPT\self_file\competition\gjsschool2026\B题\赛题主要文件夹\问题四\外部数据抓取\raw\weather_html\jma_47638_49_2024_07_ceab05e6c5.html
jma_47638_49,49,47638,2024,7,13,2024-07-13,977.3,1008.9,1004.7,00:01,,,--,,--,25.2,30.9,14:49,21.1,04:42,25.2,80.0,55.0,12:27,https://www.data.jma.go.jp/stats/etrn/view/daily_s1.php?block_no=47638&day=&month=07&prec_no=49&view=a1&year=2024,D:\CQUPT\self_file\competition\gjsschool2026\B题\赛题主要文件夹\问题四\外部数据抓取\raw\weather_html\jma_47638_49_2024_07_ceab05e6c5.html
jma_47638_49,49,47638,2024,7,14,2024-07-14,981.6,1013.2,1011.3,15:32,0.0,0.0,19:12,0.0,18:22,25.9,29.9,14:34,22.9,03:26,26.8,80.0,63.0,14:37,https://www.data.jma.go.jp/stats/etrn/view/daily_s1.php?block_no=47638&day=&month=07&prec_no=49&view=a1&year=2024,D:\CQUPT\self_file\competition\gjsschool2026\B题\赛题主要文件夹\问题四\外部数据抓取\raw\weather_html\jma_47638_49_2024_07_ceab05e6c5.html
jma_47638_49,49,47638,2024,7,15,2024-07-15,982.0,1013.6,1012.2,15:36,13.0,7.5,19:14,4.5,18:28,26.9,30.8,14:34,24.0,23:35,28.9,83.0,58.0,14:48,https://www.data.jma.go.jp/stats/etrn/view/daily_s1.php?block_no=47638&day=&month=07&prec_no=49&view=a1&year=2024,D:\CQUPT\self_file\competition\gjsschool2026\B题\赛题主要文件夹\问题四\外部数据抓取\raw\weather_html\jma_47638_49_2024_07_ceab05e6c5.html
jma_47638_49,49,47638,2024,7,16,2024-07-16,983.0,1014.9,1014.0,16:57,24.0,9.5,14:20,2.5,13:49,24.2,26.4,12:10,23.3,24:00,28.5,95.0,79.0,12:06,https://www.data.jma.go.jp/stats/etrn/view/daily_s1.php?block_no=47638&day=&month=07&prec_no=49&view=a1&year=2024,D:\CQUPT\self_file\competition\gjsschool2026\B题\赛题主要文件夹\问题四\外部数据抓取\raw\weather_html\jma_47638_49_2024_07_ceab05e6c5.html
jma_47638_49,49,47638,2024,7,17,2024-07-17,980.2,1011.7,1009.3,15:42,13.5,13.5,00:59,7.0,00:44,26.7,32.7,13:35,22.9,02:52,28.2,82.0,54.0,13:38,https://www.data.jma.go.jp/stats/etrn/view/daily_s1.php?block_no=47638&day=&month=07&prec_no=49&view=a1&year=2024,D:\CQUPT\self_file\competition\gjsschool2026\B题\赛题主要文件夹\问题四\外部数据抓取\raw\weather_html\jma_47638_49_2024_07_ceab05e6c5.html
jma_47638_49,49,47638,2024,7,18,2024-07-18,979.4,1010.7,1007.7,14:51,0.0,0.0,03:11,0.0,02:21,28.6,35.5,13:50,24.3,06:00,27.8,73.0,41.0,13:46,https://www.data.jma.go.jp/stats/etrn/view/daily_s1.php?block_no=47638&day=&month=07&prec_no=49&view=a1&year=2024,D:\CQUPT\self_file\competition\gjsschool2026\B题\赛题主要文件夹\问题四\外部数据抓取\raw\weather_html\jma_47638_49_2024_07_ceab05e6c5.html
jma_47638_49,49,47638,2024,7,19,2024-07-19,978.6,1009.8,1007.4,14:58,,,--,,--,28.6,33.7,14:56,24.6,05:21,28.9,75.0,52.0,14:21,https://www.data.jma.go.jp/stats/etrn/view/daily_s1.php?block_no=47638&day=&month=07&prec_no=49&view=a1&year=2024,D:\CQUPT\self_file\competition\gjsschool2026\B题\赛题主要文件夹\问题四\外部数据抓取\raw\weather_html\jma_47638_49_2024_07_ceab05e6c5.html
jma_47638_49,49,47638,2024,7,20,2024-07-20,977.9,1008.9,1006.2,15:37,,,--,,--,30.4,37.1,14:56,26.4,05:21,29.5,69.0,40.0,14:50,https://www.data.jma.go.jp/stats/etrn/view/daily_s1.php?block_no=47638&day=&month=07&prec_no=49&view=a1&year=2024,D:\CQUPT\self_file\competition\gjsschool2026\B题\赛题主要文件夹\问题四\外部数据抓取\raw\weather_html\jma_47638_49_2024_07_ceab05e6c5.html
jma_47638_49,49,47638,2024,7,21,2024-07-21,978.6,1009.7,1007.0,16:21,,,--,,--,30.0,36.6,14:00,24.9,05:02,28.0,67.0,42.0,13:53,https://www.data.jma.go.jp/stats/etrn/view/daily_s1.php?block_no=47638&day=&month=07&prec_no=49&view=a1&year=2024,D:\CQUPT\self_file\competition\gjsschool2026\B题\赛题主要文件夹\问题四\外部数据抓取\raw\weather_html\jma_47638_49_2024_07_ceab05e6c5.html
jma_47638_49,49,47638,2024,7,22,2024-07-22,977.2,1008.1,1004.2,15:39,0.0,0.0,19:56,0.0,19:06,31.1,39.4,15:26,26.4,05:30,27.9,64.0,30.0,15:35,https://www.data.jma.go.jp/stats/etrn/view/daily_s1.php?block_no=47638&day=&month=07&prec_no=49&view=a1&year=2024,D:\CQUPT\self_file\competition\gjsschool2026\B题\赛题主要文件夹\问题四\外部数据抓取\raw\weather_html\jma_47638_49_2024_07_ceab05e6c5.html
jma_47638_49,49,47638,2024,7,23,2024-07-23,976.1,1007.1,1003.3,15:41,,,--,,--,30.3,38.2,14:22,25.1,04:50,28.6,68.0,35.0,12:53,https://www.data.jma.go.jp/stats/etrn/view/daily_s1.php?block_no=47638&day=&month=07&prec_no=49&view=a1&year=2024,D:\CQUPT\self_file\competition\gjsschool2026\B题\赛题主要文件夹\问题四\外部数据抓取\raw\weather_html\jma_47638_49_2024_07_ceab05e6c5.html
jma_47638_49,49,47638,2024,7,24,2024-07-24,975.4,1006.6,1004.8,10:20,2.0,2.0,12:01,2.0,11:11,28.2,33.6,10:32,25.6,11:07,26.9,71.0,48.0,10:54,https://www.data.jma.go.jp/stats/etrn/view/daily_s1.php?block_no=47638&day=&month=07&prec_no=49&view=a1&year=2024,D:\CQUPT\self_file\competition\gjsschool2026\B题\赛题主要文件夹\问题四\外部数据抓取\raw\weather_html\jma_47638_49_2024_07_ceab05e6c5.html
jma_47638_49,49,47638,2024,7,25,2024-07-25,977.4,1008.6,1005.8,14:40,0.0,0.0,20:15,0.0,19:25,29.2,36.7,13:47,24.5,04:42,27.7,70.0,38.0,13:48,https://www.data.jma.go.jp/stats/etrn/view/daily_s1.php?block_no=47638&day=&month=07&prec_no=49&view=a1&year=2024,D:\CQUPT\self_file\competition\gjsschool2026\B题\赛题主要文件夹\问题四\外部数据抓取\raw\weather_html\jma_47638_49_2024_07_ceab05e6c5.html
jma_47638_49,49,47638,2024,7,26,2024-07-26,983.3,1014.6,1012.2,00:11,0.0,0.0,22:06,0.0,21:16,30.0,36.9,13:32,24.8,05:02,28.5,68.0,40.0,12:54,https://www.data.jma.go.jp/stats/etrn/view/daily_s1.php?block_no=47638&day=&month=07&prec_no=49&view=a1&year=2024,D:\CQUPT\self_file\competition\gjsschool2026\B题\赛题主要文件夹\问题四\外部数据抓取\raw\weather_html\jma_47638_49_2024_07_ceab05e6c5.html
jma_47638_49,49,47638,2024,7,27,2024-07-27,985.7,1017.0,1012.9,15:05,0.0,0.0,21:11,0.0,20:21,30.2,38.1,14:17,26.3,23:36,30.1,72.0,39.0,14:31,https://www.data.jma.go.jp/stats/etrn/view/daily_s1.php?block_no=47638&day=&month=07&prec_no=49&view=a1&year=2024,D:\CQUPT\self_file\competition\gjsschool2026\B题\赛题主要文件夹\问题四\外部数据抓取\raw\weather_html\jma_47638_49_2024_07_ceab05e6c5.html
jma_47638_49,49,47638,2024,7,28,2024-07-28,980.7,1011.8,1008.0,16:55,0.0,0.0,20:34,0.0,19:44,30.4,37.3,14:00,25.2,05:37,29.5,69.0,42.0,13:48,https://www.data.jma.go.jp/stats/etrn/view/daily_s1.php?block_no=47638&day=&month=07&prec_no=49&view=a1&year=2024,D:\CQUPT\self_file\competition\gjsschool2026\B题\赛题主要文件夹\问题四\外部数据抓取\raw\weather_html\jma_47638_49_2024_07_ceab05e6c5.html
jma_47638_49,49,47638,2024,7,29,2024-07-29,973.5,1004.3,999.8,17:03,,,--,,--,31.8,39.2,14:18,26.8,05:51,28.2,62.0,35.0,14:19,https://www.data.jma.go.jp/stats/etrn/view/daily_s1.php?block_no=47638&day=&month=07&prec_no=49&view=a1&year=2024,D:\CQUPT\self_file\competition\gjsschool2026\B题\赛题主要文件夹\问题四\外部数据抓取\raw\weather_html\jma_47638_49_2024_07_ceab05e6c5.html
jma_47638_49,49,47638,2024,7,30,2024-07-30,970.7,1001.7,998.9,13:03,6.0,4.5,19:55,3.5,19:05,29.2,37.4,11:38,24.8,20:41,28.2,71.0,41.0,12:46,https://www.data.jma.go.jp/stats/etrn/view/daily_s1.php?block_no=47638&day=&month=07&prec_no=49&view=a1&year=2024,D:\CQUPT\self_file\competition\gjsschool2026\B题\赛题主要文件夹\问题四\外部数据抓取\raw\weather_html\jma_47638_49_2024_07_ceab05e6c5.html
jma_47638_49,49,47638,2024,7,31,2024-07-31,971.9,1002.8,1000.2,15:42,0.0,0.0,01:04,0.0,00:14,29.9,36.7,14:36,24.9,06:02,27.0,67.0,33.0,14:25,https://www.data.jma.go.jp/stats/etrn/view/daily_s1.php?block_no=47638&day=&month=07&prec_no=49&view=a1&year=2024,D:\CQUPT\self_file\competition\gjsschool2026\B题\赛题主要文件夹\问题四\外部数据抓取\raw\weather_html\jma_47638_49_2024_07_ceab05e6c5.html
jma_47638_49,49,47638,2024,8,1,2024-08-01,973.8,1004.8,1001.3,15:49,,,--,,--,29.8,37.1,15:49,24.4,05:15,25.1,62.0,35.0,15:33,https://www.data.jma.go.jp/stats/etrn/view/daily_s1.php?block_no=47638&day=&month=08&prec_no=49&view=a1&year=2024,D:\CQUPT\self_file\competition\gjsschool2026\B题\赛题主要文件夹\问题四\外部数据抓取\raw\weather_html\jma_47638_49_2024_08_e409b06196.html
jma_47638_49,49,47638,2024,8,2,2024-08-02,974.3,1005.3,1001.9,15:48,,,--,,--,30.5,37.6,14:20,26.3,05:10,27.6,65.0,38.0,13:42,https://www.data.jma.go.jp/stats/etrn/view/daily_s1.php?block_no=47638&day=&month=08&prec_no=49&view=a1&year=2024,D:\CQUPT\self_file\competition\gjsschool2026\B题\赛题主要文件夹\问题四\外部数据抓取\raw\weather_html\jma_47638_49_2024_08_e409b06196.html
jma_47638_49,49,47638,2024,8,3,2024-08-03,975.9,1006.8,1004.1,15:36,,,--,,--,31.1,37.8,13:59,27.2,05:30,29.6,67.0,42.0,13:13,https://www.data.jma.go.jp/stats/etrn/view/daily_s1.php?block_no=47638&day=&month=08&prec_no=49&view=a1&year=2024,D:\CQUPT\self_file\competition\gjsschool2026\B题\赛题主要文件夹\问题四\外部数据抓取\raw\weather_html\jma_47638_49_2024_08_e409b06196.html
jma_47638_49,49,47638,2024,8,4,2024-08-04,976.3,1007.2,1003.6,15:03,0.0,0.0,22:10,0.0,21:20,30.7,38.0,14:43,26.6,04:30,29.8,69.0,43.0,13:44,https://www.data.jma.go.jp/stats/etrn/view/daily_s1.php?block_no=47638&day=&month=08&prec_no=49&view=a1&year=2024,D:\CQUPT\self_file\competition\gjsschool2026\B题\赛题主要文件夹\问题四\外部数据抓取\raw\weather_html\jma_47638_49_2024_08_e409b06196.html
jma_47638_49,49,47638,2024,8,5,2024-08-05,976.0,1007.0,1004.2,13:25,,,--,,--,29.5,37.1,12:18,26.7,05:29,29.9,74.0,46.0,12:20,https://www.data.jma.go.jp/stats/etrn/view/daily_s1.php?block_no=47638&day=&month=08&prec_no=49&view=a1&year=2024,D:\CQUPT\self_file\competition\gjsschool2026\B题\赛题主要文件夹\问题四\外部数据抓取\raw\weather_html\jma_47638_49_2024_08_e409b06196.html
jma_47638_49,49,47638,2024,8,6,2024-08-06,975.2,1006.4,1002.9,14:06,4.0,4.0,16:33,2.5,15:46,28.4,36.6,13:08,25.2,16:25,29.6,78.0,47.0,13:04,https://www.data.jma.go.jp/stats/etrn/view/daily_s1.php?block_no=47638&day=&month=08&prec_no=49&view=a1&year=2024,D:\CQUPT\self_file\competition\gjsschool2026\B题\赛题主要文件夹\问题四\外部数据抓取\raw\weather_html\jma_47638_49_2024_08_e409b06196.html
jma_47638_49,49,47638,2024,8,7,2024-08-07,973.0,1004.1,999.8,15:30,64.0,55.5,21:57,18.0,21:20,28.4,35.8,14:07,22.5,22:35,29.0,77.0,48.0,14:39,https://www.data.jma.go.jp/stats/etrn/view/daily_s1.php?block_no=47638&day=&month=08&prec_no=49&view=a1&year=2024,D:\CQUPT\self_file\competition\gjsschool2026\B题\赛题主要文件夹\问题四\外部数据抓取\raw\weather_html\jma_47638_49_2024_08_e409b06196.html
jma_47638_49,49,47638,2024,8,8,2024-08-08,972.2,1003.3,999.7,15:33,3.0,3.0,17:20,1.5,16:39,27.9,36.2,15:08,22.8,04:38,28.1,77.0,43.0,15:11,https://www.data.jma.go.jp/stats/etrn/view/daily_s1.php?block_no=47638&day=&month=08&prec_no=49&view=a1&year=2024,D:\CQUPT\self_file\competition\gjsschool2026\B题\赛题主要文件夹\问题四\外部数据抓取\raw\weather_html\jma_47638_49_2024_08_e409b06196.html
jma_47638_49,49,47638,2024,8,9,2024-08-09,970.4,1001.4,998.2,13:57,0.0,0.0,20:07,0.0,19:17,29.2,36.5,13:31,25.6,04:31,29.2,73.0,43.0,13:33,https://www.data.jma.go.jp/stats/etrn/view/daily_s1.php?block_no=47638&day=&month=08&prec_no=49&view=a1&year=2024,D:\CQUPT\self_file\competition\gjsschool2026\B题\赛题主要文件夹\问题四\外部数据抓取\raw\weather_html\jma_47638_49_2024_08_e409b06196.html
jma_47638_49,49,47638,2024,8,10,2024-08-10,969.4,1000.3,996.8,15:52,6.0,5.0,17:57,4.5,17:07,29.1,36.4,15:15,25.5,06:03,28.9,74.0,42.0,15:34,https://www.data.jma.go.jp/stats/etrn/view/daily_s1.php?block_no=47638&day=&month=08&prec_no=49&view=a1&year=2024,D:\CQUPT\self_file\competition\gjsschool2026\B题\赛题主要文件夹\问题四\外部数据抓取\raw\weather_html\jma_47638_49_2024_08_e409b06196.html
jma_47638_49,49,47638,2024,8,11,2024-08-11,968.6,999.4,995.6,15:58,,,--,,--,29.9,37.6,15:51,24.5,05:39,27.8,68.0,39.0,15:52,https://www.data.jma.go.jp/stats/etrn/view/daily_s1.php?block_no=47638&day=&month=08&prec_no=49&view=a1&year=2024,D:\CQUPT\self_file\competition\gjsschool2026\B题\赛题主要文件夹\问题四\外部数据抓取\raw\weather_html\jma_47638_49_2024_08_e409b06196.html
jma_47638_49,49,47638,2024,8,12,2024-08-12,970.5,1001.3,998.5,13:48,0.0,0.0,09:49,0.0,08:59,30.1,37.1,13:57,24.9,04:24,28.2,67.0,40.0,13:23,https://www.data.jma.go.jp/stats/etrn/view/daily_s1.php?block_no=47638&day=&month=08&prec_no=49&view=a1&year=2024,D:\CQUPT\self_file\competition\gjsschool2026\B题\赛题主要文件夹\问题四\外部数据抓取\raw\weather_html\jma_47638_49_2024_08_e409b06196.html
jma_47638_49,49,47638,2024,8,13,2024-08-13,975.0,1006.0,1003.2,14:42,0.0,0.0,17:57,0.0,17:07,30.3,37.6,14:40,27.0,06:09,29.0,68.0,39.0,14:44,https://www.data.jma.go.jp/stats/etrn/view/daily_s1.php?block_no=47638&day=&month=08&prec_no=49&view=a1&year=2024,D:\CQUPT\self_file\competition\gjsschool2026\B题\赛题主要文件夹\问题四\外部数据抓取\raw\weather_html\jma_47638_49_2024_08_e409b06196.html
jma_47638_49,49,47638,2024,8,14,2024-08-14,976.3,1007.4,1004.8,13:32,1.0,1.0,24:00,0.5,23:59,29.2,35.4,12:27,25.9,23:57,29.0,72.0,48.0,12:29,https://www.data.jma.go.jp/stats/etrn/view/daily_s1.php?block_no=47638&day=&month=08&prec_no=49&view=a1&year=2024,D:\CQUPT\self_file\competition\gjsschool2026\B题\赛题主要文件夹\问题四\外部数据抓取\raw\weather_html\jma_47638_49_2024_08_e409b06196.html
jma_47638_49,49,47638,2024,8,15,2024-08-15,975.2,1006.3,1003.5,16:52,0.0,1.0,00:31,0.0,00:27,29.2,35.3,14:23,25.5,03:23,29.3,74.0,46.0,14:42,https://www.data.jma.go.jp/stats/etrn/view/daily_s1.php?block_no=47638&day=&month=08&prec_no=49&view=a1&year=2024,D:\CQUPT\self_file\competition\gjsschool2026\B题\赛题主要文件夹\问题四\外部数据抓取\raw\weather_html\jma_47638_49_2024_08_e409b06196.html
jma_47638_49,49,47638,2024,8,16,2024-08-16,972.2,1003.3,1000.4,14:55,1.5,0.5,17:12,0.5,16:22,27.5,31.3,12:09,25.3,23:57,28.9,79.0,61.0,12:02,https://www.data.jma.go.jp/stats/etrn/view/daily_s1.php?block_no=47638&day=&month=08&prec_no=49&view=a1&year=2024,D:\CQUPT\self_file\competition\gjsschool2026\B题\赛题主要文件夹\问题四\外部数据抓取\raw\weather_html\jma_47638_49_2024_08_e409b06196.html
jma_47638_49,49,47638,2024,8,17,2024-08-17,974.4,1005.4,1002.5,14:36,0.0,0.0,17:57,0.0,17:07,29.8,38.1,14:36,23.5,05:04,28.6,70.0,39.0,14:38,https://www.data.jma.go.jp/stats/etrn/view/daily_s1.php?block_no=47638&day=&month=08&prec_no=49&view=a1&year=2024,D:\CQUPT\self_file\competition\gjsschool2026\B题\赛题主要文件夹\问题四\外部数据抓取\raw\weather_html\jma_47638_49_2024_08_e409b06196.html
jma_47638_49,49,47638,2024,8,18,2024-08-18,977.5,1008.5,1005.4,15:33,,,--,,--,30.6,36.7,15:33,26.9,05:43,30.4,70.0,48.0,13:05,https://www.data.jma.go.jp/stats/etrn/view/daily_s1.php?block_no=47638&day=&month=08&prec_no=49&view=a1&year=2024,D:\CQUPT\self_file\competition\gjsschool2026\B题\赛题主要文件夹\问题四\外部数据抓取\raw\weather_html\jma_47638_49_2024_08_e409b06196.html
jma_47638_49,49,47638,2024,8,19,2024-08-19,980.1,1011.2,1009.2,14:24,0.0,0.0,24:00,0.0,24:00,30.5,36.2,13:49,27.2,05:18,30.9,72.0,45.0,13:50,https://www.data.jma.go.jp/stats/etrn/view/daily_s1.php?block_no=47638&day=&month=08&prec_no=49&view=a1&year=2024,D:\CQUPT\self_file\competition\gjsschool2026\B题\赛题主要文件夹\问题四\外部数据抓取\raw\weather_html\jma_47638_49_2024_08_e409b06196.html
jma_47638_49,49,47638,2024,8,20,2024-08-20,981.4,1012.7,1008.8,15:39,15.0,15.0,07:50,7.5,07:08,29.2,35.4,15:39,24.2,07:12,28.4,71.0,45.0,15:44,https://www.data.jma.go.jp/stats/etrn/view/daily_s1.php?block_no=47638&day=&month=08&prec_no=49&view=a1&year=2024,D:\CQUPT\self_file\competition\gjsschool2026\B题\赛题主要文件夹\问题四\外部数据抓取\raw\weather_html\jma_47638_49_2024_08_e409b06196.html
jma_47638_49,49,47638,2024,8,21,2024-08-21,980.5,1011.8,1008.2,14:46,0.0,0.0,21:11,0.0,20:21,29.2,36.0,14:14,24.8,05:08,28.5,72.0,43.0,14:21,https://www.data.jma.go.jp/stats/etrn/view/daily_s1.php?block_no=47638&day=&month=08&prec_no=49&view=a1&year=2024,D:\CQUPT\self_file\competition\gjsschool2026\B题\赛题主要文件夹\问题四\外部数据抓取\raw\weather_html\jma_47638_49_2024_08_e409b06196.html
jma_47638_49,49,47638,2024,8,22,2024-08-22,980.3,1011.6,1009.1,15:00,4.0,4.0,16:03,2.5,15:13,28.8,33.9,14:09,26.5,05:33,29.0,74.0,54.0,13:47,https://www.data.jma.go.jp/stats/etrn/view/daily_s1.php?block_no=47638&day=&month=08&prec_no=49&view=a1&year=2024,D:\CQUPT\self_file\competition\gjsschool2026\B题\赛题主要文件夹\问题四\外部数据抓取\raw\weather_html\jma_47638_49_2024_08_e409b06196.html
jma_47638_49,49,47638,2024,8,23,2024-08-23,979.9,1011.2,1008.3,15:55,0.0,0.0,08:30,0.0,07:40,29.3,35.7,14:14,25.7,04:01,30.5,76.0,50.0,14:44,https://www.data.jma.go.jp/stats/etrn/view/daily_s1.php?block_no=47638&day=&month=08&prec_no=49&view=a1&year=2024,D:\CQUPT\self_file\competition\gjsschool2026\B题\赛题主要文件夹\问题四\外部数据抓取\raw\weather_html\jma_47638_49_2024_08_e409b06196.html
jma_47638_49,49,47638,2024,8,24,2024-08-24,980.1,1011.4,1007.9,14:20,19.0,19.0,16:07,13.0,15:18,28.6,36.3,14:19,25.8,23:47,30.9,80.0,46.0,13:55,https://www.data.jma.go.jp/stats/etrn/view/daily_s1.php?block_no=47638&day=&month=08&prec_no=49&view=a1&year=2024,D:\CQUPT\self_file\competition\gjsschool2026\B题\赛题主要文件夹\问题四\外部数据抓取\raw\weather_html\jma_47638_49_2024_08_e409b06196.html
jma_47638_49,49,47638,2024,8,25,2024-08-25,979.7,1011.0,1008.3,15:38,6.0,3.0,09:53,1.0,09:38,27.8,32.6,15:32,24.6,05:35,29.7,81.0,56.0,15:50,https://www.data.jma.go.jp/stats/etrn/view/daily_s1.php?block_no=47638&day=&month=08&prec_no=49&view=a1&year=2024,D:\CQUPT\self_file\competition\gjsschool2026\B题\赛题主要文件夹\问题四\外部数据抓取\raw\weather_html\jma_47638_49_2024_08_e409b06196.html
jma_47638_49,49,47638,2024,8,26,2024-08-26,979.9,1011.2,1008.2,15:19,0.0,0.0,19:38,0.0,18:48,28.8,34.9,14:26,24.7,03:03,26.9,70.0,42.0,14:04,https://www.data.jma.go.jp/stats/etrn/view/daily_s1.php?block_no=47638&day=&month=08&prec_no=49&view=a1&year=2024,D:\CQUPT\self_file\competition\gjsschool2026\B题\赛题主要文件夹\问题四\外部数据抓取\raw\weather_html\jma_47638_49_2024_08_e409b06196.html
jma_47638_49,49,47638,2024,8,27,2024-08-27,980.5,1012.2,1010.7,16:46,17.5,4.5,18:55,1.5,24:00,24.8,27.4,12:53,23.1,23:57,28.0,90.0,74.0,01:16,https://www.data.jma.go.jp/stats/etrn/view/daily_s1.php?block_no=47638&day=&month=08&prec_no=49&view=a1&year=2024,D:\CQUPT\self_file\competition\gjsschool2026\B题\赛题主要文件夹\问题四\外部数据抓取\raw\weather_html\jma_47638_49_2024_08_e409b06196.html
jma_47638_49,49,47638,2024,8,28,2024-08-28,980.7,1012.6,1011.2,16:28,23.0,7.0,02:50,1.5,02:38,23.9,25.6,12:24,22.6,03:11,27.7,93.0,81.0,12:26,https://www.data.jma.go.jp/stats/etrn/view/daily_s1.php?block_no=47638&day=&month=08&prec_no=49&view=a1&year=2024,D:\CQUPT\self_file\competition\gjsschool2026\B题\赛题主要文件夹\问题四\外部数据抓取\raw\weather_html\jma_47638_49_2024_08_e409b06196.html
jma_47638_49,49,47638,2024,8,29,2024-08-29,980.1,1012.0,1009.7,24:00,64.0,11.0,19:01,4.5,14:01,23.6,26.6,12:08,22.6,20:49,27.2,94.0,80.0,13:11,https://www.data.jma.go.jp/stats/etrn/view/daily_s1.php?block_no=47638&day=&month=08&prec_no=49&view=a1&year=2024,D:\CQUPT\self_file\competition\gjsschool2026\B题\赛题主要文件夹\问题四\外部数据抓取\raw\weather_html\jma_47638_49_2024_08_e409b06196.html
jma_47638_49,49,47638,2024,8,30,2024-08-30,975.1,1006.7,1004.0,23:44,26.5,15.5,02:38,4.0,02:34,25.4,29.4,14:54,22.5,03:56,29.3,91.0,75.0,16:19,https://www.data.jma.go.jp/stats/etrn/view/daily_s1.php?block_no=47638&day=&month=08&prec_no=49&view=a1&year=2024,D:\CQUPT\self_file\competition\gjsschool2026\B题\赛题主要文件夹\问题四\外部数据抓取\raw\weather_html\jma_47638_49_2024_08_e409b06196.html
jma_47638_49,49,47638,2024,8,31,2024-08-31,972.8,1004.3,1001.6,13:09,10.0,4.0,15:23,1.0,16:38,24.8,31.6,12:05,22.0,23:03,27.9,90.0,59.0,11:46,https://www.data.jma.go.jp/stats/etrn/view/daily_s1.php?block_no=47638&day=&month=08&prec_no=49&view=a1&year=2024,D:\CQUPT\self_file\competition\gjsschool2026\B题\赛题主要文件夹\问题四\外部数据抓取\raw\weather_html\jma_47638_49_2024_08_e409b06196.html
jma_47638_49,49,47638,2024,9,1,2024-09-01,976.8,1008.4,1006.6,13:41,2.5,1.0,22:33,0.5,21:53,25.1,30.5,13:30,21.8,06:28,27.9,88.0,67.0,13:37,https://www.data.jma.go.jp/stats/etrn/view/daily_s1.php?block_no=47638&day=&month=09&prec_no=49&view=a1&year=2024,D:\CQUPT\self_file\competition\gjsschool2026\B题\赛题主要文件夹\问题四\外部数据抓取\raw\weather_html\jma_47638_49_2024_09_ba9ac76618.html
jma_47638_49,49,47638,2024,9,2,2024-09-02,977.3,1008.6,1005.7,15:48,0.0,0.0,22:45,0.0,21:55,27.8,34.5,15:15,23.0,04:59,28.4,78.0,54.0,15:26,https://www.data.jma.go.jp/stats/etrn/view/daily_s1.php?block_no=47638&day=&month=09&prec_no=49&view=a1&year=2024,D:\CQUPT\self_file\competition\gjsschool2026\B题\赛题主要文件夹\问题四\外部数据抓取\raw\weather_html\jma_47638_49_2024_09_ba9ac76618.html
jma_47638_49,49,47638,2024,9,3,2024-09-03,978.3,1009.9,1007.1,13:10,24.0,11.5,15:11,6.5,14:23,25.1,32.4,13:04,22.6,23:42,27.0,86.0,52.0,13:07,https://www.data.jma.go.jp/stats/etrn/view/daily_s1.php?block_no=47638&day=&month=09&prec_no=49&view=a1&year=2024,D:\CQUPT\self_file\competition\gjsschool2026\B题\赛题主要文件夹\问题四\外部数据抓取\raw\weather_html\jma_47638_49_2024_09_ba9ac76618.html
jma_47638_49,49,47638,2024,9,4,2024-09-04,977.8,1009.3,1005.9,16:01,0.0,0.0,02:31,0.0,01:41,26.2,33.1,14:38,21.8,05:26,24.4,74.0,44.0,14:00,https://www.data.jma.go.jp/stats/etrn/view/daily_s1.php?block_no=47638&day=&month=09&prec_no=49&view=a1&year=2024,D:\CQUPT\self_file\competition\gjsschool2026\B题\赛题主要文件夹\问题四\外部数据抓取\raw\weather_html\jma_47638_49_2024_09_ba9ac76618.html
jma_47638_49,49,47638,2024,9,5,2024-09-05,977.1,1008.5,1004.9,15:13,,,--,,--,26.6,33.7,15:01,21.1,05:41,23.5,69.0,41.0,13:20,https://www.data.jma.go.jp/stats/etrn/view/daily_s1.php?block_no=47638&day=&month=09&prec_no=49&view=a1&year=2024,D:\CQUPT\self_file\competition\gjsschool2026\B题\赛题主要文件夹\问题四\外部数据抓取\raw\weather_html\jma_47638_49_2024_09_ba9ac76618.html
jma_47638_49,49,47638,2024,9,6,2024-09-06,979.1,1010.5,1007.9,14:29,,,--,,--,27.7,35.1,15:08,22.4,05:55,24.3,68.0,27.0,15:16,https://www.data.jma.go.jp/stats/etrn/view/daily_s1.php?block_no=47638&day=&month=09&prec_no=49&view=a1&year=2024,D:\CQUPT\self_file\competition\gjsschool2026\B题\赛题主要文件夹\问题四\外部数据抓取\raw\weather_html\jma_47638_49_2024_09_ba9ac76618.html
jma_47638_49,49,47638,2024,9,7,2024-09-07,981.8,1013.2,1010.0,15:04,,,--,,--,28.5,34.9,14:24,24.6,05:37,26.5,70.0,40.0,14:55,https://www.data.jma.go.jp/stats/etrn/view/daily_s1.php?block_no=47638&day=&month=09&prec_no=49&view=a1&year=2024,D:\CQUPT\self_file\competition\gjsschool2026\B题\赛题主要文件夹\问题四\外部数据抓取\raw\weather_html\jma_47638_49_2024_09_ba9ac76618.html
jma_47638_49,49,47638,2024,9,8,2024-09-08,981.3,1012.7,1009.1,14:54,11.0,11.0,16:44,5.0,16:17,28.4,35.2,13:58,25.5,06:44,28.4,74.0,45.0,14:00,https://www.data.jma.go.jp/stats/etrn/view/daily_s1.php?block_no=47638&day=&month=09&prec_no=49&view=a1&year=2024,D:\CQUPT\self_file\competition\gjsschool2026\B题\赛题主要文件夹\问题四\外部数据抓取\raw\weather_html\jma_47638_49_2024_09_ba9ac76618.html
jma_47638_49,49,47638,2024,9,9,2024-09-09,983.2,1014.6,1012.2,14:06,,,--,,--,28.5,34.6,14:05,24.3,05:49,26.6,70.0,46.0,15:14,https://www.data.jma.go.jp/stats/etrn/view/daily_s1.php?block_no=47638&day=&month=09&prec_no=49&view=a1&year=2024,D:\CQUPT\self_file\competition\gjsschool2026\B题\赛题主要文件夹\问题四\外部数据抓取\raw\weather_html\jma_47638_49_2024_09_ba9ac76618.html
jma_47638_49,49,47638,2024,9,10,2024-09-10,985.8,1017.3,1014.2,15:01,0.0,0.0,06:59,0.0,06:09,28.7,35.0,15:01,23.9,06:03,26.7,69.0,44.0,13:27,https://www.data.jma.go.jp/stats/etrn/view/daily_s1.php?block_no=47638&day=&month=09&prec_no=49&view=a1&year=2024,D:\CQUPT\self_file\competition\gjsschool2026\B题\赛题主要文件夹\问题四\外部数据抓取\raw\weather_html\jma_47638_49_2024_09_ba9ac76618.html
jma_47638_49,49,47638,2024,9,11,2024-09-11,986.0,1017.5,1013.9,16:10,5.5,3.0,22:10,1.5,21:29,28.8,35.3,13:04,25.1,24:00,28.4,73.0,47.0,15:15,https://www.data.jma.go.jp/stats/etrn/view/daily_s1.php?block_no=47638&day=&month=09&prec_no=49&view=a1&year=2024,D:\CQUPT\self_file\competition\gjsschool2026\B题\赛题主要文件夹\问题四\外部数据抓取\raw\weather_html\jma_47638_49_2024_09_ba9ac76618.html
jma_47638_49,49,47638,2024,9,12,2024-09-12,983.4,1014.8,1011.3,14:33,0.0,0.0,01:05,0.0,00:15,28.7,35.4,13:17,24.8,05:27,29.2,76.0,47.0,13:20,https://www.data.jma.go.jp/stats/etrn/view/daily_s1.php?block_no=47638&day=&month=09&prec_no=49&view=a1&year=2024,D:\CQUPT\self_file\competition\gjsschool2026\B题\赛题主要文件夹\问题四\外部数据抓取\raw\weather_html\jma_47638_49_2024_09_ba9ac76618.html
jma_47638_49,49,47638,2024,9,13,2024-09-13,978.8,1010.0,1006.4,15:18,,,--,,--,28.7,33.7,12:12,26.0,05:48,29.3,75.0,52.0,11:52,https://www.data.jma.go.jp/stats/etrn/view/daily_s1.php?block_no=47638&day=&month=09&prec_no=49&view=a1&year=2024,D:\CQUPT\self_file\competition\gjsschool2026\B题\赛题主要文件夹\问题四\外部数据抓取\raw\weather_html\jma_47638_49_2024_09_ba9ac76618.html
jma_47638_49,49,47638,2024,9,14,2024-09-14,978.3,1009.5,1007.0,14:43,,,--,,--,28.9,34.6,14:34,24.9,05:40,28.0,72.0,47.0,13:12,https://www.data.jma.go.jp/stats/etrn/view/daily_s1.php?block_no=47638&day=&month=09&prec_no=49&view=a1&year=2024,D:\CQUPT\self_file\competition\gjsschool2026\B题\赛题主要文件夹\问题四\外部数据抓取\raw\weather_html\jma_47638_49_2024_09_ba9ac76618.html
jma_47638_49,49,47638,2024,9,15,2024-09-15,980.5,1011.9,1008.9,15:01,4.0,2.5,04:35,1.0,03:53,28.3,33.9,14:23,24.9,06:00,29.6,78.0,51.0,14:31,https://www.data.jma.go.jp/stats/etrn/view/daily_s1.php?block_no=47638&day=&month=09&prec_no=49&view=a1&year=2024,D:\CQUPT\self_file\competition\gjsschool2026\B题\赛题主要文件夹\问题四\外部数据抓取\raw\weather_html\jma_47638_49_2024_09_ba9ac76618.html
jma_47638_49,49,47638,2024,9,16,2024-09-16,984.4,1015.9,1013.8,12:56,0.0,0.0,23:24,0.0,22:34,28.0,33.9,12:09,25.3,05:38,29.1,78.0,53.0,12:22,https://www.data.jma.go.jp/stats/etrn/view/daily_s1.php?block_no=47638&day=&month=09&prec_no=49&view=a1&year=2024,D:\CQUPT\self_file\competition\gjsschool2026\B题\赛题主要文件夹\问题四\外部数据抓取\raw\weather_html\jma_47638_49_2024_09_ba9ac76618.html
jma_47638_49,49,47638,2024,9,17,2024-09-17,983.5,1015.0,1011.6,16:19,,,--,,--,28.3,33.9,14:03,25.1,05:30,28.8,76.0,54.0,14:29,https://www.data.jma.go.jp/stats/etrn/view/daily_s1.php?block_no=47638&day=&month=09&prec_no=49&view=a1&year=2024,D:\CQUPT\self_file\competition\gjsschool2026\B题\赛题主要文件夹\问题四\外部数据抓取\raw\weather_html\jma_47638_49_2024_09_ba9ac76618.html
jma_47638_49,49,47638,2024,9,18,2024-09-18,982.4,1013.6,1010.0,14:48,0.0,0.0,24:00,0.0,24:00,29.5,35.9,12:47,26.0,05:45,29.5,73.0,44.0,13:13,https://www.data.jma.go.jp/stats/etrn/view/daily_s1.php?block_no=47638&day=&month=09&prec_no=49&view=a1&year=2024,D:\CQUPT\self_file\competition\gjsschool2026\B题\赛题主要文件夹\问题四\外部数据抓取\raw\weather_html\jma_47638_49_2024_09_ba9ac76618.html
jma_47638_49,49,47638,2024,9,19,2024-09-19,983.8,1015.3,1012.9,14:01,1.5,1.5,16:07,1.0,15:21,27.6,33.8,12:34,25.0,23:44,28.5,78.0,50.0,14:26,https://www.data.jma.go.jp/stats/etrn/view/daily_s1.php?block_no=47638&day=&month=09&prec_no=49&view=a1&year=2024,D:\CQUPT\self_file\competition\gjsschool2026\B题\赛题主要文件夹\问题四\外部数据抓取\raw\weather_html\jma_47638_49_2024_09_ba9ac76618.html
jma_47638_49,49,47638,2024,9,20,2024-09-20,980.9,1012.2,1008.2,16:20,,,--,,--,28.5,35.8,16:19,24.2,04:57,25.7,68.0,39.0,16:19,https://www.data.jma.go.jp/stats/etrn/view/daily_s1.php?block_no=47638&day=&month=09&prec_no=49&view=a1&year=2024,D:\CQUPT\self_file\competition\gjsschool2026\B题\赛题主要文件夹\问题四\外部数据抓取\raw\weather_html\jma_47638_49_2024_09_ba9ac76618.html
jma_47638_49,49,47638,2024,9,21,2024-09-21,977.0,1008.4,1006.0,15:27,0.0,0.0,24:00,0.0,23:40,26.7,30.5,13:15,23.4,03:35,26.2,75.0,62.0,13:39,https://www.data.jma.go.jp/stats/etrn/view/daily_s1.php?block_no=47638&day=&month=09&prec_no=49&view=a1&year=2024,D:\CQUPT\self_file\competition\gjsschool2026\B题\赛题主要文件夹\问题四\外部数据抓取\raw\weather_html\jma_47638_49_2024_09_ba9ac76618.html
jma_47638_49,49,47638,2024,9,22,2024-09-22,973.0,1004.4,1001.3,10:44,3.0,2.5,12:32,1.0,11:42,25.8,29.1,11:14,23.7,06:20,27.9,84.0,71.0,11:11,https://www.data.jma.go.jp/stats/etrn/view/daily_s1.php?block_no=47638&day=&month=09&prec_no=49&view=a1&year=2024,D:\CQUPT\self_file\competition\gjsschool2026\B题\赛题主要文件夹\问题四\外部数据抓取\raw\weather_html\jma_47638_49_2024_09_ba9ac76618.html
jma_47638_49,49,47638,2024,9,23,2024-09-23,979.4,1011.1,1006.6,00:11,,,--,,--,24.2,30.1,13:27,21.3,24:00,19.8,66.0,50.0,13:30,https://www.data.jma.go.jp/stats/etrn/view/daily_s1.php?block_no=47638&day=&month=09&prec_no=49&view=a1&year=2024,D:\CQUPT\self_file\competition\gjsschool2026\B题\赛题主要文件夹\问题四\外部数据抓取\raw\weather_html\jma_47638_49_2024_09_ba9ac76618.html
jma_47638_49,49,47638,2024,9,24,2024-09-24,985.6,1017.8,1016.1,14:31,0.0,0.0,03:24,0.0,02:34,21.9,26.1,11:28,20.0,06:23,14.9,57.0,43.0,14:24,https://www.data.jma.go.jp/stats/etrn/view/daily_s1.php?block_no=47638&day=&month=09&prec_no=49&view=a1&year=2024,D:\CQUPT\self_file\competition\gjsschool2026\B题\赛题主要文件夹\问题四\外部数据抓取\raw\weather_html\jma_47638_49_2024_09_ba9ac76618.html
jma_47638_49,49,47638,2024,9,25,2024-09-25,984.3,1016.6,1013.9,16:06,0.0,0.0,23:20,0.0,22:30,21.1,24.5,14:30,16.6,05:39,15.9,64.0,46.0,13:14,https://www.data.jma.go.jp/stats/etrn/view/daily_s1.php?block_no=47638&day=&month=09&prec_no=49&view=a1&year=2024,D:\CQUPT\self_file\competition\gjsschool2026\B题\赛题主要文件夹\问题四\外部数据抓取\raw\weather_html\jma_47638_49_2024_09_ba9ac76618.html
jma_47638_49,49,47638,2024,9,26,2024-09-26,981.3,1013.1,1009.8,14:44,,,--,,--,24.6,31.4,14:39,18.5,05:40,21.5,70.0,48.0,12:47,https://www.data.jma.go.jp/stats/etrn/view/daily_s1.php?block_no=47638&day=&month=09&prec_no=49&view=a1&year=2024,D:\CQUPT\self_file\competition\gjsschool2026\B题\赛题主要文件夹\问题四\外部数据抓取\raw\weather_html\jma_47638_49_2024_09_ba9ac76618.html
jma_47638_49,49,47638,2024,9,27,2024-09-27,979.7,1011.4,1008.9,14:58,0.0,0.0,07:51,0.0,07:01,25.0,28.6,15:46,22.3,05:47,24.6,78.0,60.0,15:49,https://www.data.jma.go.jp/stats/etrn/view/daily_s1.php?block_no=47638&day=&month=09&prec_no=49&view=a1&year=2024,D:\CQUPT\self_file\competition\gjsschool2026\B题\赛题主要文件夹\问题四\外部数据抓取\raw\weather_html\jma_47638_49_2024_09_ba9ac76618.html
jma_47638_49,49,47638,2024,9,28,2024-09-28,982.3,1014.1,1011.4,02:08,0.0,0.0,24:00,0.0,24:00,24.4,28.9,14:40,21.2,04:53,23.6,78.0,57.0,15:44,https://www.data.jma.go.jp/stats/etrn/view/daily_s1.php?block_no=47638&day=&month=09&prec_no=49&view=a1&year=2024,D:\CQUPT\self_file\competition\gjsschool2026\B题\赛题主要文件夹\问题四\外部数据抓取\raw\weather_html\jma_47638_49_2024_09_ba9ac76618.html
jma_47638_49,49,47638,2024,9,29,2024-09-29,986.5,1018.6,1016.8,00:08,1.0,1.0,01:12,0.5,00:37,23.3,25.3,13:43,21.9,23:59,21.5,76.0,56.0,13:44,https://www.data.jma.go.jp/stats/etrn/view/daily_s1.php?block_no=47638&day=&month=09&prec_no=49&view=a1&year=2024,D:\CQUPT\self_file\competition\gjsschool2026\B题\赛题主要文件夹\问题四\外部数据抓取\raw\weather_html\jma_47638_49_2024_09_ba9ac76618.html
jma_47638_49,49,47638,2024,9,30,2024-09-30,984.1,1016.1,1013.0,15:09,,,--,,--,23.7,29.4,14:03,19.9,24:00,19.1,66.0,46.0,14:04,https://www.data.jma.go.jp/stats/etrn/view/daily_s1.php?block_no=47638&day=&month=09&prec_no=49&view=a1&year=2024,D:\CQUPT\self_file\competition\gjsschool2026\B题\赛题主要文件夹\问题四\外部数据抓取\raw\weather_html\jma_47638_49_2024_09_ba9ac76618.html
jma_47638_49,49,47638,2024,10,1,2024-10-01,976.8,1008.5,1003.2,15:57,0.0,0.0,12:17,0.0,11:27,24.3,31.6,13:19,17.5,05:41,20.2,68.0,43.0,13:14,https://www.data.jma.go.jp/stats/etrn/view/daily_s1.php?block_no=47638&day=&month=10&prec_no=49&view=a1&year=2024,D:\CQUPT\self_file\competition\gjsschool2026\B题\赛题主要文件夹\问题四\外部数据抓取\raw\weather_html\jma_47638_49_2024_10_e9d18b2baf.html
jma_47638_49,49,47638,2024,10,2,2024-10-02,979.2,1010.8,1008.2,14:52,,,--,,--,25.2,31.7,14:51,20.6,05:16,21.8,70.0,46.0,14:55,https://www.data.jma.go.jp/stats/etrn/view/daily_s1.php?block_no=47638&day=&month=10&prec_no=49&view=a1&year=2024,D:\CQUPT\self_file\competition\gjsschool2026\B题\赛题主要文件夹\问题四\外部数据抓取\raw\weather_html\jma_47638_49_2024_10_e9d18b2baf.html
jma_47638_49,49,47638,2024,10,3,2024-10-03,985.5,1017.6,1014.8,00:01,19.0,8.5,21:24,3.0,20:59,23.1,30.1,11:28,20.4,21:14,22.1,80.0,44.0,11:38,https://www.data.jma.go.jp/stats/etrn/view/daily_s1.php?block_no=47638&day=&month=10&prec_no=49&view=a1&year=2024,D:\CQUPT\self_file\competition\gjsschool2026\B题\赛题主要文件夹\问题四\外部数据抓取\raw\weather_html\jma_47638_49_2024_10_e9d18b2baf.html
jma_47638_49,49,47638,2024,10,4,2024-10-04,986.1,1018.2,1016.0,15:04,3.0,1.0,06:40,0.5,22:07,23.7,28.0,15:31,20.7,02:08,26.0,89.0,68.0,15:17,https://www.data.jma.go.jp/stats/etrn/view/daily_s1.php?block_no=47638&day=&month=10&prec_no=49&view=a1&year=2024,D:\CQUPT\self_file\competition\gjsschool2026\B题\赛题主要文件夹\问题四\外部数据抓取\raw\weather_html\jma_47638_49_2024_10_e9d18b2baf.html
jma_47638_49,49,47638,2024,10,5,2024-10-05,987.8,1020.2,1018.7,14:20,5.0,3.0,19:37,1.5,19:14,21.9,24.0,12:59,20.4,23:43,23.5,89.0,77.0,12:55,https://www.data.jma.go.jp/stats/etrn/view/daily_s1.php?block_no=47638&day=&month=10&prec_no=49&view=a1&year=2024,D:\CQUPT\self_file\competition\gjsschool2026\B题\赛题主要文件夹\问题四\外部数据抓取\raw\weather_html\jma_47638_49_2024_10_e9d18b2baf.html
jma_47638_49,49,47638,2024,10,6,2024-10-06,986.6,1018.8,1016.2,16:08,0.0,0.0,24:00,0.0,24:00,23.1,27.0,16:19,20.3,07:19,23.9,85.0,67.0,16:20,https://www.data.jma.go.jp/stats/etrn/view/daily_s1.php?block_no=47638&day=&month=10&prec_no=49&view=a1&year=2024,D:\CQUPT\self_file\competition\gjsschool2026\B题\赛题主要文件夹\问题四\外部数据抓取\raw\weather_html\jma_47638_49_2024_10_e9d18b2baf.html
jma_47638_49,49,47638,2024,10,7,2024-10-07,979.8,1011.5,1007.0,17:27,0.0,0.0,21:33,0.0,20:43,24.7,29.8,14:13,21.6,06:16,24.0,78.0,57.0,14:23,https://www.data.jma.go.jp/stats/etrn/view/daily_s1.php?block_no=47638&day=&month=10&prec_no=49&view=a1&year=2024,D:\CQUPT\self_file\competition\gjsschool2026\B题\赛题主要文件夹\问题四\外部数据抓取\raw\weather_html\jma_47638_49_2024_10_e9d18b2baf.html
jma_47638_49,49,47638,2024,10,8,2024-10-08,977.9,1010.1,1007.9,04:07,41.0,10.5,15:48,2.5,15:47,20.5,24.3,10:13,16.6,23:29,21.9,91.0,70.0,11:56,https://www.data.jma.go.jp/stats/etrn/view/daily_s1.php?block_no=47638&day=&month=10&prec_no=49&view=a1&year=2024,D:\CQUPT\self_file\competition\gjsschool2026\B题\赛题主要文件夹\问题四\外部数据抓取\raw\weather_html\jma_47638_49_2024_10_e9d18b2baf.html
jma_47638_49,49,47638,2024,10,9,2024-10-09,979.0,1011.7,1009.2,15:36,31.0,8.5,06:27,2.0,06:00,17.0,21.3,15:06,13.2,24:00,17.6,91.0,71.0,16:00,https://www.data.jma.go.jp/stats/etrn/view/daily_s1.php?block_no=47638&day=&month=10&prec_no=49&view=a1&year=2024,D:\CQUPT\self_file\competition\gjsschool2026\B题\赛题主要文件夹\问题四\外部数据抓取\raw\weather_html\jma_47638_49_2024_10_e9d18b2baf.html
jma_47638_49,49,47638,2024,10,10,2024-10-10,979.8,1012.5,1009.0,14:16,,,--,,--,17.6,24.3,14:16,11.7,04:46,14.7,75.0,50.0,14:17,https://www.data.jma.go.jp/stats/etrn/view/daily_s1.php?block_no=47638&day=&month=10&prec_no=49&view=a1&year=2024,D:\CQUPT\self_file\competition\gjsschool2026\B题\赛题主要文件夹\问题四\外部数据抓取\raw\weather_html\jma_47638_49_2024_10_e9d18b2baf.html
jma_47638_49,49,47638,2024,10,11,2024-10-11,982.6,1015.2,1011.8,14:29,,,--,,--,19.2,25.6,14:29,14.0,05:54,15.3,71.0,35.0,14:31,https://www.data.jma.go.jp/stats/etrn/view/daily_s1.php?block_no=47638&day=&month=10&prec_no=49&view=a1&year=2024,D:\CQUPT\self_file\competition\gjsschool2026\B题\赛题主要文件夹\问题四\外部数据抓取\raw\weather_html\jma_47638_49_2024_10_e9d18b2baf.html
jma_47638_49,49,47638,2024,10,12,2024-10-12,988.8,1021.5,1018.5,14:49,,,--,,--,19.6,26.6,14:18,14.0,06:08,15.4,70.0,38.0,12:21,https://www.data.jma.go.jp/stats/etrn/view/daily_s1.php?block_no=47638&day=&month=10&prec_no=49&view=a1&year=2024,D:\CQUPT\self_file\competition\gjsschool2026\B题\赛题主要文件夹\问题四\外部数据抓取\raw\weather_html\jma_47638_49_2024_10_e9d18b2baf.html
jma_47638_49,49,47638,2024,10,13,2024-10-13,990.9,1023.7,1020.1,14:59,,,--,,--,19.7,27.0,14:59,13.7,05:55,15.4,70.0,39.0,15:24,https://www.data.jma.go.jp/stats/etrn/view/daily_s1.php?block_no=47638&day=&month=10&prec_no=49&view=a1&year=2024,D:\CQUPT\self_file\competition\gjsschool2026\B题\赛题主要文件夹\问题四\外部数据抓取\raw\weather_html\jma_47638_49_2024_10_e9d18b2baf.html
jma_47638_49,49,47638,2024,10,14,2024-10-14,992.3,1025.1,1021.6,14:33,,,--,,--,19.3,26.1,15:07,13.4,06:10,14.5,68.0,36.0,13:55,https://www.data.jma.go.jp/stats/etrn/view/daily_s1.php?block_no=47638&day=&month=10&prec_no=49&view=a1&year=2024,D:\CQUPT\self_file\competition\gjsschool2026\B题\赛题主要文件夹\问题四\外部数据抓取\raw\weather_html\jma_47638_49_2024_10_e9d18b2baf.html
jma_47638_49,49,47638,2024,10,15,2024-10-15,990.6,1023.3,1020.5,16:48,,,--,,--,19.6,24.5,13:58,15.1,01:10,16.4,73.0,52.0,14:39,https://www.data.jma.go.jp/stats/etrn/view/daily_s1.php?block_no=47638&day=&month=10&prec_no=49&view=a1&year=2024,D:\CQUPT\self_file\competition\gjsschool2026\B题\赛题主要文件夹\问题四\外部数据抓取\raw\weather_html\jma_47638_49_2024_10_e9d18b2baf.html
jma_47638_49,49,47638,2024,10,16,2024-10-16,988.6,1021.3,1018.8,14:10,,,--,,--,19.6,22.8,15:23,16.5,04:07,18.1,79.0,62.0,15:28,https://www.data.jma.go.jp/stats/etrn/view/daily_s1.php?block_no=47638&day=&month=10&prec_no=49&view=a1&year=2024,D:\CQUPT\self_file\competition\gjsschool2026\B题\赛题主要文件夹\问题四\外部数据抓取\raw\weather_html\jma_47638_49_2024_10_e9d18b2baf.html
jma_47638_49,49,47638,2024,10,17,2024-10-17,989.7,1022.1,1019.0,14:23,,,--,,--,22.2,28.7,14:22,16.2,06:17,19.8,75.0,48.0,12:55,https://www.data.jma.go.jp/stats/etrn/view/daily_s1.php?block_no=47638&day=&month=10&prec_no=49&view=a1&year=2024,D:\CQUPT\self_file\competition\gjsschool2026\B题\赛题主要文件夹\问题四\外部数据抓取\raw\weather_html\jma_47638_49_2024_10_e9d18b2baf.html
jma_47638_49,49,47638,2024,10,18,2024-10-18,989.3,1021.7,1018.0,24:00,0.0,0.0,23:22,0.0,22:32,22.0,26.0,14:54,18.5,04:47,20.7,79.0,62.0,15:11,https://www.data.jma.go.jp/stats/etrn/view/daily_s1.php?block_no=47638&day=&month=10&prec_no=49&view=a1&year=2024,D:\CQUPT\self_file\competition\gjsschool2026\B题\赛题主要文件夹\问题四\外部数据抓取\raw\weather_html\jma_47638_49_2024_10_e9d18b2baf.html
jma_47638_49,49,47638,2024,10,19,2024-10-19,980.9,1013.0,1009.3,16:13,4.0,2.5,20:49,1.0,20:15,22.0,24.9,12:06,19.7,05:58,22.2,85.0,70.0,12:11,https://www.data.jma.go.jp/stats/etrn/view/daily_s1.php?block_no=47638&day=&month=10&prec_no=49&view=a1&year=2024,D:\CQUPT\self_file\competition\gjsschool2026\B题\赛题主要文件夹\问题四\外部数据抓取\raw\weather_html\jma_47638_49_2024_10_e9d18b2baf.html
jma_47638_49,49,47638,2024,10,20,2024-10-20,992.0,1025.0,1014.9,00:08,,,--,,--,17.3,21.3,13:46,13.2,23:33,11.5,58.0,39.0,11:11,https://www.data.jma.go.jp/stats/etrn/view/daily_s1.php?block_no=47638&day=&month=10&prec_no=49&view=a1&year=2024,D:\CQUPT\self_file\competition\gjsschool2026\B题\赛题主要文件夹\问题四\外部数据抓取\raw\weather_html\jma_47638_49_2024_10_e9d18b2baf.html
jma_47638_49,49,47638,2024,10,21,2024-10-21,998.2,1031.8,1028.5,15:07,,,--,,--,15.2,21.9,15:03,8.8,06:21,10.6,64.0,36.0,12:56,https://www.data.jma.go.jp/stats/etrn/view/daily_s1.php?block_no=47638&day=&month=10&prec_no=49&view=a1&year=2024,D:\CQUPT\self_file\competition\gjsschool2026\B题\赛题主要文件夹\问题四\外部数据抓取\raw\weather_html\jma_47638_49_2024_10_e9d18b2baf.html
jma_47638_49,49,47638,2024,10,22,2024-10-22,992.1,1025.1,1020.6,23:33,0.0,0.0,24:00,0.0,24:00,17.4,23.6,13:37,10.2,06:25,13.5,69.0,45.0,14:26,https://www.data.jma.go.jp/stats/etrn/view/daily_s1.php?block_no=47638&day=&month=10&prec_no=49&view=a1&year=2024,D:\CQUPT\self_file\competition\gjsschool2026\B题\赛题主要文件夹\问题四\外部数据抓取\raw\weather_html\jma_47638_49_2024_10_e9d18b2baf.html
jma_47638_49,49,47638,2024,10,23,2024-10-23,982.9,1015.4,1011.9,18:12,3.0,2.5,09:28,0.5,10:52,19.4,22.3,15:21,17.5,08:47,20.9,93.0,75.0,00:31,https://www.data.jma.go.jp/stats/etrn/view/daily_s1.php?block_no=47638&day=&month=10&prec_no=49&view=a1&year=2024,D:\CQUPT\self_file\competition\gjsschool2026\B题\赛题主要文件夹\问题四\外部数据抓取\raw\weather_html\jma_47638_49_2024_10_e9d18b2baf.html
jma_47638_49,49,47638,2024,10,24,2024-10-24,983.8,1016.0,1013.4,13:59,0.0,0.0,21:27,0.0,20:37,22.0,26.0,13:33,18.7,06:59,21.5,83.0,57.0,13:49,https://www.data.jma.go.jp/stats/etrn/view/daily_s1.php?block_no=47638&day=&month=10&prec_no=49&view=a1&year=2024,D:\CQUPT\self_file\competition\gjsschool2026\B题\赛题主要文件夹\问题四\外部数据抓取\raw\weather_html\jma_47638_49_2024_10_e9d18b2baf.html
jma_47638_49,49,47638,2024,10,25,2024-10-25,990.1,1022.6,1018.8,00:08,0.5,0.5,04:02,0.5,03:12,20.9,24.8,15:04,18.4,24:00,19.0,77.0,60.0,15:05,https://www.data.jma.go.jp/stats/etrn/view/daily_s1.php?block_no=47638&day=&month=10&prec_no=49&view=a1&year=2024,D:\CQUPT\self_file\competition\gjsschool2026\B题\赛题主要文件夹\问题四\外部数据抓取\raw\weather_html\jma_47638_49_2024_10_e9d18b2baf.html
jma_47638_49,49,47638,2024,10,26,2024-10-26,988.8,1021.6,1019.0,17:07,,,--,,--,18.3,21.2,14:37,15.9,06:08,17.4,83.0,68.0,14:35,https://www.data.jma.go.jp/stats/etrn/view/daily_s1.php?block_no=47638&day=&month=10&prec_no=49&view=a1&year=2024,D:\CQUPT\self_file\competition\gjsschool2026\B题\赛题主要文件夹\问题四\外部数据抓取\raw\weather_html\jma_47638_49_2024_10_e9d18b2baf.html
jma_47638_49,49,47638,2024,10,27,2024-10-27,981.6,1014.1,1008.4,24:00,0.0,0.0,24:00,0.0,23:50,19.2,22.7,13:03,14.8,06:26,17.1,78.0,61.0,14:37,https://www.data.jma.go.jp/stats/etrn/view/daily_s1.php?block_no=47638&day=&month=10&prec_no=49&view=a1&year=2024,D:\CQUPT\self_file\competition\gjsschool2026\B题\赛题主要文件夹\问题四\外部数据抓取\raw\weather_html\jma_47638_49_2024_10_e9d18b2baf.html
jma_47638_49,49,47638,2024,10,28,2024-10-28,976.4,1008.7,1005.7,13:14,11.0,4.5,06:31,1.5,05:56,19.3,22.7,13:06,17.6,23:07,17.2,77.0,55.0,18:07,https://www.data.jma.go.jp/stats/etrn/view/daily_s1.php?block_no=47638&day=&month=10&prec_no=49&view=a1&year=2024,D:\CQUPT\self_file\competition\gjsschool2026\B题\赛题主要文件夹\问题四\外部数据抓取\raw\weather_html\jma_47638_49_2024_10_e9d18b2baf.html
jma_47638_49,49,47638,2024,10,29,2024-10-29,985.9,1019.0,1014.8,00:01,19.0,6.0,19:55,2.0,19:45,15.5,18.4,10:14,12.8,21:57,14.3,82.0,63.0,12:27,https://www.data.jma.go.jp/stats/etrn/view/daily_s1.php?block_no=47638&day=&month=10&prec_no=49&view=a1&year=2024,D:\CQUPT\self_file\competition\gjsschool2026\B题\赛题主要文件夹\问题四\外部数据抓取\raw\weather_html\jma_47638_49_2024_10_e9d18b2baf.html
jma_47638_49,49,47638,2024,10,30,2024-10-30,982.7,1015.5,1010.3,14:19,7.0,4.5,00:42,1.5,00:42,16.9,24.8,14:25,12.6,23:46,13.6,72.0,37.0,19:20,https://www.data.jma.go.jp/stats/etrn/view/daily_s1.php?block_no=47638&day=&month=10&prec_no=49&view=a1&year=2024,D:\CQUPT\self_file\competition\gjsschool2026\B题\赛题主要文件夹\问题四\外部数据抓取\raw\weather_html\jma_47638_49_2024_10_e9d18b2baf.html
jma_47638_49,49,47638,2024,10,31,2024-10-31,992.2,1025.8,1022.0,00:02,,,--,,--,13.7,19.4,15:11,8.7,05:41,11.1,72.0,42.0,15:01,https://www.data.jma.go.jp/stats/etrn/view/daily_s1.php?block_no=47638&day=&month=10&prec_no=49&view=a1&year=2024,D:\CQUPT\self_file\competition\gjsschool2026\B题\赛题主要文件夹\问题四\外部数据抓取\raw\weather_html\jma_47638_49_2024_10_e9d18b2baf.html
jma_47638_49,49,47638,2024,11,1,2024-11-01,991.5,1024.9,1020.8,24:00,3.0,1.0,23:12,0.5,24:00,14.7,19.1,14:39,10.1,06:11,13.8,83.0,59.0,14:31,https://www.data.jma.go.jp/stats/etrn/view/daily_s1.php?block_no=47638&day=&month=11&prec_no=49&view=a1&year=2024,D:\CQUPT\self_file\competition\gjsschool2026\B题\赛题主要文件夹\问题四\外部数据抓取\raw\weather_html\jma_47638_49_2024_11_7c85e356a9.html
jma_47638_49,49,47638,2024,11,2,2024-11-02,979.3,1012.1,1005.6,15:53,42.5,13.0,17:24,3.0,17:16,16.3,17.6,22:49,14.7,05:49,18.3,99.0,90.0,12:36,https://www.data.jma.go.jp/stats/etrn/view/daily_s1.php?block_no=47638&day=&month=11&prec_no=49&view=a1&year=2024,D:\CQUPT\self_file\competition\gjsschool2026\B题\赛题主要文件夹\问题四\外部数据抓取\raw\weather_html\jma_47638_49_2024_11_7c85e356a9.html
jma_47638_49,49,47638,2024,11,3,2024-11-03,985.4,1018.2,1010.7,00:05,,,--,,--,17.4,23.1,14:09,11.0,23:39,11.4,60.0,34.0,15:10,https://www.data.jma.go.jp/stats/etrn/view/daily_s1.php?block_no=47638&day=&month=11&prec_no=49&view=a1&year=2024,D:\CQUPT\self_file\competition\gjsschool2026\B题\赛题主要文件夹\问题四\外部数据抓取\raw\weather_html\jma_47638_49_2024_11_7c85e356a9.html
jma_47638_49,49,47638,2024,11,4,2024-11-04,987.6,1020.8,1017.0,16:30,,,--,,--,15.3,21.6,14:18,9.8,06:32,13.2,77.0,51.0,13:34,https://www.data.jma.go.jp/stats/etrn/view/daily_s1.php?block_no=47638&day=&month=11&prec_no=49&view=a1&year=2024,D:\CQUPT\self_file\competition\gjsschool2026\B题\赛题主要文件夹\问题四\外部数据抓取\raw\weather_html\jma_47638_49_2024_11_7c85e356a9.html
jma_47638_49,49,47638,2024,11,5,2024-11-05,983.0,1015.9,1013.8,13:31,0.0,0.0,20:05,0.0,19:15,15.7,20.0,13:44,10.9,06:29,13.2,75.0,56.0,14:47,https://www.data.jma.go.jp/stats/etrn/view/daily_s1.php?block_no=47638&day=&month=11&prec_no=49&view=a1&year=2024,D:\CQUPT\self_file\competition\gjsschool2026\B题\赛题主要文件夹\问题四\外部数据抓取\raw\weather_html\jma_47638_49_2024_11_7c85e356a9.html
jma_47638_49,49,47638,2024,11,6,2024-11-06,980.9,1013.9,,14:08 ),0.0,0.0,07:42,0.0,06:52,15.6,,14:09 ),,23:56 ),12.3,70.0,,14:04 ),https://www.data.jma.go.jp/stats/etrn/view/daily_s1.php?block_no=47638&day=&month=11&prec_no=49&view=a1&year=2024,D:\CQUPT\self_file\competition\gjsschool2026\B题\赛题主要文件夹\问题四\外部数据抓取\raw\weather_html\jma_47638_49_2024_11_7c85e356a9.html
jma_47638_49,49,47638,2024,11,7,2024-11-07,989.2,1022.9,1018.3,00:02,,,--,,--,12.3,19.1,13:33,7.8,06:36,8.2,60.0,28.0,13:44,https://www.data.jma.go.jp/stats/etrn/view/daily_s1.php?block_no=47638&day=&month=11&prec_no=49&view=a1&year=2024,D:\CQUPT\self_file\competition\gjsschool2026\B题\赛题主要文件夹\问题四\外部数据抓取\raw\weather_html\jma_47638_49_2024_11_7c85e356a9.html
jma_47638_49,49,47638,2024,11,8,2024-11-08,994.7,1028.8,1025.8,15:14,,,--,,--,9.8,15.7,13:42,5.3,05:19,7.9,67.0,39.0,13:43,https://www.data.jma.go.jp/stats/etrn/view/daily_s1.php?block_no=47638&day=&month=11&prec_no=49&view=a1&year=2024,D:\CQUPT\self_file\competition\gjsschool2026\B题\赛题主要文件夹\问题四\外部数据抓取\raw\weather_html\jma_47638_49_2024_11_7c85e356a9.html
jma_47638_49,49,47638,2024,11,9,2024-11-09,994.4,1028.4,1024.9,15:26,,,--,,--,10.7,18.5,14:40,4.3,06:01,9.2,74.0,39.0,14:53,https://www.data.jma.go.jp/stats/etrn/view/daily_s1.php?block_no=47638&day=&month=11&prec_no=49&view=a1&year=2024,D:\CQUPT\self_file\competition\gjsschool2026\B题\赛题主要文件夹\问题四\外部数据抓取\raw\weather_html\jma_47638_49_2024_11_7c85e356a9.html
jma_47638_49,49,47638,2024,11,10,2024-11-10,992.1,1025.9,1021.1,24:00,0.0,0.0,23:31,0.0,22:41,11.6,15.4,15:10,7.0,02:44,11.0,81.0,58.0,13:56,https://www.data.jma.go.jp/stats/etrn/view/daily_s1.php?block_no=47638&day=&month=11&prec_no=49&view=a1&year=2024,D:\CQUPT\self_file\competition\gjsschool2026\B题\赛题主要文件夹\问题四\外部数据抓取\raw\weather_html\jma_47638_49_2024_11_7c85e356a9.html
jma_47638_49,49,47638,2024,11,11,2024-11-11,983.3,1016.3,1011.7,14:10,0.0,0.0,08:12,0.0,07:22,15.6,22.1,15:52,11.4,24:00,14.0,80.0,54.0,16:27,https://www.data.jma.go.jp/stats/etrn/view/daily_s1.php?block_no=47638&day=&month=11&prec_no=49&view=a1&year=2024,D:\CQUPT\self_file\competition\gjsschool2026\B题\赛题主要文件夹\问题四\外部数据抓取\raw\weather_html\jma_47638_49_2024_11_7c85e356a9.html
jma_47638_49,49,47638,2024,11,12,2024-11-12,982.9,1016.0,1011.9,15:03,,,--,,--,14.6,21.5,14:45,8.7,06:30,12.9,79.0,53.0,14:19,https://www.data.jma.go.jp/stats/etrn/view/daily_s1.php?block_no=47638&day=&month=11&prec_no=49&view=a1&year=2024,D:\CQUPT\self_file\competition\gjsschool2026\B题\赛题主要文件夹\问题四\外部数据抓取\raw\weather_html\jma_47638_49_2024_11_7c85e356a9.html
jma_47638_49,49,47638,2024,11,13,2024-11-13,986.0,1019.1,1015.5,00:18,,,--,,--,15.4,21.9,14:27,8.8,06:46,12.4,74.0,44.0,14:29,https://www.data.jma.go.jp/stats/etrn/view/daily_s1.php?block_no=47638&day=&month=11&prec_no=49&view=a1&year=2024,D:\CQUPT\self_file\competition\gjsschool2026\B题\赛题主要文件夹\问题四\外部数据抓取\raw\weather_html\jma_47638_49_2024_11_7c85e356a9.html
jma_47638_49,49,47638,2024,11,14,2024-11-14,989.6,1022.8,1021.2,14:08,0.0,0.0,23:45,0.0,22:55,15.8,19.6,11:52,12.5,06:05,12.7,71.0,49.0,11:53,https://www.data.jma.go.jp/stats/etrn/view/daily_s1.php?block_no=47638&day=&month=11&prec_no=49&view=a1&year=2024,D:\CQUPT\self_file\competition\gjsschool2026\B题\赛题主要文件夹\问题四\外部数据抓取\raw\weather_html\jma_47638_49_2024_11_7c85e356a9.html
jma_47638_49,49,47638,2024,11,15,2024-11-15,985.8,1018.9,1015.5,13:58,2.5,1.5,03:32,0.5,04:12,15.6,18.3,15:01,14.0,04:56,16.0,91.0,77.0,15:08,https://www.data.jma.go.jp/stats/etrn/view/daily_s1.php?block_no=47638&day=&month=11&prec_no=49&view=a1&year=2024,D:\CQUPT\self_file\competition\gjsschool2026\B题\赛题主要文件夹\问题四\外部数据抓取\raw\weather_html\jma_47638_49_2024_11_7c85e356a9.html
jma_47638_49,49,47638,2024,11,16,2024-11-16,988.1,1021.2,1019.6,16:35,0.0,0.0,19:00,0.0,18:10,15.8,19.2,13:30,12.8,06:39,14.9,84.0,61.0,12:51,https://www.data.jma.go.jp/stats/etrn/view/daily_s1.php?block_no=47638&day=&month=11&prec_no=49&view=a1&year=2024,D:\CQUPT\self_file\competition\gjsschool2026\B题\赛题主要文件夹\问题四\外部数据抓取\raw\weather_html\jma_47638_49_2024_11_7c85e356a9.html
jma_47638_49,49,47638,2024,11,17,2024-11-17,981.0,1013.8,1009.5,15:30,0.0,0.0,21:42,0.0,20:52,17.1,22.8,15:00,11.8,05:56,15.3,80.0,56.0,15:36,https://www.data.jma.go.jp/stats/etrn/view/daily_s1.php?block_no=47638&day=&month=11&prec_no=49&view=a1&year=2024,D:\CQUPT\self_file\competition\gjsschool2026\B题\赛题主要文件夹\问题四\外部数据抓取\raw\weather_html\jma_47638_49_2024_11_7c85e356a9.html
jma_47638_49,49,47638,2024,11,18,2024-11-18,982.1,1015.3,1010.2,00:02,,,--,,--,13.5,18.7,13:02,8.2,24:00,8.4,54.0,35.0,14:06,https://www.data.jma.go.jp/stats/etrn/view/daily_s1.php?block_no=47638&day=&month=11&prec_no=49&view=a1&year=2024,D:\CQUPT\self_file\competition\gjsschool2026\B题\赛题主要文件夹\问题四\外部数据抓取\raw\weather_html\jma_47638_49_2024_11_7c85e356a9.html
jma_47638_49,49,47638,2024,11,19,2024-11-19,991.5,1025.7,1022.6,00:09,,,--,,--,8.7,13.2,15:06,4.2,06:58,6.1,55.0,38.0,15:47,https://www.data.jma.go.jp/stats/etrn/view/daily_s1.php?block_no=47638&day=&month=11&prec_no=49&view=a1&year=2024,D:\CQUPT\self_file\competition\gjsschool2026\B题\赛题主要文件夹\问题四\外部数据抓取\raw\weather_html\jma_47638_49_2024_11_7c85e356a9.html
jma_47638_49,49,47638,2024,11,20,2024-11-20,989.2,1023.6,1019.0,24:00,4.5,1.5,11:24,1.0,10:55,6.3,7.4,23:20,4.3,04:58,8.6,89.0,74.0,00:16,https://www.data.jma.go.jp/stats/etrn/view/daily_s1.php?block_no=47638&day=&month=11&prec_no=49&view=a1&year=2024,D:\CQUPT\self_file\competition\gjsschool2026\B题\赛题主要文件夹\问题四\外部数据抓取\raw\weather_html\jma_47638_49_2024_11_7c85e356a9.html
jma_47638_49,49,47638,2024,11,21,2024-11-21,981.6,1015.3,1011.4,14:16,0.0,0.0,01:39,0.0,00:49,10.2,16.1,14:32,6.4,23:49,10.6,87.0,59.0,15:35,https://www.data.jma.go.jp/stats/etrn/view/daily_s1.php?block_no=47638&day=&month=11&prec_no=49&view=a1&year=2024,D:\CQUPT\self_file\competition\gjsschool2026\B题\赛题主要文件夹\问题四\外部数据抓取\raw\weather_html\jma_47638_49_2024_11_7c85e356a9.html
jma_47638_49,49,47638,2024,11,22,2024-11-22,979.5,1013.1,1008.7,15:12,,,--,,--,9.9,16.8,15:00,5.3,02:57,9.1,77.0,45.0,13:21,https://www.data.jma.go.jp/stats/etrn/view/daily_s1.php?block_no=47638&day=&month=11&prec_no=49&view=a1&year=2024,D:\CQUPT\self_file\competition\gjsschool2026\B题\赛题主要文件夹\问题四\外部数据抓取\raw\weather_html\jma_47638_49_2024_11_7c85e356a9.html
jma_47638_49,49,47638,2024,11,23,2024-11-23,983.9,1017.6,1013.3,00:22,,,--,,--,10.3,15.7,14:14,5.9,06:58,6.2,53.0,27.0,14:59,https://www.data.jma.go.jp/stats/etrn/view/daily_s1.php?block_no=47638&day=&month=11&prec_no=49&view=a1&year=2024,D:\CQUPT\self_file\competition\gjsschool2026\B题\赛题主要文件夹\问题四\外部数据抓取\raw\weather_html\jma_47638_49_2024_11_7c85e356a9.html
jma_47638_49,49,47638,2024,11,24,2024-11-24,990.0,1024.2,1021.2,14:21,,,--,,--,8.2,15.0,14:55,2.1,06:51,6.7,64.0,39.0,15:25,https://www.data.jma.go.jp/stats/etrn/view/daily_s1.php?block_no=47638&day=&month=11&prec_no=49&view=a1&year=2024,D:\CQUPT\self_file\competition\gjsschool2026\B题\赛题主要文件夹\问题四\外部数据抓取\raw\weather_html\jma_47638_49_2024_11_7c85e356a9.html
jma_47638_49,49,47638,2024,11,25,2024-11-25,994.7,1029.1,1026.2,14:36,,,--,,--,7.8,14.4,14:35,2.0,06:28,7.1,69.0,40.0,16:03,https://www.data.jma.go.jp/stats/etrn/view/daily_s1.php?block_no=47638&day=&month=11&prec_no=49&view=a1&year=2024,D:\CQUPT\self_file\competition\gjsschool2026\B题\赛题主要文件夹\问题四\外部数据抓取\raw\weather_html\jma_47638_49_2024_11_7c85e356a9.html
jma_47638_49,49,47638,2024,11,26,2024-11-26,989.7,1024.2,1011.1,23:53,24.5,10.0,23:16,2.5,22:49,6.1,9.3,13:20,1.3,05:48,7.9,83.0,60.0,13:09,https://www.data.jma.go.jp/stats/etrn/view/daily_s1.php?block_no=47638&day=&month=11&prec_no=49&view=a1&year=2024,D:\CQUPT\self_file\competition\gjsschool2026\B题\赛题主要文件夹\问题四\外部数据抓取\raw\weather_html\jma_47638_49_2024_11_7c85e356a9.html
jma_47638_49,49,47638,2024,11,27,2024-11-27,973.9,1007.1,1003.1,14:03,1.5,6.0,00:01,1.5,01:56,11.8,18.6,15:05,7.2,00:06,11.3,82.0,30.0,18:43,https://www.data.jma.go.jp/stats/etrn/view/daily_s1.php?block_no=47638&day=&month=11&prec_no=49&view=a1&year=2024,D:\CQUPT\self_file\competition\gjsschool2026\B题\赛题主要文件夹\问题四\外部数据抓取\raw\weather_html\jma_47638_49_2024_11_7c85e356a9.html
jma_47638_49,49,47638,2024,11,28,2024-11-28,973.3,1006.9,1003.8,13:59,,,--,,--,8.8,15.4,13:56,4.1,07:02,6.0,57.0,18.0,14:48,https://www.data.jma.go.jp/stats/etrn/view/daily_s1.php?block_no=47638&day=&month=11&prec_no=49&view=a1&year=2024,D:\CQUPT\self_file\competition\gjsschool2026\B题\赛题主要文件夹\问题四\外部数据抓取\raw\weather_html\jma_47638_49_2024_11_7c85e356a9.html
jma_47638_49,49,47638,2024,11,29,2024-11-29,970.0,1003.6,999.2,12:40,,,--,,--,6.9,15.0,11:57,1.3,05:59,5.6,59.0,29.0,12:37,https://www.data.jma.go.jp/stats/etrn/view/daily_s1.php?block_no=47638&day=&month=11&prec_no=49&view=a1&year=2024,D:\CQUPT\self_file\competition\gjsschool2026\B题\赛题主要文件夹\问题四\外部数据抓取\raw\weather_html\jma_47638_49_2024_11_7c85e356a9.html
jma_47638_49,49,47638,2024,11,30,2024-11-30,971.7,1005.4,1002.3,14:28,,,--,,--,7.4,15.1,14:42,1.2,07:12,5.9,61.0,28.0,15:24,https://www.data.jma.go.jp/stats/etrn/view/daily_s1.php?block_no=47638&day=&month=11&prec_no=49&view=a1&year=2024,D:\CQUPT\self_file\competition\gjsschool2026\B题\赛题主要文件夹\问题四\外部数据抓取\raw\weather_html\jma_47638_49_2024_11_7c85e356a9.html
jma_47638_49,49,47638,2024,12,1,2024-12-01,980.6,1014.6,1010.7,00:07,,,--,,--,7.5,16.0,15:05,1.0,06:59,6.8,69.0,34.0,13:05,https://www.data.jma.go.jp/stats/etrn/view/daily_s1.php?block_no=47638&day=&month=12&prec_no=49&view=a1&year=2024,D:\CQUPT\self_file\competition\gjsschool2026\B题\赛题主要文件夹\问题四\外部数据抓取\raw\weather_html\jma_47638_49_2024_12_c8ce2823b9.html
jma_47638_49,49,47638,2024,12,2,2024-12-02,984.8,1018.9,1015.6,14:34,,,--,,--,7.6,15.2,14:26,1.4,06:17,7.4,74.0,38.0,14:54,https://www.data.jma.go.jp/stats/etrn/view/daily_s1.php?block_no=47638&day=&month=12&prec_no=49&view=a1&year=2024,D:\CQUPT\self_file\competition\gjsschool2026\B题\赛题主要文件夹\问题四\外部数据抓取\raw\weather_html\jma_47638_49_2024_12_c8ce2823b9.html
jma_47638_49,49,47638,2024,12,3,2024-12-03,982.4,1016.3,,14:46 ),,,--,,--,8.1,,15:31 ),,06:48 ),7.9,76.0,,14:47 ),https://www.data.jma.go.jp/stats/etrn/view/daily_s1.php?block_no=47638&day=&month=12&prec_no=49&view=a1&year=2024,D:\CQUPT\self_file\competition\gjsschool2026\B题\赛题主要文件夹\问题四\外部数据抓取\raw\weather_html\jma_47638_49_2024_12_c8ce2823b9.html
jma_47638_49,49,47638,2024,12,4,2024-12-04,977.6,1011.3,1006.6,14:21,,,--,,--,9.5,17.2,15:16,2.8,07:04,7.7,69.0,33.0,15:23,https://www.data.jma.go.jp/stats/etrn/view/daily_s1.php?block_no=47638&day=&month=12&prec_no=49&view=a1&year=2024,D:\CQUPT\self_file\competition\gjsschool2026\B题\赛题主要文件夹\问题四\外部数据抓取\raw\weather_html\jma_47638_49_2024_12_c8ce2823b9.html
jma_47638_49,49,47638,2024,12,5,2024-12-05,975.2,1008.8,1005.1,14:11,,,--,,--,8.9,15.3,14:10,3.8,24:00,6.3,58.0,27.0,15:15,https://www.data.jma.go.jp/stats/etrn/view/daily_s1.php?block_no=47638&day=&month=12&prec_no=49&view=a1&year=2024,D:\CQUPT\self_file\competition\gjsschool2026\B题\赛题主要文件夹\问题四\外部数据抓取\raw\weather_html\jma_47638_49_2024_12_c8ce2823b9.html
jma_47638_49,49,47638,2024,12,6,2024-12-06,976.7,1010.5,1006.7,13:14,,,--,,--,7.1,15.6,13:28,0.4,07:02,5.3,57.0,27.0,15:13,https://www.data.jma.go.jp/stats/etrn/view/daily_s1.php?block_no=47638&day=&month=12&prec_no=49&view=a1&year=2024,D:\CQUPT\self_file\competition\gjsschool2026\B题\赛题主要文件夹\问题四\外部数据抓取\raw\weather_html\jma_47638_49_2024_12_c8ce2823b9.html
jma_47638_49,49,47638,2024,12,7,2024-12-07,978.3,1012.2,1009.4,14:29,,,--,,--,7.0,14.0,13:16,1.4,07:04,5.5,58.0,29.0,14:10,https://www.data.jma.go.jp/stats/etrn/view/daily_s1.php?block_no=47638&day=&month=12&prec_no=49&view=a1&year=2024,D:\CQUPT\self_file\competition\gjsschool2026\B题\赛题主要文件夹\问题四\外部数据抓取\raw\weather_html\jma_47638_49_2024_12_c8ce2823b9.html
jma_47638_49,49,47638,2024,12,8,2024-12-08,977.4,1011.4,1007.4,14:15,0.0,0.0,12:27,0.0,11:37,6.2,11.3,13:13,1.9,07:06,4.9,54.0,27.0,13:20,https://www.data.jma.go.jp/stats/etrn/view/daily_s1.php?block_no=47638&day=&month=12&prec_no=49&view=a1&year=2024,D:\CQUPT\self_file\competition\gjsschool2026\B题\赛题主要文件夹\问题四\外部数据抓取\raw\weather_html\jma_47638_49_2024_12_c8ce2823b9.html
jma_47638_49,49,47638,2024,12,9,2024-12-09,983.7,1018.2,1015.6,14:23,,,--,,--,4.2,10.6,14:35,-1.0,05:58,4.2,53.0,29.0,15:53,https://www.data.jma.go.jp/stats/etrn/view/daily_s1.php?block_no=47638&day=&month=12&prec_no=49&view=a1&year=2024,D:\CQUPT\self_file\competition\gjsschool2026\B题\赛题主要文件夹\问题四\外部数据抓取\raw\weather_html\jma_47638_49_2024_12_c8ce2823b9.html
jma_47638_49,49,47638,2024,12,10,2024-12-10,983.4,1017.9,1013.9,14:27,,,--,,--,3.8,11.5,15:05,-2.1,06:55,4.8,63.0,29.0,15:44,https://www.data.jma.go.jp/stats/etrn/view/daily_s1.php?block_no=47638&day=&month=12&prec_no=49&view=a1&year=2024,D:\CQUPT\self_file\competition\gjsschool2026\B题\赛题主要文件夹\问题四\外部数据抓取\raw\weather_html\jma_47638_49_2024_12_c8ce2823b9.html
jma_47638_49,49,47638,2024,12,11,2024-12-11,980.0,1014.3,1009.3,14:23,,,--,,--,4.6,11.2,15:16,-0.5,06:21,5.3,65.0,36.0,14:56,https://www.data.jma.go.jp/stats/etrn/view/daily_s1.php?block_no=47638&day=&month=12&prec_no=49&view=a1&year=2024,D:\CQUPT\self_file\competition\gjsschool2026\B题\赛题主要文件夹\问题四\外部数据抓取\raw\weather_html\jma_47638_49_2024_12_c8ce2823b9.html
jma_47638_49,49,47638,2024,12,12,2024-12-12,982.6,1017.0,1013.8,14:07,,,--,,--,4.1,11.4,14:08,-1.9,06:33,4.0,53.0,15.0,14:12,https://www.data.jma.go.jp/stats/etrn/view/daily_s1.php?block_no=47638&day=&month=12&prec_no=49&view=a1&year=2024,D:\CQUPT\self_file\competition\gjsschool2026\B题\赛题主要文件夹\问题四\外部数据抓取\raw\weather_html\jma_47638_49_2024_12_c8ce2823b9.html
jma_47638_49,49,47638,2024,12,13,2024-12-13,981.1,1015.8,1007.8,23:52,,,--,,--,2.2,7.7,13:37,-2.6,05:34,4.0,58.0,33.0,14:48,https://www.data.jma.go.jp/stats/etrn/view/daily_s1.php?block_no=47638&day=&month=12&prec_no=49&view=a1&year=2024,D:\CQUPT\self_file\competition\gjsschool2026\B题\赛题主要文件夹\问题四\外部数据抓取\raw\weather_html\jma_47638_49_2024_12_c8ce2823b9.html
jma_47638_49,49,47638,2024,12,14,2024-12-14,977.2,1011.4,1006.5,03:04,0.0,0.0,05:59,0.0,05:09,5.1,11.0,13:36,-0.5,23:40,3.6,44.0,16.0,14:53,https://www.data.jma.go.jp/stats/etrn/view/daily_s1.php?block_no=47638&day=&month=12&prec_no=49&view=a1&year=2024,D:\CQUPT\self_file\competition\gjsschool2026\B题\赛题主要文件夹\问题四\外部数据抓取\raw\weather_html\jma_47638_49_2024_12_c8ce2823b9.html
jma_47638_49,49,47638,2024,12,15,2024-12-15,978.3,1012.8,1008.9,15:13,,,--,,--,2.8,10.5,15:18,-3.7,06:57,3.7,52.0,28.0,15:10,https://www.data.jma.go.jp/stats/etrn/view/daily_s1.php?block_no=47638&day=&month=12&prec_no=49&view=a1&year=2024,D:\CQUPT\self_file\competition\gjsschool2026\B题\赛题主要文件夹\问题四\外部数据抓取\raw\weather_html\jma_47638_49_2024_12_c8ce2823b9.html
jma_47638_49,49,47638,2024,12,16,2024-12-16,979.3,1013.6,1010.5,14:08,,,--,,--,4.7,13.4,14:40,-1.5,07:02,4.5,56.0,27.0,14:59,https://www.data.jma.go.jp/stats/etrn/view/daily_s1.php?block_no=47638&day=&month=12&prec_no=49&view=a1&year=2024,D:\CQUPT\self_file\competition\gjsschool2026\B题\赛题主要文件夹\问题四\外部数据抓取\raw\weather_html\jma_47638_49_2024_12_c8ce2823b9.html
jma_47638_49,49,47638,2024,12,17,2024-12-17,981.3,1015.6,1012.2,13:50,,,--,,--,4.7,13.7,14:45,-1.8,06:33,4.7,60.0,27.0,16:00,https://www.data.jma.go.jp/stats/etrn/view/daily_s1.php?block_no=47638&day=&month=12&prec_no=49&view=a1&year=2024,D:\CQUPT\self_file\competition\gjsschool2026\B题\赛题主要文件夹\问题四\外部数据抓取\raw\weather_html\jma_47638_49_2024_12_c8ce2823b9.html
jma_47638_49,49,47638,2024,12,18,2024-12-18,980.8,1015.1,1011.1,14:21,0.0,0.0,24:00,0.0,24:00,4.6,12.3,13:22,-1.5,06:41,4.9,62.0,24.0,13:37,https://www.data.jma.go.jp/stats/etrn/view/daily_s1.php?block_no=47638&day=&month=12&prec_no=49&view=a1&year=2024,D:\CQUPT\self_file\competition\gjsschool2026\B题\赛题主要文件夹\问题四\外部数据抓取\raw\weather_html\jma_47638_49_2024_12_c8ce2823b9.html
jma_47638_49,49,47638,2024,12,19,2024-12-19,983.3,1017.7,1013.8,13:56,0.0,0.0,16:39,0.0,15:49,4.7,9.8,14:53,1.0,23:33,4.8,58.0,22.0,14:49,https://www.data.jma.go.jp/stats/etrn/view/daily_s1.php?block_no=47638&day=&month=12&prec_no=49&view=a1&year=2024,D:\CQUPT\self_file\competition\gjsschool2026\B题\赛题主要文件夹\问题四\外部数据抓取\raw\weather_html\jma_47638_49_2024_12_c8ce2823b9.html
jma_47638_49,49,47638,2024,12,20,2024-12-20,988.2,1023.2,1019.8,23:58,,,--,,--,2.0,7.1,14:47,-3.3,06:55,4.1,59.0,37.0,15:57,https://www.data.jma.go.jp/stats/etrn/view/daily_s1.php?block_no=47638&day=&month=12&prec_no=49&view=a1&year=2024,D:\CQUPT\self_file\competition\gjsschool2026\B题\赛题主要文件夹\问题四\外部数据抓取\raw\weather_html\jma_47638_49_2024_12_c8ce2823b9.html
jma_47638_49,49,47638,2024,12,21,2024-12-21,976.1,1010.5,1001.9,21:41,0.0,0.0,24:00,0.0,23:34,3.2,10.3,14:28,-3.4,07:09,5.0,67.0,38.0,13:26,https://www.data.jma.go.jp/stats/etrn/view/daily_s1.php?block_no=47638&day=&month=12&prec_no=49&view=a1&year=2024,D:\CQUPT\self_file\competition\gjsschool2026\B题\赛题主要文件夹\问题四\外部数据抓取\raw\weather_html\jma_47638_49_2024_12_c8ce2823b9.html
jma_47638_49,49,47638,2024,12,22,2024-12-22,973.5,1007.4,1001.8,01:47,,0.0,00:24,,--,6.6,10.4,11:02,3.5,00:29,3.3,34.0,18.0,14:40,https://www.data.jma.go.jp/stats/etrn/view/daily_s1.php?block_no=47638&day=&month=12&prec_no=49&view=a1&year=2024,D:\CQUPT\self_file\competition\gjsschool2026\B题\赛题主要文件夹\问题四\外部数据抓取\raw\weather_html\jma_47638_49_2024_12_c8ce2823b9.html
jma_47638_49,49,47638,2024,12,23,2024-12-23,980.2,1014.5,1011.6,00:09,,,--,,--,4.2,10.0,14:31,-0.2,07:22,2.9,36.0,22.0,14:57,https://www.data.jma.go.jp/stats/etrn/view/daily_s1.php?block_no=47638&day=&month=12&prec_no=49&view=a1&year=2024,D:\CQUPT\self_file\competition\gjsschool2026\B题\赛题主要文件夹\问题四\外部数据抓取\raw\weather_html\jma_47638_49_2024_12_c8ce2823b9.html
jma_47638_49,49,47638,2024,12,24,2024-12-24,983.3,1017.8,1013.9,13:39,,,--,,--,4.6,11.5,12:49,-2.4,06:49,3.4,44.0,21.0,14:35,https://www.data.jma.go.jp/stats/etrn/view/daily_s1.php?block_no=47638&day=&month=12&prec_no=49&view=a1&year=2024,D:\CQUPT\self_file\competition\gjsschool2026\B题\赛题主要文件夹\问题四\外部数据抓取\raw\weather_html\jma_47638_49_2024_12_c8ce2823b9.html
jma_47638_49,49,47638,2024,12,25,2024-12-25,990.6,1025.5,1021.9,24:00,,,--,,--,3.0,9.3,14:39,-2.7,07:17,3.9,53.0,30.0,14:33,https://www.data.jma.go.jp/stats/etrn/view/daily_s1.php?block_no=47638&day=&month=12&prec_no=49&view=a1&year=2024,D:\CQUPT\self_file\competition\gjsschool2026\B题\赛题主要文件夹\问题四\外部数据抓取\raw\weather_html\jma_47638_49_2024_12_c8ce2823b9.html
jma_47638_49,49,47638,2024,12,26,2024-12-26,978.5,1012.5,1006.6,14:46,,,--,,--,6.9,15.5,14:43,-0.1,05:44,4.9,54.0,28.0,15:09,https://www.data.jma.go.jp/stats/etrn/view/daily_s1.php?block_no=47638&day=&month=12&prec_no=49&view=a1&year=2024,D:\CQUPT\self_file\competition\gjsschool2026\B题\赛题主要文件夹\问题四\外部数据抓取\raw\weather_html\jma_47638_49_2024_12_c8ce2823b9.html
jma_47638_49,49,47638,2024,12,27,2024-12-27,975.8,1009.8,1007.1,13:39,,,--,,--,5.7,11.3,11:38,0.7,23:49,4.0,46.0,27.0,18:50,https://www.data.jma.go.jp/stats/etrn/view/daily_s1.php?block_no=47638&day=&month=12&prec_no=49&view=a1&year=2024,D:\CQUPT\self_file\competition\gjsschool2026\B题\赛题主要文件夹\问题四\外部数据抓取\raw\weather_html\jma_47638_49_2024_12_c8ce2823b9.html
jma_47638_49,49,47638,2024,12,28,2024-12-28,977.3,1011.7,1008.2,14:38,,,--,,--,3.4,9.1,14:38,-1.1,06:31,3.9,52.0,29.0,15:32,https://www.data.jma.go.jp/stats/etrn/view/daily_s1.php?block_no=47638&day=&month=12&prec_no=49&view=a1&year=2024,D:\CQUPT\self_file\competition\gjsschool2026\B题\赛题主要文件夹\问题四\外部数据抓取\raw\weather_html\jma_47638_49_2024_12_c8ce2823b9.html
jma_47638_49,49,47638,2024,12,29,2024-12-29,982.7,1017.3,1013.1,14:24,,,--,,--,3.0,11.0,14:27,-3.9,07:08,3.7,53.0,23.0,14:48,https://www.data.jma.go.jp/stats/etrn/view/daily_s1.php?block_no=47638&day=&month=12&prec_no=49&view=a1&year=2024,D:\CQUPT\self_file\competition\gjsschool2026\B题\赛题主要文件夹\问题四\外部数据抓取\raw\weather_html\jma_47638_49_2024_12_c8ce2823b9.html
jma_47638_49,49,47638,2024,12,30,2024-12-30,986.3,1021.2,1017.3,24:00,,,--,,--,2.1,8.7,14:06,-3.6,07:18,4.1,59.0,35.0,12:46,https://www.data.jma.go.jp/stats/etrn/view/daily_s1.php?block_no=47638&day=&month=12&prec_no=49&view=a1&year=2024,D:\CQUPT\self_file\competition\gjsschool2026\B题\赛题主要文件夹\问题四\外部数据抓取\raw\weather_html\jma_47638_49_2024_12_c8ce2823b9.html
jma_47638_49,49,47638,2024,12,31,2024-12-31,974.1,1008.2,1000.8,14:37,,,--,,--,4.7,14.2,13:11,-2.4,07:16,4.5,56.0,32.0,18:39,https://www.data.jma.go.jp/stats/etrn/view/daily_s1.php?block_no=47638&day=&month=12&prec_no=49&view=a1&year=2024,D:\CQUPT\self_file\competition\gjsschool2026\B题\赛题主要文件夹\问题四\外部数据抓取\raw\weather_html\jma_47638_49_2024_12_c8ce2823b9.html
jma_47638_49,49,47638,2025,1,1,2025-01-01,981.7,1016.0,1010.8,00:02,,,--,,--,4.8,11.0,14:48,-0.6,23:52,3.2,39.0,20.0,15:00,https://www.data.jma.go.jp/stats/etrn/view/daily_s1.php?block_no=47638&day=&month=01&prec_no=49&view=a1&year=2025,D:\CQUPT\self_file\competition\gjsschool2026\B题\赛题主要文件夹\问题四\外部数据抓取\raw\weather_html\jma_47638_49_2025_01_983cfe2804.html
jma_47638_49,49,47638,2025,1,2,2025-01-02,981.9,1016.4,1012.3,14:40,,,--,,--,3.6,12.3,15:21,-3.2,07:11,4.5,60.0,31.0,15:29,https://www.data.jma.go.jp/stats/etrn/view/daily_s1.php?block_no=47638&day=&month=01&prec_no=49&view=a1&year=2025,D:\CQUPT\self_file\competition\gjsschool2026\B题\赛题主要文件夹\问题四\外部数据抓取\raw\weather_html\jma_47638_49_2025_01_983cfe2804.html
jma_47638_49,49,47638,2025,1,3,2025-01-03,979.7,1014.0,1010.2,15:12,,,--,,--,4.3,11.3,13:44,-2.3,06:43,4.7,59.0,28.0,16:38,https://www.data.jma.go.jp/stats/etrn/view/daily_s1.php?block_no=47638&day=&month=01&prec_no=49&view=a1&year=2025,D:\CQUPT\self_file\competition\gjsschool2026\B题\赛题主要文件夹\问题四\外部数据抓取\raw\weather_html\jma_47638_49_2025_01_983cfe2804.html
jma_47638_49,49,47638,2025,1,4,2025-01-04,984.7,1019.3,1014.7,00:37,,,--,,--,3.4,10.1,14:02,-2.6,07:28,4.1,55.0,22.0,14:24,https://www.data.jma.go.jp/stats/etrn/view/daily_s1.php?block_no=47638&day=&month=01&prec_no=49&view=a1&year=2025,D:\CQUPT\self_file\competition\gjsschool2026\B题\赛题主要文件夹\问题四\外部数据抓取\raw\weather_html\jma_47638_49_2025_01_983cfe2804.html
jma_47638_49,49,47638,2025,1,5,2025-01-05,989.0,1024.0,1021.2,15:59,,,--,,--,1.8,9.1,14:41,-4.1,07:01,4.3,64.0,37.0,14:43,https://www.data.jma.go.jp/stats/etrn/view/daily_s1.php?block_no=47638&day=&month=01&prec_no=49&view=a1&year=2025,D:\CQUPT\self_file\competition\gjsschool2026\B题\赛题主要文件夹\问题四\外部数据抓取\raw\weather_html\jma_47638_49_2025_01_983cfe2804.html
jma_47638_49,49,47638,2025,1,6,2025-01-06,981.2,1016.0,1003.2,24:00,20.0,7.0,20:43,2.0,20:19,0.8,3.4,12:41,-2.7,05:45,5.6,85.0,64.0,10:32,https://www.data.jma.go.jp/stats/etrn/view/daily_s1.php?block_no=47638&day=&month=01&prec_no=49&view=a1&year=2025,D:\CQUPT\self_file\competition\gjsschool2026\B题\赛题主要文件夹\问题四\外部数据抓取\raw\weather_html\jma_47638_49_2025_01_983cfe2804.html
jma_47638_49,49,47638,2025,1,7,2025-01-07,969.1,1003.1,999.2,14:28,,,--,,--,4.8,12.2,14:32,1.5,01:09,5.8,71.0,26.0,14:56,https://www.data.jma.go.jp/stats/etrn/view/daily_s1.php?block_no=47638&day=&month=01&prec_no=49&view=a1&year=2025,D:\CQUPT\self_file\competition\gjsschool2026\B题\赛题主要文件夹\问题四\外部数据抓取\raw\weather_html\jma_47638_49_2025_01_983cfe2804.html
jma_47638_49,49,47638,2025,1,8,2025-01-08,975.5,1009.8,1006.5,00:02,,,--,,--,3.4,9.7,13:01,-1.7,07:36,3.4,46.0,21.0,14:31,https://www.data.jma.go.jp/stats/etrn/view/daily_s1.php?block_no=47638&day=&month=01&prec_no=49&view=a1&year=2025,D:\CQUPT\self_file\competition\gjsschool2026\B题\赛题主要文件夹\问题四\外部数据抓取\raw\weather_html\jma_47638_49_2025_01_983cfe2804.html
jma_47638_49,49,47638,2025,1,9,2025-01-09,974.6,1008.9,1004.1,14:39,,,--,,--,2.9,10.4,13:29,-2.9,05:51,2.9,42.0,17.0,13:17,https://www.data.jma.go.jp/stats/etrn/view/daily_s1.php?block_no=47638&day=&month=01&prec_no=49&view=a1&year=2025,D:\CQUPT\self_file\competition\gjsschool2026\B题\赛题主要文件夹\问题四\外部数据抓取\raw\weather_html\jma_47638_49_2025_01_983cfe2804.html
jma_47638_49,49,47638,2025,1,10,2025-01-10,980.6,1015.2,1009.1,00:13,,,--,,--,2.4,7.7,14:14,-2.6,06:32,2.5,36.0,18.0,15:45,https://www.data.jma.go.jp/stats/etrn/view/daily_s1.php?block_no=47638&day=&month=01&prec_no=49&view=a1&year=2025,D:\CQUPT\self_file\competition\gjsschool2026\B题\赛题主要文件夹\问题四\外部数据抓取\raw\weather_html\jma_47638_49_2025_01_983cfe2804.html
jma_47638_49,49,47638,2025,1,11,2025-01-11,987.6,1022.6,1019.7,14:15,,,--,,--,1.0,9.4,15:12,-5.2,06:40,3.4,55.0,20.0,15:08,https://www.data.jma.go.jp/stats/etrn/view/daily_s1.php?block_no=47638&day=&month=01&prec_no=49&view=a1&year=2025,D:\CQUPT\self_file\competition\gjsschool2026\B题\赛题主要文件夹\问题四\外部数据抓取\raw\weather_html\jma_47638_49_2025_01_983cfe2804.html
jma_47638_49,49,47638,2025,1,12,2025-01-12,984.5,1019.3,1015.1,20:04,,,--,,--,2.8,8.4,14:49,-1.8,00:12,4.5,62.0,34.0,13:27,https://www.data.jma.go.jp/stats/etrn/view/daily_s1.php?block_no=47638&day=&month=01&prec_no=49&view=a1&year=2025,D:\CQUPT\self_file\competition\gjsschool2026\B题\赛题主要文件夹\问题四\外部数据抓取\raw\weather_html\jma_47638_49_2025_01_983cfe2804.html
jma_47638_49,49,47638,2025,1,13,2025-01-13,983.3,1017.8,1014.8,12:58,,,--,,--,4.0,12.2,13:56,-2.4,06:54,4.2,58.0,20.0,13:32,https://www.data.jma.go.jp/stats/etrn/view/daily_s1.php?block_no=47638&day=&month=01&prec_no=49&view=a1&year=2025,D:\CQUPT\self_file\competition\gjsschool2026\B题\赛题主要文件夹\问题四\外部数据抓取\raw\weather_html\jma_47638_49_2025_01_983cfe2804.html
jma_47638_49,49,47638,2025,1,14,2025-01-14,985.0,1019.6,1015.2,16:28,,,--,,--,3.7,11.3,15:30,-3.2,06:41,4.1,54.0,30.0,15:32,https://www.data.jma.go.jp/stats/etrn/view/daily_s1.php?block_no=47638&day=&month=01&prec_no=49&view=a1&year=2025,D:\CQUPT\self_file\competition\gjsschool2026\B题\赛题主要文件夹\问题四\外部数据抓取\raw\weather_html\jma_47638_49_2025_01_983cfe2804.html
jma_47638_49,49,47638,2025,1,15,2025-01-15,979.1,1013.4,1007.9,13:55,0.0,0.0,14:16,0.0,13:26,4.2,11.5,13:33,-1.6,06:47,4.3,54.0,33.0,21:15,https://www.data.jma.go.jp/stats/etrn/view/daily_s1.php?block_no=47638&day=&month=01&prec_no=49&view=a1&year=2025,D:\CQUPT\self_file\competition\gjsschool2026\B题\赛题主要文件夹\问题四\外部数据抓取\raw\weather_html\jma_47638_49_2025_01_983cfe2804.html
jma_47638_49,49,47638,2025,1,16,2025-01-16,982.9,1017.6,1014.7,15:09,,,--,,--,2.4,8.4,14:49,-2.4,07:15,4.2,58.0,34.0,13:18,https://www.data.jma.go.jp/stats/etrn/view/daily_s1.php?block_no=47638&day=&month=01&prec_no=49&view=a1&year=2025,D:\CQUPT\self_file\competition\gjsschool2026\B题\赛题主要文件夹\问题四\外部数据抓取\raw\weather_html\jma_47638_49_2025_01_983cfe2804.html
jma_47638_49,49,47638,2025,1,17,2025-01-17,983.4,1018.0,1015.0,04:05,,,--,,--,2.9,10.3,14:15,-2.7,05:54,3.8,56.0,25.0,14:23,https://www.data.jma.go.jp/stats/etrn/view/daily_s1.php?block_no=47638&day=&month=01&prec_no=49&view=a1&year=2025,D:\CQUPT\self_file\competition\gjsschool2026\B题\赛题主要文件夹\问题四\外部数据抓取\raw\weather_html\jma_47638_49_2025_01_983cfe2804.html
jma_47638_49,49,47638,2025,1,18,2025-01-18,989.3,1024.3,1021.2,15:32,,,--,,--,2.2,8.4,14:59,-4.0,07:17,3.7,54.0,31.0,15:57,https://www.data.jma.go.jp/stats/etrn/view/daily_s1.php?block_no=47638&day=&month=01&prec_no=49&view=a1&year=2025,D:\CQUPT\self_file\competition\gjsschool2026\B题\赛题主要文件夹\问题四\外部数据抓取\raw\weather_html\jma_47638_49_2025_01_983cfe2804.html
jma_47638_49,49,47638,2025,1,19,2025-01-19,985.9,1020.3,1016.3,23:48,,,--,,--,5.8,11.4,14:23,-0.4,06:53,5.2,56.0,40.0,14:28,https://www.data.jma.go.jp/stats/etrn/view/daily_s1.php?block_no=47638&day=&month=01&prec_no=49&view=a1&year=2025,D:\CQUPT\self_file\competition\gjsschool2026\B题\赛题主要文件夹\问题四\外部数据抓取\raw\weather_html\jma_47638_49_2025_01_983cfe2804.html
jma_47638_49,49,47638,2025,1,20,2025-01-20,978.6,1012.4,1007.8,15:15,0.0,0.0,21:32,0.0,20:42,8.0,13.9,15:14,3.2,07:40,7.7,73.0,47.0,14:06,https://www.data.jma.go.jp/stats/etrn/view/daily_s1.php?block_no=47638&day=&month=01&prec_no=49&view=a1&year=2025,D:\CQUPT\self_file\competition\gjsschool2026\B题\赛题主要文件夹\问题四\外部数据抓取\raw\weather_html\jma_47638_49_2025_01_983cfe2804.html
jma_47638_49,49,47638,2025,1,21,2025-01-21,981.3,1015.2,1012.4,14:30,0.0,0.0,18:41,0.0,17:51,7.5,13.0,14:21,2.4,07:05,6.5,65.0,33.0,15:00,https://www.data.jma.go.jp/stats/etrn/view/daily_s1.php?block_no=47638&day=&month=01&prec_no=49&view=a1&year=2025,D:\CQUPT\self_file\competition\gjsschool2026\B题\赛题主要文件夹\问题四\外部数据抓取\raw\weather_html\jma_47638_49_2025_01_983cfe2804.html
jma_47638_49,49,47638,2025,1,22,2025-01-22,986.3,1020.8,1017.9,14:42,,,--,,--,5.3,12.4,15:12,-0.9,05:59,5.0,60.0,25.0,15:59,https://www.data.jma.go.jp/stats/etrn/view/daily_s1.php?block_no=47638&day=&month=01&prec_no=49&view=a1&year=2025,D:\CQUPT\self_file\competition\gjsschool2026\B题\赛题主要文件夹\问题四\外部数据抓取\raw\weather_html\jma_47638_49_2025_01_983cfe2804.html
jma_47638_49,49,47638,2025,1,23,2025-01-23,988.0,1022.5,1018.3,16:39,,,--,,--,5.4,12.6,14:46,-1.1,06:55,5.4,62.0,38.0,15:52,https://www.data.jma.go.jp/stats/etrn/view/daily_s1.php?block_no=47638&day=&month=01&prec_no=49&view=a1&year=2025,D:\CQUPT\self_file\competition\gjsschool2026\B题\赛题主要文件夹\问题四\外部数据抓取\raw\weather_html\jma_47638_49_2025_01_983cfe2804.html
jma_47638_49,49,47638,2025,1,24,2025-01-24,987.0,1021.4,1017.5,16:06,,,--,,--,5.9,14.0,14:46,-1.3,07:02,5.4,61.0,31.0,13:49,https://www.data.jma.go.jp/stats/etrn/view/daily_s1.php?block_no=47638&day=&month=01&prec_no=49&view=a1&year=2025,D:\CQUPT\self_file\competition\gjsschool2026\B题\赛题主要文件夹\问题四\外部数据抓取\raw\weather_html\jma_47638_49_2025_01_983cfe2804.html
jma_47638_49,49,47638,2025,1,25,2025-01-25,985.9,1020.2,1016.7,14:21,,,--,,--,6.5,12.2,13:35,2.1,24:00,4.1,45.0,16.0,16:04,https://www.data.jma.go.jp/stats/etrn/view/daily_s1.php?block_no=47638&day=&month=01&prec_no=49&view=a1&year=2025,D:\CQUPT\self_file\competition\gjsschool2026\B题\赛题主要文件夹\问题四\外部数据抓取\raw\weather_html\jma_47638_49_2025_01_983cfe2804.html
jma_47638_49,49,47638,2025,1,26,2025-01-26,984.4,1018.8,1015.4,14:14,,,--,,--,4.7,11.1,14:12,-1.0,05:31,3.5,44.0,18.0,13:54,https://www.data.jma.go.jp/stats/etrn/view/daily_s1.php?block_no=47638&day=&month=01&prec_no=49&view=a1&year=2025,D:\CQUPT\self_file\competition\gjsschool2026\B题\赛题主要文件夹\问题四\外部数据抓取\raw\weather_html\jma_47638_49_2025_01_983cfe2804.html
jma_47638_49,49,47638,2025,1,27,2025-01-27,980.6,1015.1,1011.3,17:15,,,--,,--,3.7,10.0,15:06,-2.0,05:41,4.5,57.0,32.0,14:01,https://www.data.jma.go.jp/stats/etrn/view/daily_s1.php?block_no=47638&day=&month=01&prec_no=49&view=a1&year=2025,D:\CQUPT\self_file\competition\gjsschool2026\B题\赛题主要文件夹\问题四\外部数据抓取\raw\weather_html\jma_47638_49_2025_01_983cfe2804.html
jma_47638_49,49,47638,2025,1,28,2025-01-28,974.2,1008.1,1002.5,14:42,,,--,,--,6.8,14.7,14:50,1.4,07:19,4.6,49.0,16.0,15:15,https://www.data.jma.go.jp/stats/etrn/view/daily_s1.php?block_no=47638&day=&month=01&prec_no=49&view=a1&year=2025,D:\CQUPT\self_file\competition\gjsschool2026\B题\赛题主要文件夹\问题四\外部数据抓取\raw\weather_html\jma_47638_49_2025_01_983cfe2804.html
jma_47638_49,49,47638,2025,1,29,2025-01-29,976.8,1011.2,1007.3,13:26,,,--,,--,3.0,10.1,12:25,-2.8,06:33,3.2,45.0,17.0,12:31,https://www.data.jma.go.jp/stats/etrn/view/daily_s1.php?block_no=47638&day=&month=01&prec_no=49&view=a1&year=2025,D:\CQUPT\self_file\competition\gjsschool2026\B题\赛题主要文件夹\问题四\外部数据抓取\raw\weather_html\jma_47638_49_2025_01_983cfe2804.html
jma_47638_49,49,47638,2025,1,30,2025-01-30,980.1,1014.6,1010.9,13:33,,,--,,--,3.2,9.7,13:06,-3.2,07:14,3.1,44.0,21.0,14:08,https://www.data.jma.go.jp/stats/etrn/view/daily_s1.php?block_no=47638&day=&month=01&prec_no=49&view=a1&year=2025,D:\CQUPT\self_file\competition\gjsschool2026\B题\赛题主要文件夹\问题四\外部数据抓取\raw\weather_html\jma_47638_49_2025_01_983cfe2804.html
jma_47638_49,49,47638,2025,1,31,2025-01-31,985.3,1019.8,1016.2,14:23,,,--,,--,4.8,11.7,14:04,-1.7,06:54,3.0,36.0,20.0,14:33,https://www.data.jma.go.jp/stats/etrn/view/daily_s1.php?block_no=47638&day=&month=01&prec_no=49&view=a1&year=2025,D:\CQUPT\self_file\competition\gjsschool2026\B题\赛题主要文件夹\问题四\外部数据抓取\raw\weather_html\jma_47638_49_2025_01_983cfe2804.html
jma_47638_49,49,47638,2025,2,1,2025-02-01,986.8,1021.3,1017.2,16:27,0.0,0.0,24:00,0.0,24:00,4.9,10.8,13:49,-2.1,06:39,4.4,52.0,26.0,15:59,https://www.data.jma.go.jp/stats/etrn/view/daily_s1.php?block_no=47638&day=&month=02&prec_no=49&view=a1&year=2025,D:\CQUPT\self_file\competition\gjsschool2026\B题\赛题主要文件夹\问题四\外部数据抓取\raw\weather_html\jma_47638_49_2025_02_91098da33a.html
jma_47638_49,49,47638,2025,2,2,2025-02-02,981.4,1015.7,1012.4,14:31,3.5,1.5,07:45,0.5,10:55,5.3,7.2,16:22,3.6,08:18,7.6,86.0,61.0,00:19,https://www.data.jma.go.jp/stats/etrn/view/daily_s1.php?block_no=47638&day=&month=02&prec_no=49&view=a1&year=2025,D:\CQUPT\self_file\competition\gjsschool2026\B题\赛题主要文件夹\问题四\外部数据抓取\raw\weather_html\jma_47638_49_2025_02_91098da33a.html
jma_47638_49,49,47638,2025,2,3,2025-02-03,973.6,1007.5,1001.8,23:28,0.0,0.0,24:00,0.0,24:00,6.1,8.0,16:35,4.5,06:19,7.4,80.0,64.0,15:31,https://www.data.jma.go.jp/stats/etrn/view/daily_s1.php?block_no=47638&day=&month=02&prec_no=49&view=a1&year=2025,D:\CQUPT\self_file\competition\gjsschool2026\B题\赛题主要文件夹\问题四\外部数据抓取\raw\weather_html\jma_47638_49_2025_02_91098da33a.html
jma_47638_49,49,47638,2025,2,4,2025-02-04,966.1,1000.0,996.3,14:18,0.0,0.0,01:55,0.0,01:05,4.0,9.5,11:20,-0.4,23:37,4.0,51.0,24.0,16:14,https://www.data.jma.go.jp/stats/etrn/view/daily_s1.php?block_no=47638&day=&month=02&prec_no=49&view=a1&year=2025,D:\CQUPT\self_file\competition\gjsschool2026\B题\赛题主要文件夹\问题四\外部数据抓取\raw\weather_html\jma_47638_49_2025_02_91098da33a.html
jma_47638_49,49,47638,2025,2,5,2025-02-05,968.3,1002.7,999.5,13:39,,,--,,--,1.0,7.4,13:39,-3.5,06:29,2.6,42.0,17.0,13:43,https://www.data.jma.go.jp/stats/etrn/view/daily_s1.php?block_no=47638&day=&month=02&prec_no=49&view=a1&year=2025,D:\CQUPT\self_file\competition\gjsschool2026\B题\赛题主要文件夹\问题四\外部数据抓取\raw\weather_html\jma_47638_49_2025_02_91098da33a.html
jma_47638_49,49,47638,2025,2,6,2025-02-06,974.7,1009.3,1006.0,00:02,,,--,,--,1.4,7.6,13:46,-4.8,07:05,2.3,35.0,19.0,14:40,https://www.data.jma.go.jp/stats/etrn/view/daily_s1.php?block_no=47638&day=&month=02&prec_no=49&view=a1&year=2025,D:\CQUPT\self_file\competition\gjsschool2026\B题\赛题主要文件夹\问题四\外部数据抓取\raw\weather_html\jma_47638_49_2025_02_91098da33a.html
jma_47638_49,49,47638,2025,2,7,2025-02-07,973.0,1007.5,1001.9,22:15,0.0,0.0,24:00,0.0,23:53,1.2,5.9,14:56,-4.4,06:39,2.9,46.0,19.0,12:49,https://www.data.jma.go.jp/stats/etrn/view/daily_s1.php?block_no=47638&day=&month=02&prec_no=49&view=a1&year=2025,D:\CQUPT\self_file\competition\gjsschool2026\B题\赛题主要文件夹\问题四\外部数据抓取\raw\weather_html\jma_47638_49_2025_02_91098da33a.html
jma_47638_49,49,47638,2025,2,8,2025-02-08,974.2,1008.6,1002.2,01:19,,0.0,00:43,,--,2.4,7.9,13:44,-1.9,07:23,2.7,39.0,20.0,13:18,https://www.data.jma.go.jp/stats/etrn/view/daily_s1.php?block_no=47638&day=&month=02&prec_no=49&view=a1&year=2025,D:\CQUPT\self_file\competition\gjsschool2026\B题\赛题主要文件夹\问题四\外部数据抓取\raw\weather_html\jma_47638_49_2025_02_91098da33a.html
jma_47638_49,49,47638,2025,2,9,2025-02-09,981.5,1016.3,1013.0,14:41,,,--,,--,2.0,9.2,13:34,-5.5,06:45,2.6,41.0,17.0,14:38,https://www.data.jma.go.jp/stats/etrn/view/daily_s1.php?block_no=47638&day=&month=02&prec_no=49&view=a1&year=2025,D:\CQUPT\self_file\competition\gjsschool2026\B题\赛题主要文件夹\问题四\外部数据抓取\raw\weather_html\jma_47638_49_2025_02_91098da33a.html
jma_47638_49,49,47638,2025,2,10,2025-02-10,982.1,1016.7,1012.4,15:46,,,--,,--,2.9,10.6,15:17,-4.9,06:48,2.9,42.0,19.0,15:57,https://www.data.jma.go.jp/stats/etrn/view/daily_s1.php?block_no=47638&day=&month=02&prec_no=49&view=a1&year=2025,D:\CQUPT\self_file\competition\gjsschool2026\B题\赛题主要文件夹\问题四\外部数据抓取\raw\weather_html\jma_47638_49_2025_02_91098da33a.html
jma_47638_49,49,47638,2025,2,11,2025-02-11,986.2,1020.9,1016.8,00:22,,,--,,--,3.6,10.6,14:04,-2.3,06:59,3.2,44.0,24.0,14:56,https://www.data.jma.go.jp/stats/etrn/view/daily_s1.php?block_no=47638&day=&month=02&prec_no=49&view=a1&year=2025,D:\CQUPT\self_file\competition\gjsschool2026\B题\赛题主要文件夹\问题四\外部数据抓取\raw\weather_html\jma_47638_49_2025_02_91098da33a.html
jma_47638_49,49,47638,2025,2,12,2025-02-12,983.3,1017.8,1004.8,24:00,3.5,2.0,23:53,0.5,24:00,3.9,11.7,15:17,-4.1,06:41,5.2,62.0,35.0,14:11,https://www.data.jma.go.jp/stats/etrn/view/daily_s1.php?block_no=47638&day=&month=02&prec_no=49&view=a1&year=2025,D:\CQUPT\self_file\competition\gjsschool2026\B题\赛题主要文件夹\问题四\外部数据抓取\raw\weather_html\jma_47638_49_2025_02_91098da33a.html
jma_47638_49,49,47638,2025,2,13,2025-02-13,972.4,1006.2,999.0,04:32,3.5,2.5,01:29,1.0,00:52,6.5,10.6,09:59,0.2,23:32,4.8,52.0,19.0,17:33,https://www.data.jma.go.jp/stats/etrn/view/daily_s1.php?block_no=47638&day=&month=02&prec_no=49&view=a1&year=2025,D:\CQUPT\self_file\competition\gjsschool2026\B题\赛题主要文件夹\问题四\外部数据抓取\raw\weather_html\jma_47638_49_2025_02_91098da33a.html
jma_47638_49,49,47638,2025,2,14,2025-02-14,980.8,1015.2,1010.8,15:33,,,--,,--,4.6,13.5,15:09,-3.7,06:46,4.0,51.0,21.0,16:21,https://www.data.jma.go.jp/stats/etrn/view/daily_s1.php?block_no=47638&day=&month=02&prec_no=49&view=a1&year=2025,D:\CQUPT\self_file\competition\gjsschool2026\B题\赛题主要文件夹\问题四\外部数据抓取\raw\weather_html\jma_47638_49_2025_02_91098da33a.html
jma_47638_49,49,47638,2025,2,15,2025-02-15,984.4,1018.7,1015.4,15:57,,,--,,--,5.9,13.8,15:36,-1.9,06:05,5.5,61.0,32.0,13:58,https://www.data.jma.go.jp/stats/etrn/view/daily_s1.php?block_no=47638&day=&month=02&prec_no=49&view=a1&year=2025,D:\CQUPT\self_file\competition\gjsschool2026\B题\赛题主要文件夹\问题四\外部数据抓取\raw\weather_html\jma_47638_49_2025_02_91098da33a.html
jma_47638_49,49,47638,2025,2,16,2025-02-16,977.0,1010.6,1006.1,15:22,0.0,0.0,07:43,0.0,06:53,9.6,16.2,14:45,4.6,03:04,7.5,64.0,37.0,14:34,https://www.data.jma.go.jp/stats/etrn/view/daily_s1.php?block_no=47638&day=&month=02&prec_no=49&view=a1&year=2025,D:\CQUPT\self_file\competition\gjsschool2026\B题\赛题主要文件夹\问题四\外部数据抓取\raw\weather_html\jma_47638_49_2025_02_91098da33a.html
jma_47638_49,49,47638,2025,2,17,2025-02-17,972.0,1005.8,1001.3,13:18,,,--,,--,6.9,14.4,12:53,2.2,05:54,4.7,49.0,18.0,12:58,https://www.data.jma.go.jp/stats/etrn/view/daily_s1.php?block_no=47638&day=&month=02&prec_no=49&view=a1&year=2025,D:\CQUPT\self_file\competition\gjsschool2026\B题\赛题主要文件夹\问题四\外部数据抓取\raw\weather_html\jma_47638_49_2025_02_91098da33a.html
jma_47638_49,49,47638,2025,2,18,2025-02-18,976.2,1010.5,1006.9,15:34,,,--,,--,3.7,9.0,13:01,-0.2,07:07,2.0,26.0,14.0,13:25,https://www.data.jma.go.jp/stats/etrn/view/daily_s1.php?block_no=47638&day=&month=02&prec_no=49&view=a1&year=2025,D:\CQUPT\self_file\competition\gjsschool2026\B题\赛题主要文件夹\问题四\外部数据抓取\raw\weather_html\jma_47638_49_2025_02_91098da33a.html
jma_47638_49,49,47638,2025,2,19,2025-02-19,980.0,1014.6,1011.0,00:40,,,--,,--,2.4,7.3,14:40,-1.4,03:54,2.0,28.0,16.0,15:01,https://www.data.jma.go.jp/stats/etrn/view/daily_s1.php?block_no=47638&day=&month=02&prec_no=49&view=a1&year=2025,D:\CQUPT\self_file\competition\gjsschool2026\B题\赛题主要文件夹\问题四\外部数据抓取\raw\weather_html\jma_47638_49_2025_02_91098da33a.html
jma_47638_49,49,47638,2025,2,20,2025-02-20,984.7,1019.5,1016.2,15:41,,,--,,--,2.4,9.0,14:12,-4.6,06:39,2.1,31.0,15.0,15:38,https://www.data.jma.go.jp/stats/etrn/view/daily_s1.php?block_no=47638&day=&month=02&prec_no=49&view=a1&year=2025,D:\CQUPT\self_file\competition\gjsschool2026\B题\赛题主要文件夹\问题四\外部数据抓取\raw\weather_html\jma_47638_49_2025_02_91098da33a.html
jma_47638_49,49,47638,2025,2,21,2025-02-21,986.1,1020.9,1016.8,15:00,,,--,,--,2.7,9.3,15:00,-4.2,06:43,2.5,36.0,16.0,16:03,https://www.data.jma.go.jp/stats/etrn/view/daily_s1.php?block_no=47638&day=&month=02&prec_no=49&view=a1&year=2025,D:\CQUPT\self_file\competition\gjsschool2026\B题\赛题主要文件夹\问题四\外部数据抓取\raw\weather_html\jma_47638_49_2025_02_91098da33a.html
jma_47638_49,49,47638,2025,2,22,2025-02-22,985.6,1020.5,1016.0,13:30,,,--,,--,1.8,8.0,13:32,-4.1,06:43,2.6,39.0,21.0,12:32,https://www.data.jma.go.jp/stats/etrn/view/daily_s1.php?block_no=47638&day=&month=02&prec_no=49&view=a1&year=2025,D:\CQUPT\self_file\competition\gjsschool2026\B题\赛题主要文件夹\问题四\外部数据抓取\raw\weather_html\jma_47638_49_2025_02_91098da33a.html
jma_47638_49,49,47638,2025,2,23,2025-02-23,986.2,1021.0,1016.3,15:18,,,--,,--,2.2,9.4,15:19,-5.2,06:44,2.3,36.0,13.0,16:19,https://www.data.jma.go.jp/stats/etrn/view/daily_s1.php?block_no=47638&day=&month=02&prec_no=49&view=a1&year=2025,D:\CQUPT\self_file\competition\gjsschool2026\B题\赛题主要文件夹\问题四\外部数据抓取\raw\weather_html\jma_47638_49_2025_02_91098da33a.html
jma_47638_49,49,47638,2025,2,24,2025-02-24,984.0,1018.7,1015.1,14:35,,,--,,--,2.8,9.3,14:30,-4.0,06:18,2.8,41.0,15.0,14:36,https://www.data.jma.go.jp/stats/etrn/view/daily_s1.php?block_no=47638&day=&month=02&prec_no=49&view=a1&year=2025,D:\CQUPT\self_file\competition\gjsschool2026\B题\赛题主要文件夹\问题四\外部数据抓取\raw\weather_html\jma_47638_49_2025_02_91098da33a.html
jma_47638_49,49,47638,2025,2,25,2025-02-25,989.5,1024.2,1020.4,16:00,,,--,,--,4.1,12.6,15:14,-3.3,06:20,3.5,44.0,19.0,15:16,https://www.data.jma.go.jp/stats/etrn/view/daily_s1.php?block_no=47638&day=&month=02&prec_no=49&view=a1&year=2025,D:\CQUPT\self_file\competition\gjsschool2026\B题\赛题主要文件夹\问题四\外部数据抓取\raw\weather_html\jma_47638_49_2025_02_91098da33a.html
jma_47638_49,49,47638,2025,2,26,2025-02-26,982.6,1016.8,1011.9,13:38,,,--,,--,6.4,14.9,13:54,-2.0,06:40,3.8,45.0,18.0,14:07,https://www.data.jma.go.jp/stats/etrn/view/daily_s1.php?block_no=47638&day=&month=02&prec_no=49&view=a1&year=2025,D:\CQUPT\self_file\competition\gjsschool2026\B题\赛题主要文件夹\问题四\外部数据抓取\raw\weather_html\jma_47638_49_2025_02_91098da33a.html
jma_47638_49,49,47638,2025,2,27,2025-02-27,985.8,1020.0,1016.6,15:50,,,--,,--,7.4,16.8,15:24,-1.2,06:23,3.7,39.0,11.0,15:10,https://www.data.jma.go.jp/stats/etrn/view/daily_s1.php?block_no=47638&day=&month=02&prec_no=49&view=a1&year=2025,D:\CQUPT\self_file\competition\gjsschool2026\B题\赛题主要文件夹\问题四\外部数据抓取\raw\weather_html\jma_47638_49_2025_02_91098da33a.html
jma_47638_49,49,47638,2025,2,28,2025-02-28,985.6,1019.6,1014.5,16:11,,,--,,--,8.9,17.3,15:55,0.3,06:01,5.5,51.0,29.0,16:40,https://www.data.jma.go.jp/stats/etrn/view/daily_s1.php?block_no=47638&day=&month=02&prec_no=49&view=a1&year=2025,D:\CQUPT\self_file\competition\gjsschool2026\B题\赛题主要文件夹\问题四\外部数据抓取\raw\weather_html\jma_47638_49_2025_02_91098da33a.html
jma_47638_49,49,47638,2025,3,1,2025-03-01,985.8,1019.5,1014.8,15:52,,,--,,--,10.8,21.1,15:13,1.7,06:38,6.9,57.0,24.0,14:00,https://www.data.jma.go.jp/stats/etrn/view/daily_s1.php?block_no=47638&day=&month=03&prec_no=49&view=a1&year=2025,D:\CQUPT\self_file\competition\gjsschool2026\B题\赛题主要文件夹\问题四\外部数据抓取\raw\weather_html\jma_47638_49_2025_03_0eac0ff31c.html
jma_47638_49,49,47638,2025,3,2,2025-03-02,980.7,1014.1,1009.6,16:24,0.0,0.0,24:00,0.0,23:40,12.0,20.0,14:36,4.7,05:19,8.5,63.0,34.0,14:40,https://www.data.jma.go.jp/stats/etrn/view/daily_s1.php?block_no=47638&day=&month=03&prec_no=49&view=a1&year=2025,D:\CQUPT\self_file\competition\gjsschool2026\B题\赛题主要文件夹\问题四\外部数据抓取\raw\weather_html\jma_47638_49_2025_03_0eac0ff31c.html
jma_47638_49,49,47638,2025,3,3,2025-03-03,981.1,1015.1,1009.4,05:23,34.0,8.0,10:32,1.5,10:26,7.5,13.2,01:09,3.9,24:00,8.9,84.0,61.0,23:00,https://www.data.jma.go.jp/stats/etrn/view/daily_s1.php?block_no=47638&day=&month=03&prec_no=49&view=a1&year=2025,D:\CQUPT\self_file\competition\gjsschool2026\B题\赛题主要文件夹\问题四\外部数据抓取\raw\weather_html\jma_47638_49_2025_03_0eac0ff31c.html
jma_47638_49,49,47638,2025,3,4,2025-03-04,989.9,1024.7,1022.5,00:04,6.5,1.5,18:59,0.5,24:00,3.0,6.0,12:33,0.6,20:25,5.8,78.0,58.0,14:09,https://www.data.jma.go.jp/stats/etrn/view/daily_s1.php?block_no=47638&day=&month=03&prec_no=49&view=a1&year=2025,D:\CQUPT\self_file\competition\gjsschool2026\B题\赛题主要文件夹\问题四\外部数据抓取\raw\weather_html\jma_47638_49_2025_03_0eac0ff31c.html
jma_47638_49,49,47638,2025,3,5,2025-03-05,982.0,1016.3,1010.1,24:00,5.0,1.5,02:28,0.5,08:12,5.0,8.6,15:48,0.7,02:00,8.1,92.0,78.0,15:35,https://www.data.jma.go.jp/stats/etrn/view/daily_s1.php?block_no=47638&day=&month=03&prec_no=49&view=a1&year=2025,D:\CQUPT\self_file\competition\gjsschool2026\B题\赛题主要文件夹\问题四\外部数据抓取\raw\weather_html\jma_47638_49_2025_03_0eac0ff31c.html
jma_47638_49,49,47638,2025,3,6,2025-03-06,977.6,1011.3,1009.2,14:09,0.0,0.0,21:10,0.0,20:20,8.1,13.2,12:13,4.2,24:00,6.6,63.0,38.0,20:14,https://www.data.jma.go.jp/stats/etrn/view/daily_s1.php?block_no=47638&day=&month=03&prec_no=49&view=a1&year=2025,D:\CQUPT\self_file\competition\gjsschool2026\B题\赛题主要文件夹\问题四\外部数据抓取\raw\weather_html\jma_47638_49_2025_03_0eac0ff31c.html
jma_47638_49,49,47638,2025,3,7,2025-03-07,986.0,1020.4,1015.3,00:12,,,--,,--,5.8,11.8,13:32,2.2,24:00,3.5,40.0,19.0,13:34,https://www.data.jma.go.jp/stats/etrn/view/daily_s1.php?block_no=47638&day=&month=03&prec_no=49&view=a1&year=2025,D:\CQUPT\self_file\competition\gjsschool2026\B题\赛题主要文件夹\问题四\外部数据抓取\raw\weather_html\jma_47638_49_2025_03_0eac0ff31c.html
jma_47638_49,49,47638,2025,3,8,2025-03-08,991.4,1026.2,1023.6,15:20,0.0,0.0,24:00,0.0,24:00,4.1,7.1,13:45,1.1,01:43,5.4,65.0,46.0,10:48,https://www.data.jma.go.jp/stats/etrn/view/daily_s1.php?block_no=47638&day=&month=03&prec_no=49&view=a1&year=2025,D:\CQUPT\self_file\competition\gjsschool2026\B题\赛题主要文件夹\问题四\外部数据抓取\raw\weather_html\jma_47638_49_2025_03_0eac0ff31c.html
jma_47638_49,49,47638,2025,3,9,2025-03-09,990.6,1024.9,1022.1,15:21,0.0,0.0,02:01,0.0,01:11,7.7,14.3,14:51,2.9,07:02,5.0,52.0,19.0,17:13,https://www.data.jma.go.jp/stats/etrn/view/daily_s1.php?block_no=47638&day=&month=03&prec_no=49&view=a1&year=2025,D:\CQUPT\self_file\competition\gjsschool2026\B题\赛题主要文件夹\问题四\外部数据抓取\raw\weather_html\jma_47638_49_2025_03_0eac0ff31c.html
jma_47638_49,49,47638,2025,3,10,2025-03-10,994.5,1028.9,1024.8,16:12,,,--,,--,7.9,16.3,15:58,-0.9,06:16,5.4,53.0,14.0,15:56,https://www.data.jma.go.jp/stats/etrn/view/daily_s1.php?block_no=47638&day=&month=03&prec_no=49&view=a1&year=2025,D:\CQUPT\self_file\competition\gjsschool2026\B题\赛题主要文件夹\问题四\外部数据抓取\raw\weather_html\jma_47638_49_2025_03_0eac0ff31c.html
jma_47638_49,49,47638,2025,3,11,2025-03-11,990.3,1024.4,1021.4,23:41,0.5,0.5,18:52,0.5,18:02,9.0,11.9,13:22,6.9,06:14,9.0,79.0,61.0,12:23,https://www.data.jma.go.jp/stats/etrn/view/daily_s1.php?block_no=47638&day=&month=03&prec_no=49&view=a1&year=2025,D:\CQUPT\self_file\competition\gjsschool2026\B题\赛题主要文件夹\问题四\外部数据抓取\raw\weather_html\jma_47638_49_2025_03_0eac0ff31c.html
jma_47638_49,49,47638,2025,3,12,2025-03-12,984.5,1018.2,1013.5,23:43,1.5,1.0,17:07,0.5,17:01,10.5,14.1,13:04,8.0,07:15,11.2,88.0,61.0,12:47,https://www.data.jma.go.jp/stats/etrn/view/daily_s1.php?block_no=47638&day=&month=03&prec_no=49&view=a1&year=2025,D:\CQUPT\self_file\competition\gjsschool2026\B题\赛题主要文件夹\问题四\外部数据抓取\raw\weather_html\jma_47638_49_2025_03_0eac0ff31c.html
jma_47638_49,49,47638,2025,3,13,2025-03-13,979.6,1012.8,1009.3,14:47,0.0,0.0,10:10,0.0,09:20,13.8,20.8,15:25,9.4,06:20,10.4,68.0,39.0,18:30,https://www.data.jma.go.jp/stats/etrn/view/daily_s1.php?block_no=47638&day=&month=03&prec_no=49&view=a1&year=2025,D:\CQUPT\self_file\competition\gjsschool2026\B题\赛题主要文件夹\问题四\外部数据抓取\raw\weather_html\jma_47638_49_2025_03_0eac0ff31c.html
jma_47638_49,49,47638,2025,3,14,2025-03-14,987.3,1021.0,1016.9,14:52,,,--,,--,11.1,20.4,14:52,4.6,06:18,7.6,58.0,24.0,14:35,https://www.data.jma.go.jp/stats/etrn/view/daily_s1.php?block_no=47638&day=&month=03&prec_no=49&view=a1&year=2025,D:\CQUPT\self_file\competition\gjsschool2026\B题\赛题主要文件夹\问题四\外部数据抓取\raw\weather_html\jma_47638_49_2025_03_0eac0ff31c.html
jma_47638_49,49,47638,2025,3,15,2025-03-15,990.5,1025.0,1022.5,24:00,4.5,1.0,20:08,0.5,23:16,6.3,8.9,13:56,4.6,04:40,7.0,74.0,52.0,13:55,https://www.data.jma.go.jp/stats/etrn/view/daily_s1.php?block_no=47638&day=&month=03&prec_no=49&view=a1&year=2025,D:\CQUPT\self_file\competition\gjsschool2026\B题\赛题主要文件夹\问题四\外部数据抓取\raw\weather_html\jma_47638_49_2025_03_0eac0ff31c.html
jma_47638_49,49,47638,2025,3,16,2025-03-16,974.4,1008.3,995.8,23:52,13.0,3.0,08:38,1.0,09:43,5.6,7.3,15:09,3.5,09:11,8.6,94.0,84.0,14:15,https://www.data.jma.go.jp/stats/etrn/view/daily_s1.php?block_no=47638&day=&month=03&prec_no=49&view=a1&year=2025,D:\CQUPT\self_file\competition\gjsschool2026\B题\赛题主要文件夹\问题四\外部数据抓取\raw\weather_html\jma_47638_49_2025_03_0eac0ff31c.html
jma_47638_49,49,47638,2025,3,17,2025-03-17,968.1,1001.5,993.9,03:12,0.5,0.5,01:09,0.5,00:19,8.7,14.3,12:36,3.1,23:57,6.2,59.0,22.0,14:38,https://www.data.jma.go.jp/stats/etrn/view/daily_s1.php?block_no=47638&day=&month=03&prec_no=49&view=a1&year=2025,D:\CQUPT\self_file\competition\gjsschool2026\B题\赛题主要文件夹\问题四\外部数据抓取\raw\weather_html\jma_47638_49_2025_03_0eac0ff31c.html
jma_47638_49,49,47638,2025,3,18,2025-03-18,978.1,1012.1,1008.9,15:47,0.0,0.0,24:00,0.0,24:00,6.7,13.3,13:42,-0.5,05:49,4.9,53.0,22.0,12:08,https://www.data.jma.go.jp/stats/etrn/view/daily_s1.php?block_no=47638&day=&month=03&prec_no=49&view=a1&year=2025,D:\CQUPT\self_file\competition\gjsschool2026\B题\赛题主要文件夹\问题四\外部数据抓取\raw\weather_html\jma_47638_49_2025_03_0eac0ff31c.html
jma_47638_49,49,47638,2025,3,19,2025-03-19,976.5,1010.6,1005.3,07:21,14.0,4.0,07:09,1.0,07:08,4.8,10.9,14:18,0.3,06:41,5.6,69.0,34.0,18:00,https://www.data.jma.go.jp/stats/etrn/view/daily_s1.php?block_no=47638&day=&month=03&prec_no=49&view=a1&year=2025,D:\CQUPT\self_file\competition\gjsschool2026\B题\赛题主要文件夹\问题四\外部数据抓取\raw\weather_html\jma_47638_49_2025_03_0eac0ff31c.html
jma_47638_49,49,47638,2025,3,20,2025-03-20,983.1,1017.4,1013.0,16:18,,,--,,--,6.1,13.1,15:22,-1.0,04:42,5.4,60.0,31.0,13:55,https://www.data.jma.go.jp/stats/etrn/view/daily_s1.php?block_no=47638&day=&month=03&prec_no=49&view=a1&year=2025,D:\CQUPT\self_file\competition\gjsschool2026\B题\赛题主要文件夹\问题四\外部数据抓取\raw\weather_html\jma_47638_49_2025_03_0eac0ff31c.html
jma_47638_49,49,47638,2025,3,21,2025-03-21,978.8,1012.4,1006.5,15:52,,,--,,--,9.6,19.5,15:07,0.9,06:08,5.3,50.0,17.0,15:10,https://www.data.jma.go.jp/stats/etrn/view/daily_s1.php?block_no=47638&day=&month=03&prec_no=49&view=a1&year=2025,D:\CQUPT\self_file\competition\gjsschool2026\B题\赛题主要文件夹\问题四\外部数据抓取\raw\weather_html\jma_47638_49_2025_03_0eac0ff31c.html
jma_47638_49,49,47638,2025,3,22,2025-03-22,974.3,1007.4,1001.5,15:27,,,--,,--,12.7,23.4,15:02,2.8,06:11,5.8,44.0,17.0,15:27,https://www.data.jma.go.jp/stats/etrn/view/daily_s1.php?block_no=47638&day=&month=03&prec_no=49&view=a1&year=2025,D:\CQUPT\self_file\competition\gjsschool2026\B题\赛题主要文件夹\问题四\外部数据抓取\raw\weather_html\jma_47638_49_2025_03_0eac0ff31c.html
jma_47638_49,49,47638,2025,3,23,2025-03-23,974.1,1006.8,1002.5,13:33,,,--,,--,15.7,25.8,13:35,5.7,05:40,6.5,42.0,15.0,14:26,https://www.data.jma.go.jp/stats/etrn/view/daily_s1.php?block_no=47638&day=&month=03&prec_no=49&view=a1&year=2025,D:\CQUPT\self_file\competition\gjsschool2026\B题\赛题主要文件夹\问题四\外部数据抓取\raw\weather_html\jma_47638_49_2025_03_0eac0ff31c.html
jma_47638_49,49,47638,2025,3,24,2025-03-24,976.8,1009.9,1005.2,18:15,0.5,0.5,21:21,0.5,20:31,13.1,19.5,15:06,7.7,04:56,9.5,64.0,44.0,14:55,https://www.data.jma.go.jp/stats/etrn/view/daily_s1.php?block_no=47638&day=&month=03&prec_no=49&view=a1&year=2025,D:\CQUPT\self_file\competition\gjsschool2026\B题\赛题主要文件夹\问题四\外部数据抓取\raw\weather_html\jma_47638_49_2025_03_0eac0ff31c.html
jma_47638_49,49,47638,2025,3,25,2025-03-25,971.5,1004.1,1000.3,15:48,0.0,0.0,03:42,0.0,02:52,15.2,24.5,15:23,6.8,06:02,10.1,63.0,29.0,14:28,https://www.data.jma.go.jp/stats/etrn/view/daily_s1.php?block_no=47638&day=&month=03&prec_no=49&view=a1&year=2025,D:\CQUPT\self_file\competition\gjsschool2026\B题\赛题主要文件夹\问题四\外部数据抓取\raw\weather_html\jma_47638_49_2025_03_0eac0ff31c.html
jma_47638_49,49,47638,2025,3,26,2025-03-26,971.0,1003.1,999.2,07:53,,,--,,--,19.2,26.2,12:44,11.0,03:20,5.2,28.0,5.0,18:48,https://www.data.jma.go.jp/stats/etrn/view/daily_s1.php?block_no=47638&day=&month=03&prec_no=49&view=a1&year=2025,D:\CQUPT\self_file\competition\gjsschool2026\B题\赛题主要文件夹\问题四\外部数据抓取\raw\weather_html\jma_47638_49_2025_03_0eac0ff31c.html
jma_47638_49,49,47638,2025,3,27,2025-03-27,974.7,1007.2,1001.8,16:12,0.0,0.0,24:00,0.0,23:21,17.7,26.4,14:50,8.2,06:01,10.1,48.0,30.0,13:25,https://www.data.jma.go.jp/stats/etrn/view/daily_s1.php?block_no=47638&day=&month=03&prec_no=49&view=a1&year=2025,D:\CQUPT\self_file\competition\gjsschool2026\B题\赛题主要文件夹\问题四\外部数据抓取\raw\weather_html\jma_47638_49_2025_03_0eac0ff31c.html
jma_47638_49,49,47638,2025,3,28,2025-03-28,966.5,998.4,993.6,14:11,1.0,1.0,06:36,0.5,06:19,20.3,26.8,14:19,12.9,23:52,15.6,66.0,42.0,17:32,https://www.data.jma.go.jp/stats/etrn/view/daily_s1.php?block_no=47638&day=&month=03&prec_no=49&view=a1&year=2025,D:\CQUPT\self_file\competition\gjsschool2026\B题\赛题主要文件夹\问题四\外部数据抓取\raw\weather_html\jma_47638_49_2025_03_0eac0ff31c.html
jma_47638_49,49,47638,2025,3,29,2025-03-29,980.4,1014.3,1005.0,00:08,14.5,2.5,11:00,1.0,07:03,7.4,13.1,00:10,4.7,24:00,8.5,83.0,58.0,01:14,https://www.data.jma.go.jp/stats/etrn/view/daily_s1.php?block_no=47638&day=&month=03&prec_no=49&view=a1&year=2025,D:\CQUPT\self_file\competition\gjsschool2026\B题\赛题主要文件夹\问题四\外部数据抓取\raw\weather_html\jma_47638_49_2025_03_0eac0ff31c.html
jma_47638_49,49,47638,2025,3,30,2025-03-30,984.4,1018.4,1013.5,15:07,0.0,0.5,00:08,0.0,02:15,8.4,15.5,14:45,3.9,05:28,6.4,61.0,28.0,14:47,https://www.data.jma.go.jp/stats/etrn/view/daily_s1.php?block_no=47638&day=&month=03&prec_no=49&view=a1&year=2025,D:\CQUPT\self_file\competition\gjsschool2026\B题\赛题主要文件夹\问题四\外部数据抓取\raw\weather_html\jma_47638_49_2025_03_0eac0ff31c.html
jma_47638_49,49,47638,2025,3,31,2025-03-31,991.1,1025.5,1022.3,00:06,1.5,1.0,22:54,0.5,22:58,7.0,11.0,14:01,4.4,06:55,6.1,61.0,42.0,11:49,https://www.data.jma.go.jp/stats/etrn/view/daily_s1.php?block_no=47638&day=&month=03&prec_no=49&view=a1&year=2025,D:\CQUPT\self_file\competition\gjsschool2026\B题\赛题主要文件夹\问题四\外部数据抓取\raw\weather_html\jma_47638_49_2025_03_0eac0ff31c.html
jma_47638_49,49,47638,2025,4,1,2025-04-01,991.5,1025.9,1022.0,24:00,5.0,1.0,13:12,0.5,13:14,6.5,8.1,17:40,4.9,06:42,8.7,90.0,83.0,02:39,https://www.data.jma.go.jp/stats/etrn/view/daily_s1.php?block_no=47638&day=&month=04&prec_no=49&view=a1&year=2025,D:\CQUPT\self_file\competition\gjsschool2026\B题\赛题主要文件夹\问题四\外部数据抓取\raw\weather_html\jma_47638_49_2025_04_853869659b.html
jma_47638_49,49,47638,2025,4,2,2025-04-02,981.5,1015.0,1010.2,15:02,6.0,2.5,18:32,1.0,17:49,11.6,19.5,14:54,7.3,06:14,10.9,82.0,49.0,15:11,https://www.data.jma.go.jp/stats/etrn/view/daily_s1.php?block_no=47638&day=&month=04&prec_no=49&view=a1&year=2025,D:\CQUPT\self_file\competition\gjsschool2026\B题\赛题主要文件夹\问题四\外部数据抓取\raw\weather_html\jma_47638_49_2025_04_853869659b.html
jma_47638_49,49,47638,2025,4,3,2025-04-03,978.6,1012.1,1009.5,16:28,6.0,2.0,12:55,1.0,11:14,10.0,14.0,15:38,5.9,23:49,10.2,83.0,57.0,18:27,https://www.data.jma.go.jp/stats/etrn/view/daily_s1.php?block_no=47638&day=&month=04&prec_no=49&view=a1&year=2025,D:\CQUPT\self_file\competition\gjsschool2026\B题\赛题主要文件夹\问题四\外部数据抓取\raw\weather_html\jma_47638_49_2025_04_853869659b.html
jma_47638_49,49,47638,2025,4,4,2025-04-04,981.2,1014.8,1010.9,15:03,,,--,,--,10.4,17.8,14:23,3.6,05:54,6.2,54.0,20.0,15:00,https://www.data.jma.go.jp/stats/etrn/view/daily_s1.php?block_no=47638&day=&month=04&prec_no=49&view=a1&year=2025,D:\CQUPT\self_file\competition\gjsschool2026\B题\赛题主要文件夹\问题四\外部数据抓取\raw\weather_html\jma_47638_49_2025_04_853869659b.html
jma_47638_49,49,47638,2025,4,5,2025-04-05,985.3,1019.1,1015.6,16:03,0.0,0.0,22:40,0.0,21:50,10.7,17.5,13:44,2.6,05:46,6.7,53.0,33.0,14:17,https://www.data.jma.go.jp/stats/etrn/view/daily_s1.php?block_no=47638&day=&month=04&prec_no=49&view=a1&year=2025,D:\CQUPT\self_file\competition\gjsschool2026\B题\赛题主要文件夹\问题四\外部数据抓取\raw\weather_html\jma_47638_49_2025_04_853869659b.html
jma_47638_49,49,47638,2025,4,6,2025-04-06,982.0,1015.3,1011.4,16:49,0.0,0.0,24:00,0.0,24:00,12.9,19.0,14:48,7.1,05:38,9.8,67.0,47.0,14:32,https://www.data.jma.go.jp/stats/etrn/view/daily_s1.php?block_no=47638&day=&month=04&prec_no=49&view=a1&year=2025,D:\CQUPT\self_file\competition\gjsschool2026\B题\赛题主要文件夹\问题四\外部数据抓取\raw\weather_html\jma_47638_49_2025_04_853869659b.html
jma_47638_49,49,47638,2025,4,7,2025-04-07,979.7,1012.8,1008.9,13:20,0.0,0.0,02:58,0.0,02:08,13.9,20.9,13:33,7.9,05:25,7.5,51.0,19.0,16:10,https://www.data.jma.go.jp/stats/etrn/view/daily_s1.php?block_no=47638&day=&month=04&prec_no=49&view=a1&year=2025,D:\CQUPT\self_file\competition\gjsschool2026\B题\赛题主要文件夹\问题四\外部数据抓取\raw\weather_html\jma_47638_49_2025_04_853869659b.html
jma_47638_49,49,47638,2025,4,8,2025-04-08,978.5,1011.6,1005.2,15:30,0.0,0.0,23:24,0.0,22:34,13.6,22.5,14:52,5.0,05:39,7.2,48.0,24.0,12:20,https://www.data.jma.go.jp/stats/etrn/view/daily_s1.php?block_no=47638&day=&month=04&prec_no=49&view=a1&year=2025,D:\CQUPT\self_file\competition\gjsschool2026\B题\赛题主要文件夹\问题四\外部数据抓取\raw\weather_html\jma_47638_49_2025_04_853869659b.html
jma_47638_49,49,47638,2025,4,9,2025-04-09,976.6,1009.2,1006.0,15:21,,,--,,--,16.9,24.7,14:02,10.5,04:50,6.2,34.0,11.0,14:03,https://www.data.jma.go.jp/stats/etrn/view/daily_s1.php?block_no=47638&day=&month=04&prec_no=49&view=a1&year=2025,D:\CQUPT\self_file\competition\gjsschool2026\B题\赛题主要文件夹\问题四\外部数据抓取\raw\weather_html\jma_47638_49_2025_04_853869659b.html
jma_47638_49,49,47638,2025,4,10,2025-04-10,977.7,1010.6,1006.0,17:09,5.5,3.5,20:55,1.0,20:42,14.8,20.5,15:12,8.7,05:39,10.5,64.0,39.0,12:05,https://www.data.jma.go.jp/stats/etrn/view/daily_s1.php?block_no=47638&day=&month=04&prec_no=49&view=a1&year=2025,D:\CQUPT\self_file\competition\gjsschool2026\B题\赛题主要文件夹\问题四\外部数据抓取\raw\weather_html\jma_47638_49_2025_04_853869659b.html
jma_47638_49,49,47638,2025,4,11,2025-04-11,975.0,1007.7,1003.8,16:00,0.0,0.5,00:03,0.0,21:44,15.6,21.2,16:18,11.6,05:42,12.6,74.0,36.0,16:10,https://www.data.jma.go.jp/stats/etrn/view/daily_s1.php?block_no=47638&day=&month=04&prec_no=49&view=a1&year=2025,D:\CQUPT\self_file\competition\gjsschool2026\B题\赛题主要文件夹\问题四\外部数据抓取\raw\weather_html\jma_47638_49_2025_04_853869659b.html
jma_47638_49,49,47638,2025,4,12,2025-04-12,979.3,1012.1,1008.3,14:31,,,--,,--,16.2,24.3,14:19,9.2,05:26,11.2,65.0,22.0,14:21,https://www.data.jma.go.jp/stats/etrn/view/daily_s1.php?block_no=47638&day=&month=04&prec_no=49&view=a1&year=2025,D:\CQUPT\self_file\competition\gjsschool2026\B题\赛题主要文件夹\问题四\外部数据抓取\raw\weather_html\jma_47638_49_2025_04_853869659b.html
jma_47638_49,49,47638,2025,4,13,2025-04-13,975.6,1008.6,1003.6,23:53,18.5,4.5,14:32,1.0,15:01,13.3,15.5,00:08,12.3,22:09,13.9,91.0,74.0,00:19,https://www.data.jma.go.jp/stats/etrn/view/daily_s1.php?block_no=47638&day=&month=04&prec_no=49&view=a1&year=2025,D:\CQUPT\self_file\competition\gjsschool2026\B题\赛题主要文件夹\问题四\外部数据抓取\raw\weather_html\jma_47638_49_2025_04_853869659b.html
jma_47638_49,49,47638,2025,4,14,2025-04-14,966.8,999.2,995.5,15:01,2.5,1.5,01:00,0.5,02:20,15.8,22.5,13:39,11.6,24:00,12.0,69.0,40.0,16:15,https://www.data.jma.go.jp/stats/etrn/view/daily_s1.php?block_no=47638&day=&month=04&prec_no=49&view=a1&year=2025,D:\CQUPT\self_file\competition\gjsschool2026\B题\赛题主要文件夹\问题四\外部数据抓取\raw\weather_html\jma_47638_49_2025_04_853869659b.html
jma_47638_49,49,47638,2025,4,15,2025-04-15,962.0,994.6,989.0,14:16,0.0,0.0,19:24,0.0,18:34,12.9,19.6,11:21,9.0,05:39,7.4,51.0,17.0,14:21,https://www.data.jma.go.jp/stats/etrn/view/daily_s1.php?block_no=47638&day=&month=04&prec_no=49&view=a1&year=2025,D:\CQUPT\self_file\competition\gjsschool2026\B题\赛题主要文件夹\问题四\外部数据抓取\raw\weather_html\jma_47638_49_2025_04_853869659b.html
jma_47638_49,49,47638,2025,4,16,2025-04-16,972.6,1005.5,999.7,00:03,,,--,,--,13.4,20.1,15:00,5.9,04:44,5.1,35.0,19.0,14:07,https://www.data.jma.go.jp/stats/etrn/view/daily_s1.php?block_no=47638&day=&month=04&prec_no=49&view=a1&year=2025,D:\CQUPT\self_file\competition\gjsschool2026\B题\赛题主要文件夹\问题四\外部数据抓取\raw\weather_html\jma_47638_49_2025_04_853869659b.html
jma_47638_49,49,47638,2025,4,17,2025-04-17,979.9,1012.7,1007.9,16:07,,,--,,--,16.3,27.7,14:50,6.7,05:50,9.0,50.0,22.0,14:03,https://www.data.jma.go.jp/stats/etrn/view/daily_s1.php?block_no=47638&day=&month=04&prec_no=49&view=a1&year=2025,D:\CQUPT\self_file\competition\gjsschool2026\B题\赛题主要文件夹\问题四\外部数据抓取\raw\weather_html\jma_47638_49_2025_04_853869659b.html
jma_47638_49,49,47638,2025,4,18,2025-04-18,981.2,1013.9,1009.7,16:28,,,--,,--,17.8,25.3,14:59,11.5,04:36,14.0,70.0,38.0,15:15,https://www.data.jma.go.jp/stats/etrn/view/daily_s1.php?block_no=47638&day=&month=04&prec_no=49&view=a1&year=2025,D:\CQUPT\self_file\competition\gjsschool2026\B题\赛题主要文件夹\问题四\外部数据抓取\raw\weather_html\jma_47638_49_2025_04_853869659b.html
jma_47638_49,49,47638,2025,4,19,2025-04-19,980.5,1012.7,1009.2,15:55,,,--,,--,21.3,30.6,13:37,14.6,02:51,14.8,63.0,29.0,14:33,https://www.data.jma.go.jp/stats/etrn/view/daily_s1.php?block_no=47638&day=&month=04&prec_no=49&view=a1&year=2025,D:\CQUPT\self_file\competition\gjsschool2026\B题\赛题主要文件夹\问题四\外部数据抓取\raw\weather_html\jma_47638_49_2025_04_853869659b.html
jma_47638_49,49,47638,2025,4,20,2025-04-20,979.3,1011.6,1008.9,17:32,,,--,,--,19.5,24.3,14:54,16.2,05:02,16.3,73.0,52.0,15:27,https://www.data.jma.go.jp/stats/etrn/view/daily_s1.php?block_no=47638&day=&month=04&prec_no=49&view=a1&year=2025,D:\CQUPT\self_file\competition\gjsschool2026\B题\赛题主要文件夹\问题四\外部数据抓取\raw\weather_html\jma_47638_49_2025_04_853869659b.html
jma_47638_49,49,47638,2025,4,21,2025-04-21,981.2,1013.6,1009.2,15:11,,,--,,--,20.1,29.5,15:28,13.6,05:19,11.5,57.0,7.0,16:51,https://www.data.jma.go.jp/stats/etrn/view/daily_s1.php?block_no=47638&day=&month=04&prec_no=49&view=a1&year=2025,D:\CQUPT\self_file\competition\gjsschool2026\B题\赛题主要文件夹\问题四\外部数据抓取\raw\weather_html\jma_47638_49_2025_04_853869659b.html
jma_47638_49,49,47638,2025,4,22,2025-04-22,982.2,1014.9,1010.8,24:00,,,--,,--,18.0,23.7,14:37,13.4,01:26,12.9,63.0,46.0,14:11,https://www.data.jma.go.jp/stats/etrn/view/daily_s1.php?block_no=47638&day=&month=04&prec_no=49&view=a1&year=2025,D:\CQUPT\self_file\competition\gjsschool2026\B题\赛题主要文件夹\问题四\外部数据抓取\raw\weather_html\jma_47638_49_2025_04_853869659b.html
jma_47638_49,49,47638,2025,4,23,2025-04-23,971.0,1003.2,999.2,17:14,1.0,0.5,11:05,0.5,10:15,18.8,22.5,15:47,15.7,06:03,17.8,82.0,65.0,15:48,https://www.data.jma.go.jp/stats/etrn/view/daily_s1.php?block_no=47638&day=&month=04&prec_no=49&view=a1&year=2025,D:\CQUPT\self_file\competition\gjsschool2026\B题\赛题主要文件夹\问题四\外部数据抓取\raw\weather_html\jma_47638_49_2025_04_853869659b.html
jma_47638_49,49,47638,2025,4,24,2025-04-24,970.4,1002.4,1000.2,01:27,0.0,0.0,10:58,0.0,10:08,20.6,26.1,13:11,18.0,21:51,18.5,77.0,58.0,14:00,https://www.data.jma.go.jp/stats/etrn/view/daily_s1.php?block_no=47638&day=&month=04&prec_no=49&view=a1&year=2025,D:\CQUPT\self_file\competition\gjsschool2026\B题\赛题主要文件夹\问题四\外部数据抓取\raw\weather_html\jma_47638_49_2025_04_853869659b.html
jma_47638_49,49,47638,2025,4,25,2025-04-25,972.7,1004.8,1000.5,15:27,,,--,,--,20.2,27.6,14:34,14.4,24:00,12.8,57.0,17.0,16:54,https://www.data.jma.go.jp/stats/etrn/view/daily_s1.php?block_no=47638&day=&month=04&prec_no=49&view=a1&year=2025,D:\CQUPT\self_file\competition\gjsschool2026\B题\赛题主要文件夹\问题四\外部数据抓取\raw\weather_html\jma_47638_49_2025_04_853869659b.html
jma_47638_49,49,47638,2025,4,26,2025-04-26,979.6,1012.5,1009.0,15:53,,,--,,--,15.5,21.4,13:59,10.9,23:19,9.7,56.0,19.0,21:35,https://www.data.jma.go.jp/stats/etrn/view/daily_s1.php?block_no=47638&day=&month=04&prec_no=49&view=a1&year=2025,D:\CQUPT\self_file\competition\gjsschool2026\B题\赛题主要文件夹\问题四\外部数据抓取\raw\weather_html\jma_47638_49_2025_04_853869659b.html
jma_47638_49,49,47638,2025,4,27,2025-04-27,982.3,1015.2,1010.0,16:12,,,--,,--,15.9,25.6,14:46,5.6,05:00,8.3,47.0,17.0,09:54,https://www.data.jma.go.jp/stats/etrn/view/daily_s1.php?block_no=47638&day=&month=04&prec_no=49&view=a1&year=2025,D:\CQUPT\self_file\competition\gjsschool2026\B题\赛题主要文件夹\问题四\外部数据抓取\raw\weather_html\jma_47638_49_2025_04_853869659b.html
jma_47638_49,49,47638,2025,4,28,2025-04-28,975.8,1008.6,1002.1,23:22,9.0,2.5,19:19,0.5,22:56,15.5,22.4,13:26,11.9,23:45,12.4,73.0,39.0,13:40,https://www.data.jma.go.jp/stats/etrn/view/daily_s1.php?block_no=47638&day=&month=04&prec_no=49&view=a1&year=2025,D:\CQUPT\self_file\competition\gjsschool2026\B题\赛题主要文件夹\问题四\外部数据抓取\raw\weather_html\jma_47638_49_2025_04_853869659b.html
jma_47638_49,49,47638,2025,4,29,2025-04-29,970.6,1003.1,999.9,10:42,,0.0,00:02,,--,15.5,21.8,14:48,9.7,03:55,7.1,47.0,13.0,17:22,https://www.data.jma.go.jp/stats/etrn/view/daily_s1.php?block_no=47638&day=&month=04&prec_no=49&view=a1&year=2025,D:\CQUPT\self_file\competition\gjsschool2026\B题\赛题主要文件夹\问题四\外部数据抓取\raw\weather_html\jma_47638_49_2025_04_853869659b.html
jma_47638_49,49,47638,2025,4,30,2025-04-30,982.9,1015.9,1011.7,15:27,,,--,,--,15.6,27.0,14:43,5.4,05:25,7.6,46.0,15.0,14:32,https://www.data.jma.go.jp/stats/etrn/view/daily_s1.php?block_no=47638&day=&month=04&prec_no=49&view=a1&year=2025,D:\CQUPT\self_file\competition\gjsschool2026\B题\赛题主要文件夹\问题四\外部数据抓取\raw\weather_html\jma_47638_49_2025_04_853869659b.html
jma_47638_49,49,47638,2025,5,1,2025-05-01,987.1,1019.9,1016.5,15:53,,,--,,--,17.6,25.3,12:47,10.0,05:13,10.7,57.0,27.0,15:47,https://www.data.jma.go.jp/stats/etrn/view/daily_s1.php?block_no=47638&day=&month=05&prec_no=49&view=a1&year=2025,D:\CQUPT\self_file\competition\gjsschool2026\B题\赛题主要文件夹\问题四\外部数据抓取\raw\weather_html\jma_47638_49_2025_05_77885bf788.html
jma_47638_49,49,47638,2025,5,2,2025-05-02,976.3,1009.2,1002.9,16:12,32.5,6.5,15:53,1.5,17:39,14.4,17.5,10:37,10.5,23:50,13.1,80.0,62.0,06:45,https://www.data.jma.go.jp/stats/etrn/view/daily_s1.php?block_no=47638&day=&month=05&prec_no=49&view=a1&year=2025,D:\CQUPT\self_file\competition\gjsschool2026\B题\赛题主要文件夹\问题四\外部数据抓取\raw\weather_html\jma_47638_49_2025_05_77885bf788.html
jma_47638_49,49,47638,2025,5,3,2025-05-03,973.1,1005.6,1001.8,16:13,,,--,,--,16.4,25.3,14:52,8.5,05:19,12.3,69.0,38.0,14:14,https://www.data.jma.go.jp/stats/etrn/view/daily_s1.php?block_no=47638&day=&month=05&prec_no=49&view=a1&year=2025,D:\CQUPT\self_file\competition\gjsschool2026\B题\赛题主要文件夹\问题四\外部数据抓取\raw\weather_html\jma_47638_49_2025_05_77885bf788.html
jma_47638_49,49,47638,2025,5,4,2025-05-04,971.4,1003.5,998.6,14:31,0.0,0.0,05:18,0.0,04:28,19.8,28.6,13:56,13.6,04:48,9.4,46.0,12.0,15:00,https://www.data.jma.go.jp/stats/etrn/view/daily_s1.php?block_no=47638&day=&month=05&prec_no=49&view=a1&year=2025,D:\CQUPT\self_file\competition\gjsschool2026\B题\赛题主要文件夹\问题四\外部数据抓取\raw\weather_html\jma_47638_49_2025_05_77885bf788.html
jma_47638_49,49,47638,2025,5,5,2025-05-05,979.2,1011.9,1008.4,15:03,,,--,,--,17.1,24.8,14:08,9.3,05:20,7.4,38.0,16.0,12:12,https://www.data.jma.go.jp/stats/etrn/view/daily_s1.php?block_no=47638&day=&month=05&prec_no=49&view=a1&year=2025,D:\CQUPT\self_file\competition\gjsschool2026\B题\赛题主要文件夹\问题四\外部数据抓取\raw\weather_html\jma_47638_49_2025_05_77885bf788.html
jma_47638_49,49,47638,2025,5,6,2025-05-06,974.2,1007.1,999.6,23:42,18.0,4.0,09:21,1.0,14:03,13.8,16.1,00:07,12.4,09:54,13.4,86.0,54.0,00:10,https://www.data.jma.go.jp/stats/etrn/view/daily_s1.php?block_no=47638&day=&month=05&prec_no=49&view=a1&year=2025,D:\CQUPT\self_file\competition\gjsschool2026\B题\赛题主要文件夹\问题四\外部数据抓取\raw\weather_html\jma_47638_49_2025_05_77885bf788.html
jma_47638_49,49,47638,2025,5,7,2025-05-07,973.3,1005.7,998.4,03:32,1.5,,02:04 ),,02:00 ),17.7,24.6,14:06,12.3,05:12,12.8,68.0,32.0,14:35,https://www.data.jma.go.jp/stats/etrn/view/daily_s1.php?block_no=47638&day=&month=05&prec_no=49&view=a1&year=2025,D:\CQUPT\self_file\competition\gjsschool2026\B题\赛题主要文件夹\问题四\外部数据抓取\raw\weather_html\jma_47638_49_2025_05_77885bf788.html
jma_47638_49,49,47638,2025,5,8,2025-05-08,987.0,1019.9,1015.2,00:16,,,--,,--,17.9,24.6,14:10,13.1,05:40,11.5,58.0,35.0,13:30,https://www.data.jma.go.jp/stats/etrn/view/daily_s1.php?block_no=47638&day=&month=05&prec_no=49&view=a1&year=2025,D:\CQUPT\self_file\competition\gjsschool2026\B题\赛题主要文件夹\问题四\外部数据抓取\raw\weather_html\jma_47638_49_2025_05_77885bf788.html
jma_47638_49,49,47638,2025,5,9,2025-05-09,988.6,1021.6,1015.6,24:00,4.5,2.0,22:14,1.0,21:24,16.9,23.4,14:14,13.3,05:05,12.6,68.0,39.0,13:59,https://www.data.jma.go.jp/stats/etrn/view/daily_s1.php?block_no=47638&day=&month=05&prec_no=49&view=a1&year=2025,D:\CQUPT\self_file\competition\gjsschool2026\B题\赛题主要文件夹\问题四\外部数据抓取\raw\weather_html\jma_47638_49_2025_05_77885bf788.html
jma_47638_49,49,47638,2025,5,10,2025-05-10,969.9,1002.1,995.6,17:13,3.0,1.5,02:45,0.5,08:26,19.0,26.0,16:32,13.6,01:39,17.9,82.0,54.0,23:44,https://www.data.jma.go.jp/stats/etrn/view/daily_s1.php?block_no=47638&day=&month=05&prec_no=49&view=a1&year=2025,D:\CQUPT\self_file\competition\gjsschool2026\B题\赛题主要文件夹\问题四\外部数据抓取\raw\weather_html\jma_47638_49_2025_05_77885bf788.html
jma_47638_49,49,47638,2025,5,11,2025-05-11,969.1,1001.1,997.0,01:16,0.0,0.0,24:00,0.0,24:00,20.3,27.7,13:20,14.2,05:04,13.7,60.0,28.0,11:45,https://www.data.jma.go.jp/stats/etrn/view/daily_s1.php?block_no=47638&day=&month=05&prec_no=49&view=a1&year=2025,D:\CQUPT\self_file\competition\gjsschool2026\B题\赛题主要文件夹\问题四\外部数据抓取\raw\weather_html\jma_47638_49_2025_05_77885bf788.html
jma_47638_49,49,47638,2025,5,12,2025-05-12,974.7,1007.1,1004.0,14:26,1.0,1.0,03:21,0.5,03:21,18.2,24.5,13:57,15.3,05:14,15.8,77.0,46.0,13:42,https://www.data.jma.go.jp/stats/etrn/view/daily_s1.php?block_no=47638&day=&month=05&prec_no=49&view=a1&year=2025,D:\CQUPT\self_file\competition\gjsschool2026\B题\赛题主要文件夹\问题四\外部数据抓取\raw\weather_html\jma_47638_49_2025_05_77885bf788.html
jma_47638_49,49,47638,2025,5,13,2025-05-13,983.7,1016.1,1011.9,00:18,,,--,,--,20.1,27.8,14:33,14.3,05:19,14.2,63.0,31.0,12:39,https://www.data.jma.go.jp/stats/etrn/view/daily_s1.php?block_no=47638&day=&month=05&prec_no=49&view=a1&year=2025,D:\CQUPT\self_file\competition\gjsschool2026\B题\赛题主要文件夹\问题四\外部数据抓取\raw\weather_html\jma_47638_49_2025_05_77885bf788.html
jma_47638_49,49,47638,2025,5,14,2025-05-14,987.4,1020.0,1016.3,16:48,,,--,,--,20.0,27.4,15:02,14.5,04:39,14.9,66.0,38.0,14:24,https://www.data.jma.go.jp/stats/etrn/view/daily_s1.php?block_no=47638&day=&month=05&prec_no=49&view=a1&year=2025,D:\CQUPT\self_file\competition\gjsschool2026\B题\赛题主要文件夹\问题四\外部数据抓取\raw\weather_html\jma_47638_49_2025_05_77885bf788.html
jma_47638_49,49,47638,2025,5,15,2025-05-15,987.6,1020.2,1016.5,15:23,,,--,,--,19.8,26.9,14:24,13.6,04:34,14.2,64.0,36.0,14:29,https://www.data.jma.go.jp/stats/etrn/view/daily_s1.php?block_no=47638&day=&month=05&prec_no=49&view=a1&year=2025,D:\CQUPT\self_file\competition\gjsschool2026\B题\赛题主要文件夹\问题四\外部数据抓取\raw\weather_html\jma_47638_49_2025_05_77885bf788.html
jma_47638_49,49,47638,2025,5,16,2025-05-16,987.3,1019.8,1016.1,15:53,0.0,0.0,20:26,0.0,19:36,20.6,26.2,14:34,16.2,04:53,15.7,65.0,47.0,13:15,https://www.data.jma.go.jp/stats/etrn/view/daily_s1.php?block_no=47638&day=&month=05&prec_no=49&view=a1&year=2025,D:\CQUPT\self_file\competition\gjsschool2026\B题\赛题主要文件夹\问题四\外部数据抓取\raw\weather_html\jma_47638_49_2025_05_77885bf788.html
jma_47638_49,49,47638,2025,5,17,2025-05-17,978.5,1011.0,1005.2,16:48,15.5,5.0,11:38,1.5,10:48,18.8,22.3,16:46,16.5,06:10,19.6,90.0,73.0,00:52,https://www.data.jma.go.jp/stats/etrn/view/daily_s1.php?block_no=47638&day=&month=05&prec_no=49&view=a1&year=2025,D:\CQUPT\self_file\competition\gjsschool2026\B题\赛题主要文件夹\问题四\外部数据抓取\raw\weather_html\jma_47638_49_2025_05_77885bf788.html
jma_47638_49,49,47638,2025,5,18,2025-05-18,973.9,1005.7,1003.2,14:58,,,--,,--,22.9,28.0,14:11,19.3,03:12,22.3,81.0,61.0,15:09,https://www.data.jma.go.jp/stats/etrn/view/daily_s1.php?block_no=47638&day=&month=05&prec_no=49&view=a1&year=2025,D:\CQUPT\self_file\competition\gjsschool2026\B题\赛题主要文件夹\问题四\外部数据抓取\raw\weather_html\jma_47638_49_2025_05_77885bf788.html
jma_47638_49,49,47638,2025,5,19,2025-05-19,976.5,1008.5,1006.0,01:30,,,--,,--,21.7,26.7,13:29,17.3,24:00,18.4,72.0,48.0,15:22,https://www.data.jma.go.jp/stats/etrn/view/daily_s1.php?block_no=47638&day=&month=05&prec_no=49&view=a1&year=2025,D:\CQUPT\self_file\competition\gjsschool2026\B题\赛题主要文件夹\问题四\外部数据抓取\raw\weather_html\jma_47638_49_2025_05_77885bf788.html
jma_47638_49,49,47638,2025,5,20,2025-05-20,978.4,1010.5,1006.0,15:48,,,--,,--,22.1,31.3,13:57,14.8,03:24,17.8,68.0,39.0,13:48,https://www.data.jma.go.jp/stats/etrn/view/daily_s1.php?block_no=47638&day=&month=05&prec_no=49&view=a1&year=2025,D:\CQUPT\self_file\competition\gjsschool2026\B题\赛题主要文件夹\问题四\外部数据抓取\raw\weather_html\jma_47638_49_2025_05_77885bf788.html
jma_47638_49,49,47638,2025,5,21,2025-05-21,977.9,1009.7,1006.0,24:00,,,--,,--,23.9,31.6,13:32,17.8,04:51,21.0,73.0,40.0,12:09,https://www.data.jma.go.jp/stats/etrn/view/daily_s1.php?block_no=47638&day=&month=05&prec_no=49&view=a1&year=2025,D:\CQUPT\self_file\competition\gjsschool2026\B题\赛题主要文件夹\问题四\外部数据抓取\raw\weather_html\jma_47638_49_2025_05_77885bf788.html
jma_47638_49,49,47638,2025,5,22,2025-05-22,970.1,1001.6,998.5,17:00,0.0,0.0,06:25,0.0,05:35,24.5,30.5,12:59,20.9,05:15,21.3,71.0,39.0,13:12,https://www.data.jma.go.jp/stats/etrn/view/daily_s1.php?block_no=47638&day=&month=05&prec_no=49&view=a1&year=2025,D:\CQUPT\self_file\competition\gjsschool2026\B题\赛题主要文件夹\问题四\外部数据抓取\raw\weather_html\jma_47638_49_2025_05_77885bf788.html
jma_47638_49,49,47638,2025,5,23,2025-05-23,978.3,1010.5,1003.4,00:11,0.0,0.0,08:50,0.0,08:00,20.2,23.1,14:47,18.3,07:41,13.9,59.0,42.0,24:00,https://www.data.jma.go.jp/stats/etrn/view/daily_s1.php?block_no=47638&day=&month=05&prec_no=49&view=a1&year=2025,D:\CQUPT\self_file\competition\gjsschool2026\B题\赛题主要文件夹\问题四\外部数据抓取\raw\weather_html\jma_47638_49_2025_05_77885bf788.html
jma_47638_49,49,47638,2025,5,24,2025-05-24,980.3,1012.9,1008.8,24:00,10.5,3.0,23:55,1.0,23:34,18.6,22.6,14:17,15.1,24:00,12.8,61.0,40.0,00:57,https://www.data.jma.go.jp/stats/etrn/view/daily_s1.php?block_no=47638&day=&month=05&prec_no=49&view=a1&year=2025,D:\CQUPT\self_file\competition\gjsschool2026\B题\赛题主要文件夹\问题四\外部数据抓取\raw\weather_html\jma_47638_49_2025_05_77885bf788.html
jma_47638_49,49,47638,2025,5,25,2025-05-25,971.1,1003.1,999.1,13:36,22.5,9.0,03:02,2.0,03:07,20.7,27.2,17:26,14.8,03:21,18.0,75.0,46.0,19:16,https://www.data.jma.go.jp/stats/etrn/view/daily_s1.php?block_no=47638&day=&month=05&prec_no=49&view=a1&year=2025,D:\CQUPT\self_file\competition\gjsschool2026\B题\赛题主要文件夹\问题四\外部数据抓取\raw\weather_html\jma_47638_49_2025_05_77885bf788.html
jma_47638_49,49,47638,2025,5,26,2025-05-26,983.5,1016.1,1009.2,00:04,0.0,0.0,20:44,0.0,19:54,18.7,22.0,13:17,15.7,05:12,12.3,57.0,41.0,15:29,https://www.data.jma.go.jp/stats/etrn/view/daily_s1.php?block_no=47638&day=&month=05&prec_no=49&view=a1&year=2025,D:\CQUPT\self_file\competition\gjsschool2026\B题\赛题主要文件夹\问题四\外部数据抓取\raw\weather_html\jma_47638_49_2025_05_77885bf788.html
jma_47638_49,49,47638,2025,5,27,2025-05-27,988.0,1020.8,1018.5,15:53,1.0,1.0,23:58,0.5,23:56,18.6,22.4,14:55,15.1,24:00,12.6,60.0,39.0,14:43,https://www.data.jma.go.jp/stats/etrn/view/daily_s1.php?block_no=47638&day=&month=05&prec_no=49&view=a1&year=2025,D:\CQUPT\self_file\competition\gjsschool2026\B题\赛题主要文件夹\问题四\外部数据抓取\raw\weather_html\jma_47638_49_2025_05_77885bf788.html
jma_47638_49,49,47638,2025,5,28,2025-05-28,985.7,1018.3,1013.7,15:13,8.0,4.5,02:28,1.5,01:53,19.3,27.7,14:36,13.2,05:24,15.4,72.0,39.0,14:38,https://www.data.jma.go.jp/stats/etrn/view/daily_s1.php?block_no=47638&day=&month=05&prec_no=49&view=a1&year=2025,D:\CQUPT\self_file\competition\gjsschool2026\B题\赛题主要文件夹\问题四\外部数据抓取\raw\weather_html\jma_47638_49_2025_05_77885bf788.html
jma_47638_49,49,47638,2025,5,29,2025-05-29,983.6,1016.1,1013.8,17:11,0.5,0.5,24:00,0.5,23:58,20.2,24.7,13:11,16.0,24:00,16.7,72.0,51.0,12:33,https://www.data.jma.go.jp/stats/etrn/view/daily_s1.php?block_no=47638&day=&month=05&prec_no=49&view=a1&year=2025,D:\CQUPT\self_file\competition\gjsschool2026\B题\赛题主要文件夹\问题四\外部数据抓取\raw\weather_html\jma_47638_49_2025_05_77885bf788.html
jma_47638_49,49,47638,2025,5,30,2025-05-30,977.9,1010.6,1006.4,24:00,7.0,2.0,07:30,0.5,09:02,16.2,19.0,14:14,14.3,05:20,15.3,84.0,64.0,14:35,https://www.data.jma.go.jp/stats/etrn/view/daily_s1.php?block_no=47638&day=&month=05&prec_no=49&view=a1&year=2025,D:\CQUPT\self_file\competition\gjsschool2026\B题\赛题主要文件夹\问题四\外部数据抓取\raw\weather_html\jma_47638_49_2025_05_77885bf788.html
jma_47638_49,49,47638,2025,5,31,2025-05-31,968.4,1000.9,996.5,17:26,6.5,4.0,14:43,1.0,14:43,15.8,19.0,11:51,12.0,04:42,16.1,90.0,72.0,12:02,https://www.data.jma.go.jp/stats/etrn/view/daily_s1.php?block_no=47638&day=&month=05&prec_no=49&view=a1&year=2025,D:\CQUPT\self_file\competition\gjsschool2026\B题\赛题主要文件夹\问题四\外部数据抓取\raw\weather_html\jma_47638_49_2025_05_77885bf788.html
jma_47638_49,49,47638,2025,6,1,2025-06-01,970.2,1002.2,999.6,14:14,0.0,0.0,12:17,0.0,11:27,20.4,27.1,14:17,14.5,05:12,14.6,64.0,36.0,16:39,https://www.data.jma.go.jp/stats/etrn/view/daily_s1.php?block_no=47638&day=&month=06&prec_no=49&view=a1&year=2025,D:\CQUPT\self_file\competition\gjsschool2026\B题\赛题主要文件夹\问题四\外部数据抓取\raw\weather_html\jma_47638_49_2025_06_a73ce26cd9.html
jma_47638_49,49,47638,2025,6,2,2025-06-02,974.1,1006.2,1003.5,16:35,0.0,0.0,24:00,0.0,23:56,20.5,26.5,14:43,14.0,03:00,16.2,68.0,49.0,11:14,https://www.data.jma.go.jp/stats/etrn/view/daily_s1.php?block_no=47638&day=&month=06&prec_no=49&view=a1&year=2025,D:\CQUPT\self_file\competition\gjsschool2026\B题\赛题主要文件夹\问题四\外部数据抓取\raw\weather_html\jma_47638_49_2025_06_a73ce26cd9.html
jma_47638_49,49,47638,2025,6,3,2025-06-03,968.8,1001.0,996.6,20:04,26.5,5.0,14:28,1.5,14:14,17.9,20.6,00:34,16.0,24:00,19.2,94.0,76.0,00:41,https://www.data.jma.go.jp/stats/etrn/view/daily_s1.php?block_no=47638&day=&month=06&prec_no=49&view=a1&year=2025,D:\CQUPT\self_file\competition\gjsschool2026\B题\赛题主要文件夹\问题四\外部数据抓取\raw\weather_html\jma_47638_49_2025_06_a73ce26cd9.html
jma_47638_49,49,47638,2025,6,4,2025-06-04,967.2,,,14:47 ),,,--,,--,,,15:52 ),,00:05 ),,,,14:50 ),https://www.data.jma.go.jp/stats/etrn/view/daily_s1.php?block_no=47638&day=&month=06&prec_no=49&view=a1&year=2025,D:\CQUPT\self_file\competition\gjsschool2026\B题\赛题主要文件夹\问题四\外部数据抓取\raw\weather_html\jma_47638_49_2025_06_a73ce26cd9.html
jma_47638_49,49,47638,2025,6,5,2025-06-05,976.0,1008.0,1004.3,00:21,,,--,,--,22.1,30.3,15:30,13.5,05:16,13.3,54.0,20.0,14:03,https://www.data.jma.go.jp/stats/etrn/view/daily_s1.php?block_no=47638&day=&month=06&prec_no=49&view=a1&year=2025,D:\CQUPT\self_file\competition\gjsschool2026\B题\赛题主要文件夹\问题四\外部数据抓取\raw\weather_html\jma_47638_49_2025_06_a73ce26cd9.html
jma_47638_49,49,47638,2025,6,6,2025-06-06,980.6,1012.7,1009.4,14:22,,,--,,--,22.3,29.6,14:23,16.4,05:22,16.9,64.0,40.0,13:32,https://www.data.jma.go.jp/stats/etrn/view/daily_s1.php?block_no=47638&day=&month=06&prec_no=49&view=a1&year=2025,D:\CQUPT\self_file\competition\gjsschool2026\B题\赛题主要文件夹\问题四\外部数据抓取\raw\weather_html\jma_47638_49_2025_06_a73ce26cd9.html
jma_47638_49,49,47638,2025,6,7,2025-06-07,978.0,1009.9,1006.5,13:58,0.0,0.0,17:56,0.0,17:06,23.0,30.0,14:09,19.1,05:40,19.0,69.0,38.0,14:13,https://www.data.jma.go.jp/stats/etrn/view/daily_s1.php?block_no=47638&day=&month=06&prec_no=49&view=a1&year=2025,D:\CQUPT\self_file\competition\gjsschool2026\B题\赛题主要文件夹\问题四\外部数据抓取\raw\weather_html\jma_47638_49_2025_06_a73ce26cd9.html
jma_47638_49,49,47638,2025,6,8,2025-06-08,978.1,1010.1,1007.8,14:24,0.0,0.0,11:23,0.0,10:33,22.4,27.0,13:41,19.4,05:10,19.5,73.0,49.0,14:52,https://www.data.jma.go.jp/stats/etrn/view/daily_s1.php?block_no=47638&day=&month=06&prec_no=49&view=a1&year=2025,D:\CQUPT\self_file\competition\gjsschool2026\B题\赛题主要文件夹\问题四\外部数据抓取\raw\weather_html\jma_47638_49_2025_06_a73ce26cd9.html
jma_47638_49,49,47638,2025,6,9,2025-06-09,979.8,1011.8,1009.8,14:30,0.5,0.5,20:40,0.5,19:50,22.1,27.7,11:07,19.0,22:36,20.0,77.0,51.0,13:19,https://www.data.jma.go.jp/stats/etrn/view/daily_s1.php?block_no=47638&day=&month=06&prec_no=49&view=a1&year=2025,D:\CQUPT\self_file\competition\gjsschool2026\B题\赛题主要文件夹\问题四\外部数据抓取\raw\weather_html\jma_47638_49_2025_06_a73ce26cd9.html
jma_47638_49,49,47638,2025,6,10,2025-06-10,978.1,1010.4,1008.1,17:15,8.5,2.0,08:05,1.0,11:40,19.7,21.1,18:04,18.5,08:09,21.4,93.0,87.0,18:04,https://www.data.jma.go.jp/stats/etrn/view/daily_s1.php?block_no=47638&day=&month=06&prec_no=49&view=a1&year=2025,D:\CQUPT\self_file\competition\gjsschool2026\B题\赛题主要文件夹\问题四\外部数据抓取\raw\weather_html\jma_47638_49_2025_06_a73ce26cd9.html
jma_47638_49,49,47638,2025,6,11,2025-06-11,976.0,1008.1,1006.3,03:49,19.0,6.5,05:51,2.0,05:21,21.3,24.7,13:25,19.6,05:17,23.9,94.0,81.0,14:18,https://www.data.jma.go.jp/stats/etrn/view/daily_s1.php?block_no=47638&day=&month=06&prec_no=49&view=a1&year=2025,D:\CQUPT\self_file\competition\gjsschool2026\B题\赛题主要文件夹\问题四\外部数据抓取\raw\weather_html\jma_47638_49_2025_06_a73ce26cd9.html
jma_47638_49,49,47638,2025,6,12,2025-06-12,981.6,1013.8,1010.8,00:12,,,--,,--,22.0,26.1,16:06,17.0,04:10,20.1,77.0,53.0,14:26,https://www.data.jma.go.jp/stats/etrn/view/daily_s1.php?block_no=47638&day=&month=06&prec_no=49&view=a1&year=2025,D:\CQUPT\self_file\competition\gjsschool2026\B题\赛题主要文件夹\问题四\外部数据抓取\raw\weather_html\jma_47638_49_2025_06_a73ce26cd9.html
jma_47638_49,49,47638,2025,6,13,2025-06-13,984.5,1016.6,1014.6,16:11,,,--,,--,23.6,28.5,12:26,20.1,05:40,19.7,69.0,49.0,13:19,https://www.data.jma.go.jp/stats/etrn/view/daily_s1.php?block_no=47638&day=&month=06&prec_no=49&view=a1&year=2025,D:\CQUPT\self_file\competition\gjsschool2026\B题\赛题主要文件夹\问题四\外部数据抓取\raw\weather_html\jma_47638_49_2025_06_a73ce26cd9.html
jma_47638_49,49,47638,2025,6,14,2025-06-14,980.2,1012.4,1004.7,23:59,4.0,2.0,20:10,0.5,20:49,20.7,23.2,10:50,19.0,22:11,19.7,81.0,64.0,11:25,https://www.data.jma.go.jp/stats/etrn/view/daily_s1.php?block_no=47638&day=&month=06&prec_no=49&view=a1&year=2025,D:\CQUPT\self_file\competition\gjsschool2026\B题\赛题主要文件夹\问题四\外部数据抓取\raw\weather_html\jma_47638_49_2025_06_a73ce26cd9.html
jma_47638_49,49,47638,2025,6,15,2025-06-15,968.8,1000.2,997.1,17:09,5.0,3.0,04:33,1.0,04:27,24.6,31.0,16:20,19.1,04:47,25.8,84.0,62.0,17:15,https://www.data.jma.go.jp/stats/etrn/view/daily_s1.php?block_no=47638&day=&month=06&prec_no=49&view=a1&year=2025,D:\CQUPT\self_file\competition\gjsschool2026\B题\赛题主要文件夹\问题四\外部数据抓取\raw\weather_html\jma_47638_49_2025_06_a73ce26cd9.html
jma_47638_49,49,47638,2025,6,16,2025-06-16,972.2,1003.5,1001.9,00:02,0.0,0.0,16:07,0.0,15:17,26.6,31.0,16:40,22.8,05:03,27.1,78.0,60.0,12:17,https://www.data.jma.go.jp/stats/etrn/view/daily_s1.php?block_no=47638&day=&month=06&prec_no=49&view=a1&year=2025,D:\CQUPT\self_file\competition\gjsschool2026\B题\赛题主要文件夹\问题四\外部数据抓取\raw\weather_html\jma_47638_49_2025_06_a73ce26cd9.html
jma_47638_49,49,47638,2025,6,17,2025-06-17,974.5,1005.5,1002.2,15:34,0.0,0.0,08:26,0.0,07:36,29.5,38.2,14:27,24.3,05:18,27.1,69.0,32.0,15:14,https://www.data.jma.go.jp/stats/etrn/view/daily_s1.php?block_no=47638&day=&month=06&prec_no=49&view=a1&year=2025,D:\CQUPT\self_file\competition\gjsschool2026\B题\赛题主要文件夹\问题四\外部数据抓取\raw\weather_html\jma_47638_49_2025_06_a73ce26cd9.html
jma_47638_49,49,47638,2025,6,18,2025-06-18,979.5,1010.7,1008.1,14:30,,,--,,--,29.5,36.2,14:02,24.8,03:58,26.0,65.0,32.0,13:24,https://www.data.jma.go.jp/stats/etrn/view/daily_s1.php?block_no=47638&day=&month=06&prec_no=49&view=a1&year=2025,D:\CQUPT\self_file\competition\gjsschool2026\B题\赛题主要文件夹\问题四\外部数据抓取\raw\weather_html\jma_47638_49_2025_06_a73ce26cd9.html
jma_47638_49,49,47638,2025,6,19,2025-06-19,981.7,1013.1,1009.9,14:37,7.5,7.5,16:51,4.0,16:01,28.6,36.3,13:46,24.7,04:19,26.4,69.0,37.0,13:01,https://www.data.jma.go.jp/stats/etrn/view/daily_s1.php?block_no=47638&day=&month=06&prec_no=49&view=a1&year=2025,D:\CQUPT\self_file\competition\gjsschool2026\B题\赛题主要文件夹\问题四\外部数据抓取\raw\weather_html\jma_47638_49_2025_06_a73ce26cd9.html
jma_47638_49,49,47638,2025,6,20,2025-06-20,981.9,1013.4,1010.4,16:04,,,--,,--,27.8,34.0,13:41,23.9,05:15,24.6,67.0,46.0,15:39,https://www.data.jma.go.jp/stats/etrn/view/daily_s1.php?block_no=47638&day=&month=06&prec_no=49&view=a1&year=2025,D:\CQUPT\self_file\competition\gjsschool2026\B题\赛题主要文件夹\问题四\外部数据抓取\raw\weather_html\jma_47638_49_2025_06_a73ce26cd9.html
jma_47638_49,49,47638,2025,6,21,2025-06-21,980.0,1011.5,1007.6,15:25,0.0,0.0,09:35,0.0,08:45,26.8,33.6,13:43,23.0,05:03,23.1,67.0,40.0,12:40,https://www.data.jma.go.jp/stats/etrn/view/daily_s1.php?block_no=47638&day=&month=06&prec_no=49&view=a1&year=2025,D:\CQUPT\self_file\competition\gjsschool2026\B题\赛题主要文件夹\问题四\外部数据抓取\raw\weather_html\jma_47638_49_2025_06_a73ce26cd9.html
jma_47638_49,49,47638,2025,6,22,2025-06-22,976.8,1008.2,1005.2,15:33,,,--,,--,27.2,33.3,14:34,22.3,04:44,24.8,70.0,50.0,14:01,https://www.data.jma.go.jp/stats/etrn/view/daily_s1.php?block_no=47638&day=&month=06&prec_no=49&view=a1&year=2025,D:\CQUPT\self_file\competition\gjsschool2026\B题\赛题主要文件夹\问题四\外部数据抓取\raw\weather_html\jma_47638_49_2025_06_a73ce26cd9.html
jma_47638_49,49,47638,2025,6,23,2025-06-23,977.8,1009.3,1007.6,03:57,2.5,2.5,15:00,1.0,14:36,26.1,29.8,09:16,24.3,23:16,27.0,80.0,62.0,09:21,https://www.data.jma.go.jp/stats/etrn/view/daily_s1.php?block_no=47638&day=&month=06&prec_no=49&view=a1&year=2025,D:\CQUPT\self_file\competition\gjsschool2026\B题\赛题主要文件夹\问题四\外部数据抓取\raw\weather_html\jma_47638_49_2025_06_a73ce26cd9.html
jma_47638_49,49,47638,2025,6,24,2025-06-24,981.9,1013.6,1011.9,00:32,6.0,4.0,09:07,4.0,08:17,25.5,28.5,15:36,23.3,06:33,27.1,83.0,66.0,16:09,https://www.data.jma.go.jp/stats/etrn/view/daily_s1.php?block_no=47638&day=&month=06&prec_no=49&view=a1&year=2025,D:\CQUPT\self_file\competition\gjsschool2026\B题\赛题主要文件夹\问题四\外部数据抓取\raw\weather_html\jma_47638_49_2025_06_a73ce26cd9.html
jma_47638_49,49,47638,2025,6,25,2025-06-25,981.1,1012.6,1010.1,16:23,0.0,0.0,18:45,0.0,17:55,27.1,31.5,15:42,23.5,04:41,27.1,76.0,58.0,15:55,https://www.data.jma.go.jp/stats/etrn/view/daily_s1.php?block_no=47638&day=&month=06&prec_no=49&view=a1&year=2025,D:\CQUPT\self_file\competition\gjsschool2026\B题\赛题主要文件夹\问题四\外部数据抓取\raw\weather_html\jma_47638_49_2025_06_a73ce26cd9.html
jma_47638_49,49,47638,2025,6,26,2025-06-26,976.5,1007.9,1005.3,13:31,1.0,1.0,15:57,0.5,15:17,26.6,32.3,12:07,22.8,23:42,27.2,79.0,55.0,12:39,https://www.data.jma.go.jp/stats/etrn/view/daily_s1.php?block_no=47638&day=&month=06&prec_no=49&view=a1&year=2025,D:\CQUPT\self_file\competition\gjsschool2026\B题\赛题主要文件夹\问题四\外部数据抓取\raw\weather_html\jma_47638_49_2025_06_a73ce26cd9.html
jma_47638_49,49,47638,2025,6,27,2025-06-27,973.3,1004.5,1000.6,14:59,,,--,,--,27.5,35.0,14:57,21.0,04:52,22.1,63.0,33.0,15:42,https://www.data.jma.go.jp/stats/etrn/view/daily_s1.php?block_no=47638&day=&month=06&prec_no=49&view=a1&year=2025,D:\CQUPT\self_file\competition\gjsschool2026\B题\赛题主要文件夹\问题四\外部数据抓取\raw\weather_html\jma_47638_49_2025_06_a73ce26cd9.html
jma_47638_49,49,47638,2025,6,28,2025-06-28,975.0,1006.2,1002.5,15:39,,,--,,--,27.7,35.4,14:58,21.6,04:36,21.7,61.0,29.0,15:02,https://www.data.jma.go.jp/stats/etrn/view/daily_s1.php?block_no=47638&day=&month=06&prec_no=49&view=a1&year=2025,D:\CQUPT\self_file\competition\gjsschool2026\B题\赛题主要文件夹\问题四\外部数据抓取\raw\weather_html\jma_47638_49_2025_06_a73ce26cd9.html
jma_47638_49,49,47638,2025,6,29,2025-06-29,977.6,1008.9,1006.0,14:12,,,--,,--,28.0,35.2,13:54,23.5,04:58,23.3,63.0,34.0,13:04,https://www.data.jma.go.jp/stats/etrn/view/daily_s1.php?block_no=47638&day=&month=06&prec_no=49&view=a1&year=2025,D:\CQUPT\self_file\competition\gjsschool2026\B题\赛题主要文件夹\问题四\外部数据抓取\raw\weather_html\jma_47638_49_2025_06_a73ce26cd9.html
jma_47638_49,49,47638,2025,6,30,2025-06-30,980.2,1011.5,1008.1,15:00,,,--,,--,28.6,36.7,14:23,23.8,04:41,26.3,69.0,40.0,13:32,https://www.data.jma.go.jp/stats/etrn/view/daily_s1.php?block_no=47638&day=&month=06&prec_no=49&view=a1&year=2025,D:\CQUPT\self_file\competition\gjsschool2026\B题\赛题主要文件夹\问题四\外部数据抓取\raw\weather_html\jma_47638_49_2025_06_a73ce26cd9.html
jma_47638_49,49,47638,2025,7,1,2025-07-01,982.2,1013.6,1010.5,13:37,2.0,1.5,21:57,1.0,21:07,28.0,35.3,14:42,23.8,23:11,27.7,75.0,42.0,15:11,https://www.data.jma.go.jp/stats/etrn/view/daily_s1.php?block_no=47638&day=&month=07&prec_no=49&view=a1&year=2025,D:\CQUPT\self_file\competition\gjsschool2026\B题\赛题主要文件夹\问题四\外部数据抓取\raw\weather_html\jma_47638_49_2025_07_955ac8a465.html
jma_47638_49,49,47638,2025,7,2,2025-07-02,982.5,1014.1,1011.2,16:45,0.5,0.5,08:48,0.5,07:58,26.4,31.3,14:25,23.4,04:32,26.4,78.0,57.0,16:59,https://www.data.jma.go.jp/stats/etrn/view/daily_s1.php?block_no=47638&day=&month=07&prec_no=49&view=a1&year=2025,D:\CQUPT\self_file\competition\gjsschool2026\B题\赛题主要文件夹\问题四\外部数据抓取\raw\weather_html\jma_47638_49_2025_07_955ac8a465.html
jma_47638_49,49,47638,2025,7,3,2025-07-03,980.4,1011.8,1008.0,14:41,2.5,2.5,16:34,2.0,15:44,27.9,35.5,14:08,23.5,03:16,26.2,71.0,44.0,13:05,https://www.data.jma.go.jp/stats/etrn/view/daily_s1.php?block_no=47638&day=&month=07&prec_no=49&view=a1&year=2025,D:\CQUPT\self_file\competition\gjsschool2026\B题\赛题主要文件夹\问题四\外部数据抓取\raw\weather_html\jma_47638_49_2025_07_955ac8a465.html
jma_47638_49,49,47638,2025,7,4,2025-07-04,976.8,1008.0,1004.1,15:59,0.0,0.0,22:15,0.0,21:25,28.6,35.3,14:42,25.3,06:10,27.8,73.0,46.0,14:49,https://www.data.jma.go.jp/stats/etrn/view/daily_s1.php?block_no=47638&day=&month=07&prec_no=49&view=a1&year=2025,D:\CQUPT\self_file\competition\gjsschool2026\B题\赛题主要文件夹\问题四\外部数据抓取\raw\weather_html\jma_47638_49_2025_07_955ac8a465.html
jma_47638_49,49,47638,2025,7,5,2025-07-05,973.1,1004.1,1001.0,16:10,0.0,0.0,19:53,0.0,19:03,29.1,35.4,14:57,25.5,05:32,27.8,70.0,44.0,15:46,https://www.data.jma.go.jp/stats/etrn/view/daily_s1.php?block_no=47638&day=&month=07&prec_no=49&view=a1&year=2025,D:\CQUPT\self_file\competition\gjsschool2026\B题\赛题主要文件夹\问题四\外部数据抓取\raw\weather_html\jma_47638_49_2025_07_955ac8a465.html
jma_47638_49,49,47638,2025,7,6,2025-07-06,971.7,1002.5,999.3,15:55,,,--,,--,30.4,37.7,14:12,25.0,05:27,27.3,65.0,36.0,14:14,https://www.data.jma.go.jp/stats/etrn/view/daily_s1.php?block_no=47638&day=&month=07&prec_no=49&view=a1&year=2025,D:\CQUPT\self_file\competition\gjsschool2026\B题\赛题主要文件夹\问题四\外部数据抓取\raw\weather_html\jma_47638_49_2025_07_955ac8a465.html
jma_47638_49,49,47638,2025,7,7,2025-07-07,973.5,1004.5,1002.4,16:32,3.5,3.5,20:48,3.5,19:58,30.2,35.9,14:53,27.0,22:37,28.4,67.0,48.0,13:38,https://www.data.jma.go.jp/stats/etrn/view/daily_s1.php?block_no=47638&day=&month=07&prec_no=49&view=a1&year=2025,D:\CQUPT\self_file\competition\gjsschool2026\B题\赛题主要文件夹\问题四\外部数据抓取\raw\weather_html\jma_47638_49_2025_07_955ac8a465.html
jma_47638_49,49,47638,2025,7,8,2025-07-08,976.4,1007.4,1005.4,15:58,13.5,13.5,13:46,8.0,13:16,30.0,36.7,12:02,26.5,05:04,28.9,69.0,46.0,12:04,https://www.data.jma.go.jp/stats/etrn/view/daily_s1.php?block_no=47638&day=&month=07&prec_no=49&view=a1&year=2025,D:\CQUPT\self_file\competition\gjsschool2026\B题\赛题主要文件夹\问题四\外部数据抓取\raw\weather_html\jma_47638_49_2025_07_955ac8a465.html
jma_47638_49,49,47638,2025,7,9,2025-07-09,979.0,1010.2,1007.3,15:59,,,--,,--,29.6,36.2,14:18,25.2,05:01,27.1,67.0,40.0,13:01,https://www.data.jma.go.jp/stats/etrn/view/daily_s1.php?block_no=47638&day=&month=07&prec_no=49&view=a1&year=2025,D:\CQUPT\self_file\competition\gjsschool2026\B题\赛题主要文件夹\问题四\外部数据抓取\raw\weather_html\jma_47638_49_2025_07_955ac8a465.html
jma_47638_49,49,47638,2025,7,10,2025-07-10,979.6,1010.9,1006.8,13:39,7.5,4.0,21:27,1.5,21:28,28.2,36.2,13:37,23.2,23:00,27.1,73.0,42.0,13:41,https://www.data.jma.go.jp/stats/etrn/view/daily_s1.php?block_no=47638&day=&month=07&prec_no=49&view=a1&year=2025,D:\CQUPT\self_file\competition\gjsschool2026\B题\赛题主要文件夹\问题四\外部数据抓取\raw\weather_html\jma_47638_49_2025_07_955ac8a465.html
jma_47638_49,49,47638,2025,7,11,2025-07-11,980.3,1011.8,1009.2,14:07,0.0,0.0,24:00,0.0,23:17,27.1,34.3,13:33,22.7,03:30,25.0,71.0,48.0,13:51,https://www.data.jma.go.jp/stats/etrn/view/daily_s1.php?block_no=47638&day=&month=07&prec_no=49&view=a1&year=2025,D:\CQUPT\self_file\competition\gjsschool2026\B题\赛题主要文件夹\问题四\外部数据抓取\raw\weather_html\jma_47638_49_2025_07_955ac8a465.html
jma_47638_49,49,47638,2025,7,12,2025-07-12,978.2,1009.6,1006.7,15:37,0.0,0.0,09:49,0.0,08:59,27.0,32.3,13:17,24.2,05:06,23.0,65.0,52.0,15:03,https://www.data.jma.go.jp/stats/etrn/view/daily_s1.php?block_no=47638&day=&month=07&prec_no=49&view=a1&year=2025,D:\CQUPT\self_file\competition\gjsschool2026\B题\赛题主要文件夹\问题四\外部数据抓取\raw\weather_html\jma_47638_49_2025_07_955ac8a465.html
jma_47638_49,49,47638,2025,7,13,2025-07-13,974.4,1005.6,1002.0,16:13,,,--,,--,28.1,35.1,15:07,23.9,05:47,23.3,63.0,41.0,15:08,https://www.data.jma.go.jp/stats/etrn/view/daily_s1.php?block_no=47638&day=&month=07&prec_no=49&view=a1&year=2025,D:\CQUPT\self_file\competition\gjsschool2026\B题\赛题主要文件夹\问题四\外部数据抓取\raw\weather_html\jma_47638_49_2025_07_955ac8a465.html
jma_47638_49,49,47638,2025,7,14,2025-07-14,967.9,998.9,993.4,13:50,50.0,31.0,22:03,7.5,21:51,28.0,35.6,14:03,23.2,04:28,24.8,68.0,38.0,13:22,https://www.data.jma.go.jp/stats/etrn/view/daily_s1.php?block_no=47638&day=&month=07&prec_no=49&view=a1&year=2025,D:\CQUPT\self_file\competition\gjsschool2026\B题\赛题主要文件夹\问题四\外部数据抓取\raw\weather_html\jma_47638_49_2025_07_955ac8a465.html
jma_47638_49,49,47638,2025,7,15,2025-07-15,972.3,1003.8,999.6,01:25,48.5,6.5,20:53,4.0,05:30,24.6,26.0,12:35,23.5,24:00,29.7,96.0,89.0,12:38,https://www.data.jma.go.jp/stats/etrn/view/daily_s1.php?block_no=47638&day=&month=07&prec_no=49&view=a1&year=2025,D:\CQUPT\self_file\competition\gjsschool2026\B题\赛题主要文件夹\问题四\外部数据抓取\raw\weather_html\jma_47638_49_2025_07_955ac8a465.html
jma_47638_49,49,47638,2025,7,16,2025-07-16,982.0,1013.8,1009.0,00:07,25.5,9.5,22:18,3.0,16:03,24.3,29.4,13:56,21.2,04:44,27.2,90.0,67.0,14:31,https://www.data.jma.go.jp/stats/etrn/view/daily_s1.php?block_no=47638&day=&month=07&prec_no=49&view=a1&year=2025,D:\CQUPT\self_file\competition\gjsschool2026\B题\赛题主要文件夹\问题四\外部数据抓取\raw\weather_html\jma_47638_49_2025_07_955ac8a465.html
jma_47638_49,49,47638,2025,7,17,2025-07-17,985.8,1017.6,1016.3,01:07,0.5,3.5,00:01,0.5,09:06,25.5,30.5,13:27,22.6,04:36,25.8,80.0,51.0,15:51,https://www.data.jma.go.jp/stats/etrn/view/daily_s1.php?block_no=47638&day=&month=07&prec_no=49&view=a1&year=2025,D:\CQUPT\self_file\competition\gjsschool2026\B题\赛题主要文件夹\问题四\外部数据抓取\raw\weather_html\jma_47638_49_2025_07_955ac8a465.html
jma_47638_49,49,47638,2025,7,18,2025-07-18,985.6,1017.3,1014.0,16:46,,,--,,--,26.7,33.4,15:38,21.3,04:58,24.4,71.0,48.0,14:20,https://www.data.jma.go.jp/stats/etrn/view/daily_s1.php?block_no=47638&day=&month=07&prec_no=49&view=a1&year=2025,D:\CQUPT\self_file\competition\gjsschool2026\B题\赛题主要文件夹\问题四\外部数据抓取\raw\weather_html\jma_47638_49_2025_07_955ac8a465.html
jma_47638_49,49,47638,2025,7,19,2025-07-19,985.2,1016.8,1013.6,15:28,,,--,,--,27.3,33.5,15:16,22.3,05:00,24.7,69.0,47.0,12:57,https://www.data.jma.go.jp/stats/etrn/view/daily_s1.php?block_no=47638&day=&month=07&prec_no=49&view=a1&year=2025,D:\CQUPT\self_file\competition\gjsschool2026\B题\赛题主要文件夹\问题四\外部数据抓取\raw\weather_html\jma_47638_49_2025_07_955ac8a465.html
jma_47638_49,49,47638,2025,7,20,2025-07-20,984.9,1016.4,1013.3,16:25,,,--,,--,28.5,35.0,14:36,23.9,05:23,26.8,71.0,41.0,14:12,https://www.data.jma.go.jp/stats/etrn/view/daily_s1.php?block_no=47638&day=&month=07&prec_no=49&view=a1&year=2025,D:\CQUPT\self_file\competition\gjsschool2026\B题\赛题主要文件夹\问题四\外部数据抓取\raw\weather_html\jma_47638_49_2025_07_955ac8a465.html
jma_47638_49,49,47638,2025,7,21,2025-07-21,984.8,1016.1,1012.5,15:06,,,--,,--,29.5,36.3,14:35,25.5,04:36,28.8,71.0,45.0,14:07,https://www.data.jma.go.jp/stats/etrn/view/daily_s1.php?block_no=47638&day=&month=07&prec_no=49&view=a1&year=2025,D:\CQUPT\self_file\competition\gjsschool2026\B题\赛题主要文件夹\问题四\外部数据抓取\raw\weather_html\jma_47638_49_2025_07_955ac8a465.html
jma_47638_49,49,47638,2025,7,22,2025-07-22,983.8,1015.2,1012.4,13:24,0.0,0.0,15:40,0.0,14:50,28.8,35.8,12:38,25.9,01:22,28.5,73.0,48.0,13:24,https://www.data.jma.go.jp/stats/etrn/view/daily_s1.php?block_no=47638&day=&month=07&prec_no=49&view=a1&year=2025,D:\CQUPT\self_file\competition\gjsschool2026\B题\赛题主要文件夹\问题四\外部数据抓取\raw\weather_html\jma_47638_49_2025_07_955ac8a465.html
jma_47638_49,49,47638,2025,7,23,2025-07-23,982.0,1013.3,1010.4,12:53,0.0,0.0,16:36,0.0,15:46,29.1,36.1,13:31,25.6,04:57,27.8,71.0,42.0,13:11,https://www.data.jma.go.jp/stats/etrn/view/daily_s1.php?block_no=47638&day=&month=07&prec_no=49&view=a1&year=2025,D:\CQUPT\self_file\competition\gjsschool2026\B题\赛题主要文件夹\问题四\外部数据抓取\raw\weather_html\jma_47638_49_2025_07_955ac8a465.html
jma_47638_49,49,47638,2025,7,24,2025-07-24,981.3,1012.7,1008.6,13:55,0.0,0.0,18:29,0.0,17:39,28.2,37.2,13:36,25.3,22:20,27.3,73.0,41.0,13:18,https://www.data.jma.go.jp/stats/etrn/view/daily_s1.php?block_no=47638&day=&month=07&prec_no=49&view=a1&year=2025,D:\CQUPT\self_file\competition\gjsschool2026\B题\赛题主要文件夹\问题四\外部数据抓取\raw\weather_html\jma_47638_49_2025_07_955ac8a465.html
jma_47638_49,49,47638,2025,7,25,2025-07-25,980.9,1012.3,1008.9,14:17,,,--,,--,28.8,36.5,14:03,24.0,05:36,27.6,71.0,40.0,12:54,https://www.data.jma.go.jp/stats/etrn/view/daily_s1.php?block_no=47638&day=&month=07&prec_no=49&view=a1&year=2025,D:\CQUPT\self_file\competition\gjsschool2026\B题\赛题主要文件夹\问题四\外部数据抓取\raw\weather_html\jma_47638_49_2025_07_955ac8a465.html
jma_47638_49,49,47638,2025,7,26,2025-07-26,980.2,1011.4,1008.1,14:14,4.0,4.0,16:02,3.0,15:19,29.3,36.7,13:09,26.3,15:24,28.3,71.0,38.0,13:12,https://www.data.jma.go.jp/stats/etrn/view/daily_s1.php?block_no=47638&day=&month=07&prec_no=49&view=a1&year=2025,D:\CQUPT\self_file\competition\gjsschool2026\B题\赛题主要文件夹\问题四\外部数据抓取\raw\weather_html\jma_47638_49_2025_07_955ac8a465.html
jma_47638_49,49,47638,2025,7,27,2025-07-27,977.4,1008.5,1005.2,15:18,0.0,0.0,05:58,0.0,05:08,29.5,36.0,14:26,25.9,05:45,28.2,70.0,40.0,14:27,https://www.data.jma.go.jp/stats/etrn/view/daily_s1.php?block_no=47638&day=&month=07&prec_no=49&view=a1&year=2025,D:\CQUPT\self_file\competition\gjsschool2026\B题\赛题主要文件夹\问题四\外部数据抓取\raw\weather_html\jma_47638_49_2025_07_955ac8a465.html
jma_47638_49,49,47638,2025,7,28,2025-07-28,973.7,1004.8,1001.0,14:41,11.5,9.0,15:53,6.5,15:06,28.6,37.0,13:35,25.6,23:59,28.4,74.0,41.0,13:59,https://www.data.jma.go.jp/stats/etrn/view/daily_s1.php?block_no=47638&day=&month=07&prec_no=49&view=a1&year=2025,D:\CQUPT\self_file\competition\gjsschool2026\B题\赛题主要文件夹\问题四\外部数据抓取\raw\weather_html\jma_47638_49_2025_07_955ac8a465.html
jma_47638_49,49,47638,2025,7,29,2025-07-29,971.6,1002.5,998.4,16:13,,,--,,--,30.1,38.6,14:58,24.1,03:38,26.3,65.0,31.0,15:02,https://www.data.jma.go.jp/stats/etrn/view/daily_s1.php?block_no=47638&day=&month=07&prec_no=49&view=a1&year=2025,D:\CQUPT\self_file\competition\gjsschool2026\B题\赛题主要文件夹\问题四\外部数据抓取\raw\weather_html\jma_47638_49_2025_07_955ac8a465.html
jma_47638_49,49,47638,2025,7,30,2025-07-30,971.8,1002.7,999.5,15:57,,,--,,--,30.6,38.4,14:07,24.9,04:41,24.2,57.0,32.0,14:13,https://www.data.jma.go.jp/stats/etrn/view/daily_s1.php?block_no=47638&day=&month=07&prec_no=49&view=a1&year=2025,D:\CQUPT\self_file\competition\gjsschool2026\B题\赛题主要文件夹\问题四\外部数据抓取\raw\weather_html\jma_47638_49_2025_07_955ac8a465.html
jma_47638_49,49,47638,2025,7,31,2025-07-31,972.7,1003.7,1000.7,16:27,,,--,,--,29.4,36.7,13:28,23.4,05:04,22.7,57.0,38.0,13:29,https://www.data.jma.go.jp/stats/etrn/view/daily_s1.php?block_no=47638&day=&month=07&prec_no=49&view=a1&year=2025,D:\CQUPT\self_file\competition\gjsschool2026\B题\赛题主要文件夹\问题四\外部数据抓取\raw\weather_html\jma_47638_49_2025_07_955ac8a465.html
jma_47638_49,49,47638,2025,8,1,2025-08-01,969.9,1000.8,997.1,16:25,0.0,0.0,20:18,0.0,19:28,29.3,37.0,13:45,23.4,05:52,25.1,63.0,41.0,15:55,https://www.data.jma.go.jp/stats/etrn/view/daily_s1.php?block_no=47638&day=&month=08&prec_no=49&view=a1&year=2025,D:\CQUPT\self_file\competition\gjsschool2026\B题\赛题主要文件夹\问题四\外部数据抓取\raw\weather_html\jma_47638_49_2025_08_500ed5db1d.html
jma_47638_49,49,47638,2025,8,2,2025-08-02,968.1,998.7,995.3,15:21,0.0,0.0,24:00,0.0,23:16,31.0,39.6,15:22,25.6,05:35,27.7,64.0,32.0,15:28,https://www.data.jma.go.jp/stats/etrn/view/daily_s1.php?block_no=47638&day=&month=08&prec_no=49&view=a1&year=2025,D:\CQUPT\self_file\competition\gjsschool2026\B题\赛题主要文件夹\问题四\外部数据抓取\raw\weather_html\jma_47638_49_2025_08_500ed5db1d.html
jma_47638_49,49,47638,2025,8,3,2025-08-03,971.3,1002.2,998.1,14:04,0.0,0.0,22:36,0.0,21:46,30.4,39.1,14:03,26.3,05:00,30.5,72.0,38.0,14:05,https://www.data.jma.go.jp/stats/etrn/view/daily_s1.php?block_no=47638&day=&month=08&prec_no=49&view=a1&year=2025,D:\CQUPT\self_file\competition\gjsschool2026\B题\赛题主要文件夹\问题四\外部数据抓取\raw\weather_html\jma_47638_49_2025_08_500ed5db1d.html
jma_47638_49,49,47638,2025,8,4,2025-08-04,974.8,1005.7,1002.6,14:40,,,--,,--,30.5,36.7,14:36,26.7,05:18,29.1,68.0,44.0,14:37,https://www.data.jma.go.jp/stats/etrn/view/daily_s1.php?block_no=47638&day=&month=08&prec_no=49&view=a1&year=2025,D:\CQUPT\self_file\competition\gjsschool2026\B题\赛题主要文件夹\问题四\外部数据抓取\raw\weather_html\jma_47638_49_2025_08_500ed5db1d.html
jma_47638_49,49,47638,2025,8,5,2025-08-05,974.5,1005.4,1001.7,16:29,,,--,,--,30.7,38.7,14:00,25.7,05:52,29.4,68.0,38.0,14:05,https://www.data.jma.go.jp/stats/etrn/view/daily_s1.php?block_no=47638&day=&month=08&prec_no=49&view=a1&year=2025,D:\CQUPT\self_file\competition\gjsschool2026\B题\赛题主要文件夹\问题四\外部数据抓取\raw\weather_html\jma_47638_49_2025_08_500ed5db1d.html
jma_47638_49,49,47638,2025,8,6,2025-08-06,971.8,1002.5,998.9,16:53,0.0,0.0,24:00,0.0,24:00,32.0,38.8,13:28,27.1,05:23,27.8,60.0,37.0,16:11,https://www.data.jma.go.jp/stats/etrn/view/daily_s1.php?block_no=47638&day=&month=08&prec_no=49&view=a1&year=2025,D:\CQUPT\self_file\competition\gjsschool2026\B题\赛题主要文件夹\问题四\外部数据抓取\raw\weather_html\jma_47638_49_2025_08_500ed5db1d.html
jma_47638_49,49,47638,2025,8,7,2025-08-07,967.3,998.3,995.6,17:25,2.5,1.5,10:36,0.5,10:43,27.9,31.1,17:50,24.8,24:00,28.4,76.0,61.0,20:01,https://www.data.jma.go.jp/stats/etrn/view/daily_s1.php?block_no=47638&day=&month=08&prec_no=49&view=a1&year=2025,D:\CQUPT\self_file\competition\gjsschool2026\B题\赛题主要文件夹\问题四\外部数据抓取\raw\weather_html\jma_47638_49_2025_08_500ed5db1d.html
jma_47638_49,49,47638,2025,8,8,2025-08-08,970.2,1001.2,998.3,14:45,,,--,,--,28.3,36.2,13:26,21.8,04:11,22.3,60.0,28.0,13:40,https://www.data.jma.go.jp/stats/etrn/view/daily_s1.php?block_no=47638&day=&month=08&prec_no=49&view=a1&year=2025,D:\CQUPT\self_file\competition\gjsschool2026\B题\赛题主要文件夹\问题四\外部数据抓取\raw\weather_html\jma_47638_49_2025_08_500ed5db1d.html
jma_47638_49,49,47638,2025,8,9,2025-08-09,974.9,1006.2,1004.1,15:02,,,--,,--,27.6,32.3,15:21,23.6,05:31,24.2,66.0,50.0,12:25,https://www.data.jma.go.jp/stats/etrn/view/daily_s1.php?block_no=47638&day=&month=08&prec_no=49&view=a1&year=2025,D:\CQUPT\self_file\competition\gjsschool2026\B题\赛题主要文件夹\问题四\外部数据抓取\raw\weather_html\jma_47638_49_2025_08_500ed5db1d.html
jma_47638_49,49,47638,2025,8,10,2025-08-10,973.5,1004.9,1002.3,15:44,1.0,0.5,24:00,0.5,23:17,26.0,28.9,15:16,24.2,05:36,27.6,82.0,69.0,16:13,https://www.data.jma.go.jp/stats/etrn/view/daily_s1.php?block_no=47638&day=&month=08&prec_no=49&view=a1&year=2025,D:\CQUPT\self_file\competition\gjsschool2026\B题\赛题主要文件夹\问题四\外部数据抓取\raw\weather_html\jma_47638_49_2025_08_500ed5db1d.html
jma_47638_49,49,47638,2025,8,11,2025-08-11,974.9,1006.3,1004.9,05:22,1.5,1.0,12:15,0.5,11:49,26.6,29.5,15:16,24.4,03:13,28.3,82.0,68.0,10:51,https://www.data.jma.go.jp/stats/etrn/view/daily_s1.php?block_no=47638&day=&month=08&prec_no=49&view=a1&year=2025,D:\CQUPT\self_file\competition\gjsschool2026\B题\赛题主要文件夹\问题四\外部数据抓取\raw\weather_html\jma_47638_49_2025_08_500ed5db1d.html
jma_47638_49,49,47638,2025,8,12,2025-08-12,979.3,1010.8,1008.2,01:02,2.0,1.0,16:01,0.5,18:42,26.3,28.3,10:39,24.8,04:55,30.1,88.0,73.0,09:26,https://www.data.jma.go.jp/stats/etrn/view/daily_s1.php?block_no=47638&day=&month=08&prec_no=49&view=a1&year=2025,D:\CQUPT\self_file\competition\gjsschool2026\B题\赛题主要文件夹\问题四\外部数据抓取\raw\weather_html\jma_47638_49_2025_08_500ed5db1d.html
jma_47638_49,49,47638,2025,8,13,2025-08-13,983.6,1015.1,1012.7,14:23,0.5,0.5,24:00,0.5,24:00,28.0,34.5,13:57,24.5,05:19,29.1,78.0,50.0,13:36,https://www.data.jma.go.jp/stats/etrn/view/daily_s1.php?block_no=47638&day=&month=08&prec_no=49&view=a1&year=2025,D:\CQUPT\self_file\competition\gjsschool2026\B题\赛题主要文件夹\问题四\外部数据抓取\raw\weather_html\jma_47638_49_2025_08_500ed5db1d.html
jma_47638_49,49,47638,2025,8,14,2025-08-14,984.4,1015.9,1013.0,16:39,10.5,7.5,00:58,3.0,00:37,27.9,33.6,16:39,23.9,03:40,27.4,75.0,49.0,16:44,https://www.data.jma.go.jp/stats/etrn/view/daily_s1.php?block_no=47638&day=&month=08&prec_no=49&view=a1&year=2025,D:\CQUPT\self_file\competition\gjsschool2026\B题\赛题主要文件夹\问题四\外部数据抓取\raw\weather_html\jma_47638_49_2025_08_500ed5db1d.html
jma_47638_49,49,47638,2025,8,15,2025-08-15,982.2,1013.6,1009.3,14:43,0.0,0.0,23:00,0.0,22:10,28.6,37.5,14:27,24.3,05:04,26.1,68.0,33.0,14:27,https://www.data.jma.go.jp/stats/etrn/view/daily_s1.php?block_no=47638&day=&month=08&prec_no=49&view=a1&year=2025,D:\CQUPT\self_file\competition\gjsschool2026\B题\赛题主要文件夹\问题四\外部数据抓取\raw\weather_html\jma_47638_49_2025_08_500ed5db1d.html
jma_47638_49,49,47638,2025,8,16,2025-08-16,982.4,1014.0,1011.7,16:29,0.5,0.5,07:44,0.5,06:54,26.9,32.8,16:05,23.8,07:23,27.6,79.0,56.0,16:11,https://www.data.jma.go.jp/stats/etrn/view/daily_s1.php?block_no=47638&day=&month=08&prec_no=49&view=a1&year=2025,D:\CQUPT\self_file\competition\gjsschool2026\B题\赛题主要文件夹\问题四\外部数据抓取\raw\weather_html\jma_47638_49_2025_08_500ed5db1d.html
jma_47638_49,49,47638,2025,8,17,2025-08-17,981.9,1013.1,1009.7,14:26,,,--,,--,29.7,36.6,14:26,25.4,05:52,29.2,72.0,43.0,14:13,https://www.data.jma.go.jp/stats/etrn/view/daily_s1.php?block_no=47638&day=&month=08&prec_no=49&view=a1&year=2025,D:\CQUPT\self_file\competition\gjsschool2026\B题\赛题主要文件夹\问题四\外部数据抓取\raw\weather_html\jma_47638_49_2025_08_500ed5db1d.html
jma_47638_49,49,47638,2025,8,18,2025-08-18,982.7,1013.9,1010.4,14:45,,,--,,--,30.2,37.1,14:02,25.3,05:15,27.6,66.0,41.0,14:02,https://www.data.jma.go.jp/stats/etrn/view/daily_s1.php?block_no=47638&day=&month=08&prec_no=49&view=a1&year=2025,D:\CQUPT\self_file\competition\gjsschool2026\B题\赛题主要文件夹\问题四\外部数据抓取\raw\weather_html\jma_47638_49_2025_08_500ed5db1d.html
jma_47638_49,49,47638,2025,8,19,2025-08-19,981.1,1012.3,1008.3,14:29,,,--,,--,29.8,37.9,13:57,26.2,05:25,26.9,66.0,27.0,13:58,https://www.data.jma.go.jp/stats/etrn/view/daily_s1.php?block_no=47638&day=&month=08&prec_no=49&view=a1&year=2025,D:\CQUPT\self_file\competition\gjsschool2026\B题\赛题主要文件夹\问题四\外部数据抓取\raw\weather_html\jma_47638_49_2025_08_500ed5db1d.html
jma_47638_49,49,47638,2025,8,20,2025-08-20,979.1,1010.3,1006.3,14:37,0.0,0.0,16:46,0.0,15:56,29.8,38.4,14:06,25.5,06:25,27.8,68.0,32.0,13:08,https://www.data.jma.go.jp/stats/etrn/view/daily_s1.php?block_no=47638&day=&month=08&prec_no=49&view=a1&year=2025,D:\CQUPT\self_file\competition\gjsschool2026\B题\赛题主要文件夹\问题四\外部数据抓取\raw\weather_html\jma_47638_49_2025_08_500ed5db1d.html
jma_47638_49,49,47638,2025,8,21,2025-08-21,979.0,1010.2,1006.3,14:50,0.0,0.0,22:45,0.0,21:55,29.8,37.2,14:06,25.5,05:28,26.7,66.0,33.0,13:43,https://www.data.jma.go.jp/stats/etrn/view/daily_s1.php?block_no=47638&day=&month=08&prec_no=49&view=a1&year=2025,D:\CQUPT\self_file\competition\gjsschool2026\B题\赛题主要文件夹\问题四\外部数据抓取\raw\weather_html\jma_47638_49_2025_08_500ed5db1d.html
jma_47638_49,49,47638,2025,8,22,2025-08-22,979.2,1010.3,1007.0,14:34,,,--,,--,29.4,37.3,14:34,24.5,05:40,27.3,68.0,38.0,14:17,https://www.data.jma.go.jp/stats/etrn/view/daily_s1.php?block_no=47638&day=&month=08&prec_no=49&view=a1&year=2025,D:\CQUPT\self_file\competition\gjsschool2026\B题\赛题主要文件夹\问题四\外部数据抓取\raw\weather_html\jma_47638_49_2025_08_500ed5db1d.html
jma_47638_49,49,47638,2025,8,23,2025-08-23,979.3,1010.4,1007.1,14:51,,,--,,--,30.4,38.0,14:34,26.5,06:37,28.7,68.0,38.0,14:06,https://www.data.jma.go.jp/stats/etrn/view/daily_s1.php?block_no=47638&day=&month=08&prec_no=49&view=a1&year=2025,D:\CQUPT\self_file\competition\gjsschool2026\B题\赛题主要文件夹\问题四\外部数据抓取\raw\weather_html\jma_47638_49_2025_08_500ed5db1d.html
jma_47638_49,49,47638,2025,8,24,2025-08-24,980.3,1011.4,1007.5,15:05,8.5,4.5,17:25,4.0,16:35,30.6,38.8,13:31,26.4,23:54,29.6,70.0,33.0,14:28,https://www.data.jma.go.jp/stats/etrn/view/daily_s1.php?block_no=47638&day=&month=08&prec_no=49&view=a1&year=2025,D:\CQUPT\self_file\competition\gjsschool2026\B题\赛题主要文件夹\问题四\外部数据抓取\raw\weather_html\jma_47638_49_2025_08_500ed5db1d.html
jma_47638_49,49,47638,2025,8,25,2025-08-25,981.6,1012.8,1010.0,14:54,0.0,0.0,18:00,0.0,17:10,29.3,36.2,13:14,26.1,05:17,29.9,74.0,47.0,13:16,https://www.data.jma.go.jp/stats/etrn/view/daily_s1.php?block_no=47638&day=&month=08&prec_no=49&view=a1&year=2025,D:\CQUPT\self_file\competition\gjsschool2026\B题\赛题主要文件夹\问题四\外部数据抓取\raw\weather_html\jma_47638_49_2025_08_500ed5db1d.html
jma_47638_49,49,47638,2025,8,26,2025-08-26,980.2,1011.4,1008.3,15:20,,,--,,--,29.8,36.1,14:10,25.8,05:24,28.7,70.0,44.0,12:24,https://www.data.jma.go.jp/stats/etrn/view/daily_s1.php?block_no=47638&day=&month=08&prec_no=49&view=a1&year=2025,D:\CQUPT\self_file\competition\gjsschool2026\B题\赛题主要文件夹\问题四\外部数据抓取\raw\weather_html\jma_47638_49_2025_08_500ed5db1d.html
jma_47638_49,49,47638,2025,8,27,2025-08-27,977.9,1009.0,1004.9,15:56,,,--,,--,30.0,37.2,13:46,25.6,06:31,27.2,66.0,36.0,14:37,https://www.data.jma.go.jp/stats/etrn/view/daily_s1.php?block_no=47638&day=&month=08&prec_no=49&view=a1&year=2025,D:\CQUPT\self_file\competition\gjsschool2026\B题\赛题主要文件夹\问题四\外部数据抓取\raw\weather_html\jma_47638_49_2025_08_500ed5db1d.html
jma_47638_49,49,47638,2025,8,28,2025-08-28,981.1,1012.4,1009.9,14:46,,,--,,--,29.2,35.2,14:00,25.3,03:31,24.8,62.0,43.0,14:46,https://www.data.jma.go.jp/stats/etrn/view/daily_s1.php?block_no=47638&day=&month=08&prec_no=49&view=a1&year=2025,D:\CQUPT\self_file\competition\gjsschool2026\B题\赛题主要文件夹\问题四\外部数据抓取\raw\weather_html\jma_47638_49_2025_08_500ed5db1d.html
jma_47638_49,49,47638,2025,8,29,2025-08-29,982.9,1014.2,1011.2,15:34,,,--,,--,29.1,36.0,14:30,24.8,05:37,25.1,63.0,37.0,14:26,https://www.data.jma.go.jp/stats/etrn/view/daily_s1.php?block_no=47638&day=&month=08&prec_no=49&view=a1&year=2025,D:\CQUPT\self_file\competition\gjsschool2026\B题\赛题主要文件夹\问题四\外部数据抓取\raw\weather_html\jma_47638_49_2025_08_500ed5db1d.html
jma_47638_49,49,47638,2025,8,30,2025-08-30,981.9,1013.1,1009.1,16:18,,,--,,--,30.8,38.7,15:18,25.2,05:09,26.5,62.0,31.0,16:07,https://www.data.jma.go.jp/stats/etrn/view/daily_s1.php?block_no=47638&day=&month=08&prec_no=49&view=a1&year=2025,D:\CQUPT\self_file\competition\gjsschool2026\B题\赛题主要文件夹\问题四\外部数据抓取\raw\weather_html\jma_47638_49_2025_08_500ed5db1d.html
jma_47638_49,49,47638,2025,8,31,2025-08-31,981.1,1012.1,1008.5,14:40,,,--,,--,31.0,38.6,14:15,26.3,05:34,26.6,61.0,36.0,14:21,https://www.data.jma.go.jp/stats/etrn/view/daily_s1.php?block_no=47638&day=&month=08&prec_no=49&view=a1&year=2025,D:\CQUPT\self_file\competition\gjsschool2026\B题\赛题主要文件夹\问题四\外部数据抓取\raw\weather_html\jma_47638_49_2025_08_500ed5db1d.html
jma_47638_49,49,47638,2025,9,1,2025-09-01,980.0,1011.2,1007.7,15:40,,,--,,--,29.9,36.8,14:12,26.0,05:30,27.3,66.0,39.0,14:28,https://www.data.jma.go.jp/stats/etrn/view/daily_s1.php?block_no=47638&day=&month=09&prec_no=49&view=a1&year=2025,D:\CQUPT\self_file\competition\gjsschool2026\B题\赛题主要文件夹\问题四\外部数据抓取\raw\weather_html\jma_47638_49_2025_09_e9b87e8056.html
jma_47638_49,49,47638,2025,9,2,2025-09-02,978.5,1009.6,1005.6,14:54,,,--,,--,30.1,37.6,14:45,26.1,05:54,28.1,68.0,36.0,13:54,https://www.data.jma.go.jp/stats/etrn/view/daily_s1.php?block_no=47638&day=&month=09&prec_no=49&view=a1&year=2025,D:\CQUPT\self_file\competition\gjsschool2026\B题\赛题主要文件夹\问题四\外部数据抓取\raw\weather_html\jma_47638_49_2025_09_e9b87e8056.html
jma_47638_49,49,47638,2025,9,3,2025-09-03,979.7,1010.9,1007.4,13:53,,,--,,--,29.8,38.4,13:03,24.9,06:01,26.3,65.0,28.0,13:45,https://www.data.jma.go.jp/stats/etrn/view/daily_s1.php?block_no=47638&day=&month=09&prec_no=49&view=a1&year=2025,D:\CQUPT\self_file\competition\gjsschool2026\B题\赛题主要文件夹\问题四\外部数据抓取\raw\weather_html\jma_47638_49_2025_09_e9b87e8056.html
jma_47638_49,49,47638,2025,9,4,2025-09-04,981.3,1012.9,1011.0,15:14,4.5,2.5,14:30,1.5,14:19,26.9,31.7,12:48,24.5,21:53,28.7,81.0,58.0,12:55,https://www.data.jma.go.jp/stats/etrn/view/daily_s1.php?block_no=47638&day=&month=09&prec_no=49&view=a1&year=2025,D:\CQUPT\self_file\competition\gjsschool2026\B题\赛题主要文件夹\问题四\外部数据抓取\raw\weather_html\jma_47638_49_2025_09_e9b87e8056.html
jma_47638_49,49,47638,2025,9,5,2025-09-05,975.2,1006.9,1001.3,17:06,87.5,16.0,07:16,5.5,10:06,23.6,26.6,17:15,22.2,23:55,27.7,95.0,79.0,17:09,https://www.data.jma.go.jp/stats/etrn/view/daily_s1.php?block_no=47638&day=&month=09&prec_no=49&view=a1&year=2025,D:\CQUPT\self_file\competition\gjsschool2026\B题\赛题主要文件夹\问题四\外部数据抓取\raw\weather_html\jma_47638_49_2025_09_e9b87e8056.html
jma_47638_49,49,47638,2025,9,6,2025-09-06,977.9,1009.4,1006.4,15:15,,,--,,--,26.2,33.5,14:40,20.3,05:54,24.7,75.0,45.0,12:27,https://www.data.jma.go.jp/stats/etrn/view/daily_s1.php?block_no=47638&day=&month=09&prec_no=49&view=a1&year=2025,D:\CQUPT\self_file\competition\gjsschool2026\B题\赛题主要文件夹\问题四\外部数据抓取\raw\weather_html\jma_47638_49_2025_09_e9b87e8056.html
jma_47638_49,49,47638,2025,9,7,2025-09-07,977.5,1008.8,1005.4,15:04,,,--,,--,27.4,34.0,14:45,22.8,05:33,25.1,70.0,41.0,13:56,https://www.data.jma.go.jp/stats/etrn/view/daily_s1.php?block_no=47638&day=&month=09&prec_no=49&view=a1&year=2025,D:\CQUPT\self_file\competition\gjsschool2026\B题\赛题主要文件夹\问题四\外部数据抓取\raw\weather_html\jma_47638_49_2025_09_e9b87e8056.html
jma_47638_49,49,47638,2025,9,8,2025-09-08,977.3,1008.4,1004.3,14:51,0.0,0.0,23:10,0.0,22:20,29.0,37.7,15:06,22.8,05:29,27.0,70.0,35.0,15:14,https://www.data.jma.go.jp/stats/etrn/view/daily_s1.php?block_no=47638&day=&month=09&prec_no=49&view=a1&year=2025,D:\CQUPT\self_file\competition\gjsschool2026\B题\赛题主要文件夹\问题四\外部数据抓取\raw\weather_html\jma_47638_49_2025_09_e9b87e8056.html
jma_47638_49,49,47638,2025,9,9,2025-09-09,979.0,1010.2,1007.5,14:56,0.0,0.0,08:40,0.0,07:50,29.4,35.2,14:11,26.4,05:04,29.3,73.0,50.0,13:29,https://www.data.jma.go.jp/stats/etrn/view/daily_s1.php?block_no=47638&day=&month=09&prec_no=49&view=a1&year=2025,D:\CQUPT\self_file\competition\gjsschool2026\B题\赛题主要文件夹\问题四\外部数据抓取\raw\weather_html\jma_47638_49_2025_09_e9b87e8056.html
jma_47638_49,49,47638,2025,9,10,2025-09-10,,,,14:14 ),,,--,,--,,,12:24 ),,05:43 ),,,,14:06 ),https://www.data.jma.go.jp/stats/etrn/view/daily_s1.php?block_no=47638&day=&month=09&prec_no=49&view=a1&year=2025,D:\CQUPT\self_file\competition\gjsschool2026\B题\赛题主要文件夹\问题四\外部数据抓取\raw\weather_html\jma_47638_49_2025_09_e9b87e8056.html
jma_47638_49,49,47638,2025,9,11,2025-09-11,982.3,1013.9,1011.4,14:41,41.5,24.5,20:30,8.5,20:06,26.5,32.1,14:36,21.9,21:25,27.4,81.0,51.0,14:37,https://www.data.jma.go.jp/stats/etrn/view/daily_s1.php?block_no=47638&day=&month=09&prec_no=49&view=a1&year=2025,D:\CQUPT\self_file\competition\gjsschool2026\B题\赛题主要文件夹\问题四\外部数据抓取\raw\weather_html\jma_47638_49_2025_09_e9b87e8056.html
jma_47638_49,49,47638,2025,9,12,2025-09-12,985.7,1017.8,1016.0,15:29,28.0,12.5,17:44,5.0,17:29,23.5,27.1,13:49,22.0,21:55,26.8,93.0,73.0,15:27,https://www.data.jma.go.jp/stats/etrn/view/daily_s1.php?block_no=47638&day=&month=09&prec_no=49&view=a1&year=2025,D:\CQUPT\self_file\competition\gjsschool2026\B题\赛题主要文件夹\问题四\外部数据抓取\raw\weather_html\jma_47638_49_2025_09_e9b87e8056.html
jma_47638_49,49,47638,2025,9,13,2025-09-13,981.6,1013.5,1010.0,23:16,2.0,1.0,02:48,0.5,02:33,24.6,27.1,15:58,22.2,04:49,27.3,89.0,76.0,15:21,https://www.data.jma.go.jp/stats/etrn/view/daily_s1.php?block_no=47638&day=&month=09&prec_no=49&view=a1&year=2025,D:\CQUPT\self_file\competition\gjsschool2026\B题\赛题主要文件夹\问题四\外部数据抓取\raw\weather_html\jma_47638_49_2025_09_e9b87e8056.html
jma_47638_49,49,47638,2025,9,14,2025-09-14,979.1,1010.6,1008.7,14:45,0.0,0.0,05:00,0.0,04:10,26.4,29.8,15:04,24.0,05:30,28.6,84.0,67.0,16:24,https://www.data.jma.go.jp/stats/etrn/view/daily_s1.php?block_no=47638&day=&month=09&prec_no=49&view=a1&year=2025,D:\CQUPT\self_file\competition\gjsschool2026\B题\赛题主要文件夹\问题四\外部数据抓取\raw\weather_html\jma_47638_49_2025_09_e9b87e8056.html
jma_47638_49,49,47638,2025,9,15,2025-09-15,982.7,1014.1,1011.5,14:29,0.0,0.0,19:18,0.0,18:28,28.0,33.9,14:37,24.3,04:43,29.1,78.0,54.0,13:58,https://www.data.jma.go.jp/stats/etrn/view/daily_s1.php?block_no=47638&day=&month=09&prec_no=49&view=a1&year=2025,D:\CQUPT\self_file\competition\gjsschool2026\B题\赛题主要文件夹\问题四\外部数据抓取\raw\weather_html\jma_47638_49_2025_09_e9b87e8056.html
jma_47638_49,49,47638,2025,9,16,2025-09-16,982.7,1014.1,1010.6,14:59,,,--,,--,28.8,34.9,14:26,25.5,05:47,28.1,72.0,50.0,14:30,https://www.data.jma.go.jp/stats/etrn/view/daily_s1.php?block_no=47638&day=&month=09&prec_no=49&view=a1&year=2025,D:\CQUPT\self_file\competition\gjsschool2026\B题\赛题主要文件夹\问题四\外部数据抓取\raw\weather_html\jma_47638_49_2025_09_e9b87e8056.html
jma_47638_49,49,47638,2025,9,17,2025-09-17,979.1,1010.4,1006.9,15:57,,,--,,--,28.8,35.5,15:17,24.5,06:13,28.7,74.0,48.0,14:13,https://www.data.jma.go.jp/stats/etrn/view/daily_s1.php?block_no=47638&day=&month=09&prec_no=49&view=a1&year=2025,D:\CQUPT\self_file\competition\gjsschool2026\B题\赛题主要文件夹\问题四\外部数据抓取\raw\weather_html\jma_47638_49_2025_09_e9b87e8056.html
jma_47638_49,49,47638,2025,9,18,2025-09-18,977.2,1008.6,1005.2,13:23,0.0,0.0,24:00,0.0,24:00,27.6,33.7,13:31,25.0,05:27,26.5,72.0,44.0,13:36,https://www.data.jma.go.jp/stats/etrn/view/daily_s1.php?block_no=47638&day=&month=09&prec_no=49&view=a1&year=2025,D:\CQUPT\self_file\competition\gjsschool2026\B题\赛题主要文件夹\问题四\外部数据抓取\raw\weather_html\jma_47638_49_2025_09_e9b87e8056.html
jma_47638_49,49,47638,2025,9,19,2025-09-19,984.3,1016.4,1011.9,00:17,0.0,0.0,16:26,0.0,15:36,23.1,25.4,11:51,21.1,24:00,20.1,71.0,56.0,17:11,https://www.data.jma.go.jp/stats/etrn/view/daily_s1.php?block_no=47638&day=&month=09&prec_no=49&view=a1&year=2025,D:\CQUPT\self_file\competition\gjsschool2026\B题\赛题主要文件夹\问题四\外部数据抓取\raw\weather_html\jma_47638_49_2025_09_e9b87e8056.html
jma_47638_49,49,47638,2025,9,20,2025-09-20,981.3,1013.5,1007.0,23:46,1.5,1.0,13:46,1.0,12:56,21.2,21.9,19:54,20.3,14:21,21.8,87.0,78.0,01:03,https://www.data.jma.go.jp/stats/etrn/view/daily_s1.php?block_no=47638&day=&month=09&prec_no=49&view=a1&year=2025,D:\CQUPT\self_file\competition\gjsschool2026\B题\赛题主要文件夹\问题四\外部数据抓取\raw\weather_html\jma_47638_49_2025_09_e9b87e8056.html
jma_47638_49,49,47638,2025,9,21,2025-09-21,977.3,1009.0,1005.2,13:12,2.0,1.5,03:24,1.0,02:56,24.8,32.7,13:09,20.8,04:02,20.4,68.0,30.0,12:33,https://www.data.jma.go.jp/stats/etrn/view/daily_s1.php?block_no=47638&day=&month=09&prec_no=49&view=a1&year=2025,D:\CQUPT\self_file\competition\gjsschool2026\B题\赛题主要文件夹\问题四\外部数据抓取\raw\weather_html\jma_47638_49_2025_09_e9b87e8056.html
jma_47638_49,49,47638,2025,9,22,2025-09-22,987.3,1019.6,1016.2,00:08,,,--,,--,22.2,27.0,12:45,18.0,05:58,15.3,58.0,41.0,12:39,https://www.data.jma.go.jp/stats/etrn/view/daily_s1.php?block_no=47638&day=&month=09&prec_no=49&view=a1&year=2025,D:\CQUPT\self_file\competition\gjsschool2026\B题\赛题主要文件夹\问题四\外部数据抓取\raw\weather_html\jma_47638_49_2025_09_e9b87e8056.html
jma_47638_49,49,47638,2025,9,23,2025-09-23,989.4,1021.8,1018.8,14:25,,,--,,--,22.0,26.4,14:27,18.5,06:10,14.6,55.0,43.0,13:33,https://www.data.jma.go.jp/stats/etrn/view/daily_s1.php?block_no=47638&day=&month=09&prec_no=49&view=a1&year=2025,D:\CQUPT\self_file\competition\gjsschool2026\B题\赛题主要文件夹\问题四\外部数据抓取\raw\weather_html\jma_47638_49_2025_09_e9b87e8056.html
jma_47638_49,49,47638,2025,9,24,2025-09-24,989.4,1021.8,1018.6,14:25,,,--,,--,22.2,28.8,14:21,16.4,05:49,16.4,63.0,40.0,14:23,https://www.data.jma.go.jp/stats/etrn/view/daily_s1.php?block_no=47638&day=&month=09&prec_no=49&view=a1&year=2025,D:\CQUPT\self_file\competition\gjsschool2026\B题\赛题主要文件夹\问题四\外部数据抓取\raw\weather_html\jma_47638_49_2025_09_e9b87e8056.html
jma_47638_49,49,47638,2025,9,25,2025-09-25,987.2,1019.3,1016.6,15:50,0.0,0.0,19:40,0.0,18:50,23.0,27.2,12:39,20.1,04:58,19.3,69.0,51.0,12:40,https://www.data.jma.go.jp/stats/etrn/view/daily_s1.php?block_no=47638&day=&month=09&prec_no=49&view=a1&year=2025,D:\CQUPT\self_file\competition\gjsschool2026\B题\赛题主要文件夹\问题四\外部数据抓取\raw\weather_html\jma_47638_49_2025_09_e9b87e8056.html
jma_47638_49,49,47638,2025,9,26,2025-09-26,982.7,1014.5,1010.5,15:35,,,--,,--,25.2,33.4,14:25,18.9,05:48,21.5,69.0,38.0,13:43,https://www.data.jma.go.jp/stats/etrn/view/daily_s1.php?block_no=47638&day=&month=09&prec_no=49&view=a1&year=2025,D:\CQUPT\self_file\competition\gjsschool2026\B题\赛题主要文件夹\问题四\外部数据抓取\raw\weather_html\jma_47638_49_2025_09_e9b87e8056.html
jma_47638_49,49,47638,2025,9,27,2025-09-27,983.5,1015.3,1012.9,15:48,,,--,,--,24.6,29.6,14:19,22.0,05:35,19.7,64.0,47.0,14:17,https://www.data.jma.go.jp/stats/etrn/view/daily_s1.php?block_no=47638&day=&month=09&prec_no=49&view=a1&year=2025,D:\CQUPT\self_file\competition\gjsschool2026\B题\赛题主要文件夹\问题四\外部数据抓取\raw\weather_html\jma_47638_49_2025_09_e9b87e8056.html
jma_47638_49,49,47638,2025,9,28,2025-09-28,981.9,1013.8,1008.3,24:00,0.0,0.0,24:00,0.0,24:00,24.3,29.6,12:52,20.5,05:37,19.7,66.0,46.0,14:03,https://www.data.jma.go.jp/stats/etrn/view/daily_s1.php?block_no=47638&day=&month=09&prec_no=49&view=a1&year=2025,D:\CQUPT\self_file\competition\gjsschool2026\B题\赛题主要文件夹\问题四\外部数据抓取\raw\weather_html\jma_47638_49_2025_09_e9b87e8056.html
jma_47638_49,49,47638,2025,9,29,2025-09-29,972.4,1003.9,999.9,15:03,2.0,1.5,08:21,1.0,07:31,24.7,31.9,15:09,21.3,23:27,19.8,66.0,32.0,18:03,https://www.data.jma.go.jp/stats/etrn/view/daily_s1.php?block_no=47638&day=&month=09&prec_no=49&view=a1&year=2025,D:\CQUPT\self_file\competition\gjsschool2026\B题\赛题主要文件夹\问题四\外部数据抓取\raw\weather_html\jma_47638_49_2025_09_e9b87e8056.html
jma_47638_49,49,47638,2025,9,30,2025-09-30,979.1,1011.0,1007.0,00:02,,,--,,--,23.3,27.1,12:01,20.8,05:04,17.7,62.0,49.0,13:04,https://www.data.jma.go.jp/stats/etrn/view/daily_s1.php?block_no=47638&day=&month=09&prec_no=49&view=a1&year=2025,D:\CQUPT\self_file\competition\gjsschool2026\B题\赛题主要文件夹\问题四\外部数据抓取\raw\weather_html\jma_47638_49_2025_09_e9b87e8056.html
jma_47638_49,49,47638,2025,10,1,2025-10-01,980.4,1012.8,1011.2,17:02,8.0,2.5,12:13,1.0,12:00,19.5,21.9,00:06,18.4,23:31,19.9,88.0,68.0,00:06,https://www.data.jma.go.jp/stats/etrn/view/daily_s1.php?block_no=47638&day=&month=10&prec_no=49&view=a1&year=2025,D:\CQUPT\self_file\competition\gjsschool2026\B题\赛题主要文件夹\问题四\外部数据抓取\raw\weather_html\jma_47638_49_2025_10_c3a2cb8664.html
jma_47638_49,49,47638,2025,10,2,2025-10-02,984.3,1016.6,1013.8,14:57,,,--,,--,21.1,27.5,15:16,17.3,06:06,16.8,69.0,32.0,15:53,https://www.data.jma.go.jp/stats/etrn/view/daily_s1.php?block_no=47638&day=&month=10&prec_no=49&view=a1&year=2025,D:\CQUPT\self_file\competition\gjsschool2026\B题\赛题主要文件夹\问题四\外部数据抓取\raw\weather_html\jma_47638_49_2025_10_c3a2cb8664.html
jma_47638_49,49,47638,2025,10,3,2025-10-03,989.8,1022.4,1020.6,15:30,0.0,0.0,24:00,0.0,23:20,20.7,24.5,16:09,16.6,05:59,17.3,72.0,50.0,16:17,https://www.data.jma.go.jp/stats/etrn/view/daily_s1.php?block_no=47638&day=&month=10&prec_no=49&view=a1&year=2025,D:\CQUPT\self_file\competition\gjsschool2026\B题\赛题主要文件夹\问题四\外部数据抓取\raw\weather_html\jma_47638_49_2025_10_c3a2cb8664.html
jma_47638_49,49,47638,2025,10,4,2025-10-04,988.0,1020.7,1018.1,23:50,1.0,0.5,24:00,0.5,23:29,19.5,21.1,12:07,18.1,24:00,19.4,85.0,76.0,12:14,https://www.data.jma.go.jp/stats/etrn/view/daily_s1.php?block_no=47638&day=&month=10&prec_no=49&view=a1&year=2025,D:\CQUPT\self_file\competition\gjsschool2026\B题\赛题主要文件夹\问题四\外部数据抓取\raw\weather_html\jma_47638_49_2025_10_c3a2cb8664.html
jma_47638_49,49,47638,2025,10,5,2025-10-05,981.7,1013.9,1010.3,23:54,0.0,0.5,00:19,0.0,24:00,21.6,24.3,14:50,18.2,00:38,21.2,83.0,68.0,15:25,https://www.data.jma.go.jp/stats/etrn/view/daily_s1.php?block_no=47638&day=&month=10&prec_no=49&view=a1&year=2025,D:\CQUPT\self_file\competition\gjsschool2026\B题\赛题主要文件夹\问题四\外部数据抓取\raw\weather_html\jma_47638_49_2025_10_c3a2cb8664.html
jma_47638_49,49,47638,2025,10,6,2025-10-06,980.0,1011.8,1008.7,13:22,0.0,0.0,23:25,0.0,22:35,24.5,31.6,13:16,20.5,02:44,21.7,73.0,40.0,12:34,https://www.data.jma.go.jp/stats/etrn/view/daily_s1.php?block_no=47638&day=&month=10&prec_no=49&view=a1&year=2025,D:\CQUPT\self_file\competition\gjsschool2026\B题\赛题主要文件夹\问题四\外部数据抓取\raw\weather_html\jma_47638_49_2025_10_c3a2cb8664.html
jma_47638_49,49,47638,2025,10,7,2025-10-07,985.9,1018.2,1016.6,00:05,,,--,,--,22.2,25.8,12:34,20.6,24:00,16.6,62.0,49.0,12:35,https://www.data.jma.go.jp/stats/etrn/view/daily_s1.php?block_no=47638&day=&month=10&prec_no=49&view=a1&year=2025,D:\CQUPT\self_file\competition\gjsschool2026\B题\赛题主要文件夹\问题四\外部数据抓取\raw\weather_html\jma_47638_49_2025_10_c3a2cb8664.html
jma_47638_49,49,47638,2025,10,8,2025-10-08,981.4,1013.3,1009.5,15:29,0.0,0.0,21:54,0.0,21:04,23.6,29.9,14:21,17.4,06:00,19.2,67.0,44.0,14:10,https://www.data.jma.go.jp/stats/etrn/view/daily_s1.php?block_no=47638&day=&month=10&prec_no=49&view=a1&year=2025,D:\CQUPT\self_file\competition\gjsschool2026\B题\赛题主要文件夹\问题四\外部数据抓取\raw\weather_html\jma_47638_49_2025_10_c3a2cb8664.html
jma_47638_49,49,47638,2025,10,9,2025-10-09,980.5,1012.5,1008.9,12:46,0.0,0.0,07:39,0.0,06:49,22.9,27.7,13:40,18.8,22:21,18.5,66.0,52.0,18:31,https://www.data.jma.go.jp/stats/etrn/view/daily_s1.php?block_no=47638&day=&month=10&prec_no=49&view=a1&year=2025,D:\CQUPT\self_file\competition\gjsschool2026\B题\赛题主要文件夹\问题四\外部数据抓取\raw\weather_html\jma_47638_49_2025_10_c3a2cb8664.html
jma_47638_49,49,47638,2025,10,10,2025-10-10,986.4,1019.0,1016.7,13:52,0.0,0.0,06:51,0.0,06:01,19.6,24.7,12:52,17.1,05:41,14.5,64.0,51.0,11:41,https://www.data.jma.go.jp/stats/etrn/view/daily_s1.php?block_no=47638&day=&month=10&prec_no=49&view=a1&year=2025,D:\CQUPT\self_file\competition\gjsschool2026\B题\赛题主要文件夹\问题四\外部数据抓取\raw\weather_html\jma_47638_49_2025_10_c3a2cb8664.html
jma_47638_49,49,47638,2025,10,11,2025-10-11,984.9,1017.6,1014.4,24:00,0.0,0.0,24:00,0.0,23:53,18.8,19.9,14:21,17.9,24:00,16.9,78.0,71.0,00:13,https://www.data.jma.go.jp/stats/etrn/view/daily_s1.php?block_no=47638&day=&month=10&prec_no=49&view=a1&year=2025,D:\CQUPT\self_file\competition\gjsschool2026\B题\赛题主要文件夹\问题四\外部数据抓取\raw\weather_html\jma_47638_49_2025_10_c3a2cb8664.html
jma_47638_49,49,47638,2025,10,12,2025-10-12,979.4,1011.5,1008.7,14:38,,0.0,00:43,,--,21.7,27.0,14:52,17.9,00:05,20.6,80.0,60.0,13:51,https://www.data.jma.go.jp/stats/etrn/view/daily_s1.php?block_no=47638&day=&month=10&prec_no=49&view=a1&year=2025,D:\CQUPT\self_file\competition\gjsschool2026\B题\赛题主要文件夹\问题四\外部数据抓取\raw\weather_html\jma_47638_49_2025_10_c3a2cb8664.html
jma_47638_49,49,47638,2025,10,13,2025-10-13,977.8,1009.7,1005.7,12:59,,,--,,--,23.3,30.1,14:22,19.7,06:07,20.7,74.0,49.0,14:23,https://www.data.jma.go.jp/stats/etrn/view/daily_s1.php?block_no=47638&day=&month=10&prec_no=49&view=a1&year=2025,D:\CQUPT\self_file\competition\gjsschool2026\B题\赛题主要文件夹\问题四\外部数据抓取\raw\weather_html\jma_47638_49_2025_10_c3a2cb8664.html
jma_47638_49,49,47638,2025,10,14,2025-10-14,984.9,1017.5,1013.7,00:02,0.5,0.5,20:21,0.5,19:31,19.0,21.7,01:14,15.7,23:39,17.4,79.0,67.0,01:15,https://www.data.jma.go.jp/stats/etrn/view/daily_s1.php?block_no=47638&day=&month=10&prec_no=49&view=a1&year=2025,D:\CQUPT\self_file\competition\gjsschool2026\B题\赛题主要文件夹\问题四\外部数据抓取\raw\weather_html\jma_47638_49_2025_10_c3a2cb8664.html
jma_47638_49,49,47638,2025,10,15,2025-10-15,987.9,1020.5,1018.1,13:51,4.5,2.0,04:15,1.0,03:59,20.0,25.9,13:59,15.8,04:27,18.0,79.0,57.0,15:47,https://www.data.jma.go.jp/stats/etrn/view/daily_s1.php?block_no=47638&day=&month=10&prec_no=49&view=a1&year=2025,D:\CQUPT\self_file\competition\gjsschool2026\B题\赛题主要文件夹\问题四\外部数据抓取\raw\weather_html\jma_47638_49_2025_10_c3a2cb8664.html
jma_47638_49,49,47638,2025,10,16,2025-10-16,984.5,1017.0,1012.4,17:27,2.0,0.5,23:30,0.5,22:40,20.6,24.4,13:10,17.9,06:43,21.6,89.0,67.0,13:13,https://www.data.jma.go.jp/stats/etrn/view/daily_s1.php?block_no=47638&day=&month=10&prec_no=49&view=a1&year=2025,D:\CQUPT\self_file\competition\gjsschool2026\B题\赛题主要文件夹\问题四\外部数据抓取\raw\weather_html\jma_47638_49_2025_10_c3a2cb8664.html
jma_47638_49,49,47638,2025,10,17,2025-10-17,988.2,1020.5,1014.2,00:09,,0.0,00:44,,--,21.7,28.0,15:01,16.2,24:00,16.0,64.0,30.0,15:12,https://www.data.jma.go.jp/stats/etrn/view/daily_s1.php?block_no=47638&day=&month=10&prec_no=49&view=a1&year=2025,D:\CQUPT\self_file\competition\gjsschool2026\B题\赛题主要文件夹\问题四\外部数据抓取\raw\weather_html\jma_47638_49_2025_10_c3a2cb8664.html
jma_47638_49,49,47638,2025,10,18,2025-10-18,986.5,1019.1,1015.1,15:24,0.0,0.0,16:14,0.0,15:24,19.6,25.3,12:43,14.2,04:37,16.8,74.0,50.0,12:46,https://www.data.jma.go.jp/stats/etrn/view/daily_s1.php?block_no=47638&day=&month=10&prec_no=49&view=a1&year=2025,D:\CQUPT\self_file\competition\gjsschool2026\B题\赛题主要文件夹\问题四\外部数据抓取\raw\weather_html\jma_47638_49_2025_10_c3a2cb8664.html
jma_47638_49,49,47638,2025,10,19,2025-10-19,986.6,1019.1,1016.0,00:37,0.0,0.0,24:00,0.0,23:39,20.0,21.9,14:39,18.0,06:23,18.9,81.0,68.0,14:33,https://www.data.jma.go.jp/stats/etrn/view/daily_s1.php?block_no=47638&day=&month=10&prec_no=49&view=a1&year=2025,D:\CQUPT\self_file\competition\gjsschool2026\B题\赛题主要文件夹\问题四\外部数据抓取\raw\weather_html\jma_47638_49_2025_10_c3a2cb8664.html
jma_47638_49,49,47638,2025,10,20,2025-10-20,985.1,1017.6,1013.5,14:15,0.0,0.0,08:36,0.0,07:46,20.4,26.6,14:10,17.1,24:00,17.1,72.0,52.0,16:36,https://www.data.jma.go.jp/stats/etrn/view/daily_s1.php?block_no=47638&day=&month=10&prec_no=49&view=a1&year=2025,D:\CQUPT\self_file\competition\gjsschool2026\B题\赛题主要文件夹\问题四\外部数据抓取\raw\weather_html\jma_47638_49_2025_10_c3a2cb8664.html
jma_47638_49,49,47638,2025,10,21,2025-10-21,991.5,1024.7,1021.5,00:07,0.0,0.0,14:10,0.0,13:20,15.6,17.3,14:08,13.7,06:40,12.0,68.0,57.0,22:23,https://www.data.jma.go.jp/stats/etrn/view/daily_s1.php?block_no=47638&day=&month=10&prec_no=49&view=a1&year=2025,D:\CQUPT\self_file\competition\gjsschool2026\B题\赛题主要文件夹\问题四\外部数据抓取\raw\weather_html\jma_47638_49_2025_10_c3a2cb8664.html
jma_47638_49,49,47638,2025,10,22,2025-10-22,993.6,1027.4,1026.1,13:39,3.0,2.0,04:51,0.5,12:17,12.8,14.8,00:10,11.7,07:08,12.3,83.0,62.0,00:05,https://www.data.jma.go.jp/stats/etrn/view/daily_s1.php?block_no=47638&day=&month=10&prec_no=49&view=a1&year=2025,D:\CQUPT\self_file\competition\gjsschool2026\B题\赛题主要文件夹\问题四\外部数据抓取\raw\weather_html\jma_47638_49_2025_10_c3a2cb8664.html
jma_47638_49,49,47638,2025,10,23,2025-10-23,992.8,1026.4,1022.7,15:29,,,--,,--,13.3,19.4,15:25,10.0,23:08,10.5,71.0,32.0,15:08,https://www.data.jma.go.jp/stats/etrn/view/daily_s1.php?block_no=47638&day=&month=10&prec_no=49&view=a1&year=2025,D:\CQUPT\self_file\competition\gjsschool2026\B题\赛题主要文件夹\问题四\外部数据抓取\raw\weather_html\jma_47638_49_2025_10_c3a2cb8664.html
jma_47638_49,49,47638,2025,10,24,2025-10-24,992.3,1026.0,1023.5,13:00,2.0,1.0,19:44,0.5,23:10,12.3,17.8,12:57,7.8,05:35,11.6,82.0,59.0,12:32,https://www.data.jma.go.jp/stats/etrn/view/daily_s1.php?block_no=47638&day=&month=10&prec_no=49&view=a1&year=2025,D:\CQUPT\self_file\competition\gjsschool2026\B题\赛题主要文件夹\问题四\外部数据抓取\raw\weather_html\jma_47638_49_2025_10_c3a2cb8664.html
jma_47638_49,49,47638,2025,10,25,2025-10-25,990.4,1023.9,1019.3,24:00,1.0,0.5,23:37,0.5,22:47,13.6,15.8,15:56,11.0,01:57,13.6,88.0,77.0,17:08,https://www.data.jma.go.jp/stats/etrn/view/daily_s1.php?block_no=47638&day=&month=10&prec_no=49&view=a1&year=2025,D:\CQUPT\self_file\competition\gjsschool2026\B题\赛题主要文件夹\问题四\外部数据抓取\raw\weather_html\jma_47638_49_2025_10_c3a2cb8664.html
jma_47638_49,49,47638,2025,10,26,2025-10-26,978.9,1011.6,1005.4,24:00,6.0,3.0,01:34,1.0,01:20,16.1,19.7,15:54,13.6,05:01,17.3,94.0,78.0,14:13,https://www.data.jma.go.jp/stats/etrn/view/daily_s1.php?block_no=47638&day=&month=10&prec_no=49&view=a1&year=2025,D:\CQUPT\self_file\competition\gjsschool2026\B题\赛题主要文件夹\问题四\外部数据抓取\raw\weather_html\jma_47638_49_2025_10_c3a2cb8664.html
jma_47638_49,49,47638,2025,10,27,2025-10-27,975.7,1008.2,1005.0,02:35,,0.0,00:55,0.0,00:05,17.8,25.2,12:24,11.6,24:00,13.2,68.0,27.0,12:45,https://www.data.jma.go.jp/stats/etrn/view/daily_s1.php?block_no=47638&day=&month=10&prec_no=49&view=a1&year=2025,D:\CQUPT\self_file\competition\gjsschool2026\B题\赛题主要文件夹\问题四\外部数据抓取\raw\weather_html\jma_47638_49_2025_10_c3a2cb8664.html
jma_47638_49,49,47638,2025,10,28,2025-10-28,984.8,1018.1,1013.1,00:06,,,--,,--,13.7,21.7,14:05,7.6,06:30,8.5,58.0,24.0,15:51,https://www.data.jma.go.jp/stats/etrn/view/daily_s1.php?block_no=47638&day=&month=10&prec_no=49&view=a1&year=2025,D:\CQUPT\self_file\competition\gjsschool2026\B题\赛题主要文件夹\问题四\外部数据抓取\raw\weather_html\jma_47638_49_2025_10_c3a2cb8664.html
jma_47638_49,49,47638,2025,10,29,2025-10-29,993.7,1027.6,1024.5,15:21,,,--,,--,11.7,18.2,15:31,7.1,06:40,8.6,64.0,37.0,15:35,https://www.data.jma.go.jp/stats/etrn/view/daily_s1.php?block_no=47638&day=&month=10&prec_no=49&view=a1&year=2025,D:\CQUPT\self_file\competition\gjsschool2026\B题\赛题主要文件夹\问题四\外部数据抓取\raw\weather_html\jma_47638_49_2025_10_c3a2cb8664.html
jma_47638_49,49,47638,2025,10,30,2025-10-30,994.3,1028.1,1024.6,15:25,,,--,,--,12.1,19.4,13:37,5.2,06:25,9.6,71.0,40.0,15:36,https://www.data.jma.go.jp/stats/etrn/view/daily_s1.php?block_no=47638&day=&month=10&prec_no=49&view=a1&year=2025,D:\CQUPT\self_file\competition\gjsschool2026\B题\赛题主要文件夹\问题四\外部数据抓取\raw\weather_html\jma_47638_49_2025_10_c3a2cb8664.html
jma_47638_49,49,47638,2025,10,31,2025-10-31,985.0,1018.6,1001.5,24:00,42.0,10.5,22:15,2.5,21:27,12.0,15.1,14:27,9.4,05:07,12.0,86.0,66.0,15:27,https://www.data.jma.go.jp/stats/etrn/view/daily_s1.php?block_no=47638&day=&month=10&prec_no=49&view=a1&year=2025,D:\CQUPT\self_file\competition\gjsschool2026\B题\赛题主要文件夹\问题四\外部数据抓取\raw\weather_html\jma_47638_49_2025_10_c3a2cb8664.html
jma_47638_49,49,47638,2025,11,1,2025-11-01,971.4,1004.4,1001.2,02:03,0.5,5.5,00:11,1.0,00:01,13.0,19.9,15:34,9.2,24:00,12.9,87.0,54.0,17:16,https://www.data.jma.go.jp/stats/etrn/view/daily_s1.php?block_no=47638&day=&month=11&prec_no=49&view=a1&year=2025,D:\CQUPT\self_file\competition\gjsschool2026\B题\赛题主要文件夹\问题四\外部数据抓取\raw\weather_html\jma_47638_49_2025_11_bb49c9af15.html
jma_47638_49,49,47638,2025,11,2,2025-11-02,978.9,1012.2,1009.4,15:01,,,--,,--,11.5,17.9,15:20,7.1,06:19,11.3,84.0,54.0,14:18,https://www.data.jma.go.jp/stats/etrn/view/daily_s1.php?block_no=47638&day=&month=11&prec_no=49&view=a1&year=2025,D:\CQUPT\self_file\competition\gjsschool2026\B题\赛题主要文件夹\问题四\外部数据抓取\raw\weather_html\jma_47638_49_2025_11_bb49c9af15.html
jma_47638_49,49,47638,2025,11,3,2025-11-03,984.9,1018.5,1013.5,00:36,0.0,0.0,13:50,0.0,13:00,11.7,18.7,12:08,6.1,06:20,7.9,62.0,28.0,14:27,https://www.data.jma.go.jp/stats/etrn/view/daily_s1.php?block_no=47638&day=&month=11&prec_no=49&view=a1&year=2025,D:\CQUPT\self_file\competition\gjsschool2026\B题\赛题主要文件夹\问题四\外部数据抓取\raw\weather_html\jma_47638_49_2025_11_bb49c9af15.html
jma_47638_49,49,47638,2025,11,4,2025-11-04,994.2,1028.3,1025.2,15:09,,,--,,--,10.0,16.6,14:23,3.6,06:20,8.0,68.0,33.0,13:55,https://www.data.jma.go.jp/stats/etrn/view/daily_s1.php?block_no=47638&day=&month=11&prec_no=49&view=a1&year=2025,D:\CQUPT\self_file\competition\gjsschool2026\B题\赛题主要文件夹\问题四\外部数据抓取\raw\weather_html\jma_47638_49_2025_11_bb49c9af15.html
jma_47638_49,49,47638,2025,11,5,2025-11-05,992.6,1026.7,1023.4,24:00,,,--,,--,10.1,13.0,15:21,6.2,05:53,9.6,78.0,60.0,15:23,https://www.data.jma.go.jp/stats/etrn/view/daily_s1.php?block_no=47638&day=&month=11&prec_no=49&view=a1&year=2025,D:\CQUPT\self_file\competition\gjsschool2026\B题\赛题主要文件夹\问题四\外部数据抓取\raw\weather_html\jma_47638_49_2025_11_bb49c9af15.html
jma_47638_49,49,47638,2025,11,6,2025-11-06,985.2,1018.4,,14:49 ),,,--,,--,13.9,,15:33 ),,05:53 ),10.8,70.0,,20:08 ),https://www.data.jma.go.jp/stats/etrn/view/daily_s1.php?block_no=47638&day=&month=11&prec_no=49&view=a1&year=2025,D:\CQUPT\self_file\competition\gjsschool2026\B题\赛题主要文件夹\问题四\外部数据抓取\raw\weather_html\jma_47638_49_2025_11_bb49c9af15.html
jma_47638_49,49,47638,2025,11,7,2025-11-07,987.1,1020.6,1016.7,14:12,,,--,,--,13.0,21.3,14:56,6.9,06:03,8.6,60.0,31.0,14:46,https://www.data.jma.go.jp/stats/etrn/view/daily_s1.php?block_no=47638&day=&month=11&prec_no=49&view=a1&year=2025,D:\CQUPT\self_file\competition\gjsschool2026\B题\赛题主要文件夹\问题四\外部数据抓取\raw\weather_html\jma_47638_49_2025_11_bb49c9af15.html
jma_47638_49,49,47638,2025,11,8,2025-11-08,992.1,1026.0,1023.7,13:39,,,--,,--,11.3,17.1,13:27,4.6,06:19,8.7,66.0,39.0,13:30,https://www.data.jma.go.jp/stats/etrn/view/daily_s1.php?block_no=47638&day=&month=11&prec_no=49&view=a1&year=2025,D:\CQUPT\self_file\competition\gjsschool2026\B题\赛题主要文件夹\问题四\外部数据抓取\raw\weather_html\jma_47638_49_2025_11_bb49c9af15.html
jma_47638_49,49,47638,2025,11,9,2025-11-09,982.8,1016.3,1006.9,24:00,4.0,2.5,13:18,1.0,12:57,11.8,12.6,11:11,10.8,05:46,12.0,87.0,74.0,00:59,https://www.data.jma.go.jp/stats/etrn/view/daily_s1.php?block_no=47638&day=&month=11&prec_no=49&view=a1&year=2025,D:\CQUPT\self_file\competition\gjsschool2026\B题\赛题主要文件夹\问题四\外部数据抓取\raw\weather_html\jma_47638_49_2025_11_bb49c9af15.html
jma_47638_49,49,47638,2025,11,10,2025-11-10,974.0,1007.1,,12:36 ),0.0,0.0,11:10,0.0,10:19,13.0,,12:35 ),,24:00 ),9.5,66.0,,15:25 ),https://www.data.jma.go.jp/stats/etrn/view/daily_s1.php?block_no=47638&day=&month=11&prec_no=49&view=a1&year=2025,D:\CQUPT\self_file\competition\gjsschool2026\B题\赛题主要文件夹\问题四\外部数据抓取\raw\weather_html\jma_47638_49_2025_11_bb49c9af15.html
jma_47638_49,49,47638,2025,11,11,2025-11-11,983.6,1017.6,1014.8,00:04,,,--,,--,8.3,14.0,14:59,3.5,06:03,7.5,70.0,44.0,16:04,https://www.data.jma.go.jp/stats/etrn/view/daily_s1.php?block_no=47638&day=&month=11&prec_no=49&view=a1&year=2025,D:\CQUPT\self_file\competition\gjsschool2026\B题\赛题主要文件夹\问题四\外部数据抓取\raw\weather_html\jma_47638_49_2025_11_bb49c9af15.html
jma_47638_49,49,47638,2025,11,12,2025-11-12,989.7,1024.0,1022.1,14:08,,,--,,--,7.3,12.2,15:20,2.0,06:34,7.5,75.0,48.0,14:33,https://www.data.jma.go.jp/stats/etrn/view/daily_s1.php?block_no=47638&day=&month=11&prec_no=49&view=a1&year=2025,D:\CQUPT\self_file\competition\gjsschool2026\B题\赛题主要文件夹\问题四\外部数据抓取\raw\weather_html\jma_47638_49_2025_11_bb49c9af15.html
jma_47638_49,49,47638,2025,11,13,2025-11-13,983.2,1017.2,1013.5,15:14,,,--,,--,8.0,11.0,15:46,5.1,05:44,8.7,82.0,63.0,15:46,https://www.data.jma.go.jp/stats/etrn/view/daily_s1.php?block_no=47638&day=&month=11&prec_no=49&view=a1&year=2025,D:\CQUPT\self_file\competition\gjsschool2026\B题\赛题主要文件夹\问题四\外部数据抓取\raw\weather_html\jma_47638_49_2025_11_bb49c9af15.html
jma_47638_49,49,47638,2025,11,14,2025-11-14,981.8,1015.4,1011.9,13:52,,,--,,--,11.1,19.1,15:01,2.9,06:38,8.6,69.0,34.0,15:16,https://www.data.jma.go.jp/stats/etrn/view/daily_s1.php?block_no=47638&day=&month=11&prec_no=49&view=a1&year=2025,D:\CQUPT\self_file\competition\gjsschool2026\B题\赛题主要文件夹\问题四\外部数据抓取\raw\weather_html\jma_47638_49_2025_11_bb49c9af15.html
jma_47638_49,49,47638,2025,11,15,2025-11-15,989.7,1023.2,1018.5,00:06,,,--,,--,12.9,18.8,14:12,8.6,07:02,9.1,62.0,34.0,15:15,https://www.data.jma.go.jp/stats/etrn/view/daily_s1.php?block_no=47638&day=&month=11&prec_no=49&view=a1&year=2025,D:\CQUPT\self_file\competition\gjsschool2026\B题\赛题主要文件夹\问题四\外部数据抓取\raw\weather_html\jma_47638_49_2025_11_bb49c9af15.html
jma_47638_49,49,47638,2025,11,16,2025-11-16,993.6,1027.2,1024.6,14:39,,,--,,--,13.4,18.5,13:46,9.9,07:13,9.7,63.0,45.0,13:49,https://www.data.jma.go.jp/stats/etrn/view/daily_s1.php?block_no=47638&day=&month=11&prec_no=49&view=a1&year=2025,D:\CQUPT\self_file\competition\gjsschool2026\B题\赛题主要文件夹\问题四\外部数据抓取\raw\weather_html\jma_47638_49_2025_11_bb49c9af15.html
jma_47638_49,49,47638,2025,11,17,2025-11-17,983.0,1016.4,1009.3,24:00,,,--,,--,13.1,18.7,15:28,7.1,05:40,9.7,67.0,34.0,24:00,https://www.data.jma.go.jp/stats/etrn/view/daily_s1.php?block_no=47638&day=&month=11&prec_no=49&view=a1&year=2025,D:\CQUPT\self_file\competition\gjsschool2026\B题\赛题主要文件夹\问题四\外部数据抓取\raw\weather_html\jma_47638_49_2025_11_bb49c9af15.html
jma_47638_49,49,47638,2025,11,18,2025-11-18,977.4,1010.7,1007.6,12:28,,,--,,--,11.9,17.2,11:24,6.0,23:56,5.6,42.0,20.0,13:08,https://www.data.jma.go.jp/stats/etrn/view/daily_s1.php?block_no=47638&day=&month=11&prec_no=49&view=a1&year=2025,D:\CQUPT\self_file\competition\gjsschool2026\B题\赛题主要文件夹\问题四\外部数据抓取\raw\weather_html\jma_47638_49_2025_11_bb49c9af15.html
jma_47638_49,49,47638,2025,11,19,2025-11-19,986.6,1020.7,1015.5,00:05,,,--,,--,7.6,13.9,13:41,2.2,05:44,6.2,61.0,33.0,12:42,https://www.data.jma.go.jp/stats/etrn/view/daily_s1.php?block_no=47638&day=&month=11&prec_no=49&view=a1&year=2025,D:\CQUPT\self_file\competition\gjsschool2026\B题\赛题主要文件夹\问题四\外部数据抓取\raw\weather_html\jma_47638_49_2025_11_bb49c9af15.html
jma_47638_49,49,47638,2025,11,20,2025-11-20,987.7,1021.9,1018.3,15:48,,,--,,--,7.2,14.2,14:23,1.4,06:33,7.2,73.0,41.0,13:16,https://www.data.jma.go.jp/stats/etrn/view/daily_s1.php?block_no=47638&day=&month=11&prec_no=49&view=a1&year=2025,D:\CQUPT\self_file\competition\gjsschool2026\B题\赛题主要文件夹\问题四\外部数据抓取\raw\weather_html\jma_47638_49_2025_11_bb49c9af15.html
jma_47638_49,49,47638,2025,11,21,2025-11-21,983.4,1017.4,1012.5,15:19,,,--,,--,8.4,16.4,15:09,1.0,05:34,7.0,67.0,35.0,15:10,https://www.data.jma.go.jp/stats/etrn/view/daily_s1.php?block_no=47638&day=&month=11&prec_no=49&view=a1&year=2025,D:\CQUPT\self_file\competition\gjsschool2026\B题\赛题主要文件夹\问题四\外部数据抓取\raw\weather_html\jma_47638_49_2025_11_bb49c9af15.html
jma_47638_49,49,47638,2025,11,22,2025-11-22,988.9,1022.9,1018.0,00:03,,,--,,--,9.9,17.2,14:08,2.5,06:59,7.8,66.0,34.0,12:48,https://www.data.jma.go.jp/stats/etrn/view/daily_s1.php?block_no=47638&day=&month=11&prec_no=49&view=a1&year=2025,D:\CQUPT\self_file\competition\gjsschool2026\B题\赛题主要文件夹\问题四\外部数据抓取\raw\weather_html\jma_47638_49_2025_11_bb49c9af15.html
jma_47638_49,49,47638,2025,11,23,2025-11-23,989.6,1023.6,1020.2,15:25,,,--,,--,9.8,17.2,15:09,3.9,05:15,9.0,76.0,48.0,14:54,https://www.data.jma.go.jp/stats/etrn/view/daily_s1.php?block_no=47638&day=&month=11&prec_no=49&view=a1&year=2025,D:\CQUPT\self_file\competition\gjsschool2026\B题\赛题主要文件夹\问题四\外部数据抓取\raw\weather_html\jma_47638_49_2025_11_bb49c9af15.html
jma_47638_49,49,47638,2025,11,24,2025-11-24,984.8,1018.6,1014.7,15:16,,,--,,--,10.3,17.6,14:57,4.3,06:41,8.3,70.0,31.0,15:09,https://www.data.jma.go.jp/stats/etrn/view/daily_s1.php?block_no=47638&day=&month=11&prec_no=49&view=a1&year=2025,D:\CQUPT\self_file\competition\gjsschool2026\B题\赛题主要文件夹\问题四\外部数据抓取\raw\weather_html\jma_47638_49_2025_11_bb49c9af15.html
jma_47638_49,49,47638,2025,11,25,2025-11-25,979.9,1013.8,1011.4,17:27,0.5,0.5,15:55,0.5,15:05,7.5,9.8,14:40,5.5,23:18,9.0,87.0,75.0,09:38,https://www.data.jma.go.jp/stats/etrn/view/daily_s1.php?block_no=47638&day=&month=11&prec_no=49&view=a1&year=2025,D:\CQUPT\self_file\competition\gjsschool2026\B题\赛题主要文件夹\问题四\外部数据抓取\raw\weather_html\jma_47638_49_2025_11_bb49c9af15.html
jma_47638_49,49,47638,2025,11,26,2025-11-26,982.8,1016.5,1011.8,03:10,,,--,,--,10.1,18.4,14:21,5.7,02:09,8.1,69.0,32.0,14:23,https://www.data.jma.go.jp/stats/etrn/view/daily_s1.php?block_no=47638&day=&month=11&prec_no=49&view=a1&year=2025,D:\CQUPT\self_file\competition\gjsschool2026\B题\赛题主要文件夹\问题四\外部数据抓取\raw\weather_html\jma_47638_49_2025_11_bb49c9af15.html
jma_47638_49,49,47638,2025,11,27,2025-11-27,985.8,1019.8,1012.2,24:00,0.0,0.0,24:00,0.0,23:39,8.7,14.9,14:41,3.0,06:59,8.4,76.0,48.0,13:56,https://www.data.jma.go.jp/stats/etrn/view/daily_s1.php?block_no=47638&day=&month=11&prec_no=49&view=a1&year=2025,D:\CQUPT\self_file\competition\gjsschool2026\B题\赛题主要文件夹\问题四\外部数据抓取\raw\weather_html\jma_47638_49_2025_11_bb49c9af15.html
jma_47638_49,49,47638,2025,11,28,2025-11-28,976.3,1009.6,1005.9,13:50,1.5,1.5,04:20,1.0,03:30,11.0,17.6,11:40,5.7,23:56,7.7,63.0,25.0,14:47,https://www.data.jma.go.jp/stats/etrn/view/daily_s1.php?block_no=47638&day=&month=11&prec_no=49&view=a1&year=2025,D:\CQUPT\self_file\competition\gjsschool2026\B题\赛题主要文件夹\问题四\外部数据抓取\raw\weather_html\jma_47638_49_2025_11_bb49c9af15.html
jma_47638_49,49,47638,2025,11,29,2025-11-29,984.2,1018.1,1015.7,14:12,,,--,,--,8.7,12.9,16:36,2.1,06:51,7.0,64.0,45.0,14:06,https://www.data.jma.go.jp/stats/etrn/view/daily_s1.php?block_no=47638&day=&month=11&prec_no=49&view=a1&year=2025,D:\CQUPT\self_file\competition\gjsschool2026\B题\赛题主要文件夹\问题四\外部数据抓取\raw\weather_html\jma_47638_49_2025_11_bb49c9af15.html
jma_47638_49,49,47638,2025,11,30,2025-11-30,985.4,1019.4,1016.0,14:38,,,--,,--,8.9,16.4,14:56,3.2,06:44,8.0,72.0,39.0,14:47,https://www.data.jma.go.jp/stats/etrn/view/daily_s1.php?block_no=47638&day=&month=11&prec_no=49&view=a1&year=2025,D:\CQUPT\self_file\competition\gjsschool2026\B题\赛题主要文件夹\问题四\外部数据抓取\raw\weather_html\jma_47638_49_2025_11_bb49c9af15.html
jma_47638_49,49,47638,2025,12,1,2025-12-01,983.6,1017.5,1013.6,16:10,,,--,,--,8.9,17.2,14:53,2.2,07:08,7.9,72.0,38.0,14:41,https://www.data.jma.go.jp/stats/etrn/view/daily_s1.php?block_no=47638&day=&month=12&prec_no=49&view=a1&year=2025,D:\CQUPT\self_file\competition\gjsschool2026\B题\赛题主要文件夹\问题四\外部数据抓取\raw\weather_html\jma_47638_49_2025_12_c304b0cec9.html
jma_47638_49,49,47638,2025,12,2,2025-12-02,980.7,1014.3,1010.4,16:07,,,--,,--,10.4,18.5,14:32,3.8,06:59,9.1,75.0,43.0,14:36,https://www.data.jma.go.jp/stats/etrn/view/daily_s1.php?block_no=47638&day=&month=12&prec_no=49&view=a1&year=2025,D:\CQUPT\self_file\competition\gjsschool2026\B题\赛题主要文件夹\问题四\外部数据抓取\raw\weather_html\jma_47638_49_2025_12_c304b0cec9.html
jma_47638_49,49,47638,2025,12,3,2025-12-03,972.8,1006.4,1001.2,16:39,0.0,0.0,22:19,0.0,21:29,8.3,13.6,15:58,5.6,23:43,7.3,67.0,24.0,23:54,https://www.data.jma.go.jp/stats/etrn/view/daily_s1.php?block_no=47638&day=&month=12&prec_no=49&view=a1&year=2025,D:\CQUPT\self_file\competition\gjsschool2026\B题\赛题主要文件夹\问题四\外部数据抓取\raw\weather_html\jma_47638_49_2025_12_c304b0cec9.html
jma_47638_49,49,47638,2025,12,4,2025-12-04,979.5,1013.6,1006.1,00:05,,,--,,--,5.7,10.5,13:26,-0.3,23:45,2.7,31.0,15.0,14:23,https://www.data.jma.go.jp/stats/etrn/view/daily_s1.php?block_no=47638&day=&month=12&prec_no=49&view=a1&year=2025,D:\CQUPT\self_file\competition\gjsschool2026\B题\赛题主要文件夹\问题四\外部数据抓取\raw\weather_html\jma_47638_49_2025_12_c304b0cec9.html
jma_47638_49,49,47638,2025,12,5,2025-12-05,983.1,1017.6,1013.5,13:26,,,--,,--,3.8,11.0,13:35,-2.8,06:28,3.9,51.0,27.0,14:12,https://www.data.jma.go.jp/stats/etrn/view/daily_s1.php?block_no=47638&day=&month=12&prec_no=49&view=a1&year=2025,D:\CQUPT\self_file\competition\gjsschool2026\B题\赛题主要文件夹\问题四\外部数据抓取\raw\weather_html\jma_47638_49_2025_12_c304b0cec9.html
jma_47638_49,49,47638,2025,12,6,2025-12-06,989.0,1023.8,1020.6,16:11,,,--,,--,3.5,11.4,14:53,-2.8,07:01,4.8,63.0,36.0,14:43,https://www.data.jma.go.jp/stats/etrn/view/daily_s1.php?block_no=47638&day=&month=12&prec_no=49&view=a1&year=2025,D:\CQUPT\self_file\competition\gjsschool2026\B题\赛题主要文件夹\问题四\外部数据抓取\raw\weather_html\jma_47638_49_2025_12_c304b0cec9.html
jma_47638_49,49,47638,2025,12,7,2025-12-07,985.7,1020.2,1015.9,14:41,,,--,,--,5.0,14.0,15:16,-2.1,06:47,5.5,67.0,33.0,15:45,https://www.data.jma.go.jp/stats/etrn/view/daily_s1.php?block_no=47638&day=&month=12&prec_no=49&view=a1&year=2025,D:\CQUPT\self_file\competition\gjsschool2026\B题\赛题主要文件夹\问题四\外部数据抓取\raw\weather_html\jma_47638_49_2025_12_c304b0cec9.html
jma_47638_49,49,47638,2025,12,8,2025-12-08,983.7,1017.7,1013.0,14:33,,,--,,--,7.7,15.3,14:42,-1.0,07:02,5.5,57.0,27.0,14:34,https://www.data.jma.go.jp/stats/etrn/view/daily_s1.php?block_no=47638&day=&month=12&prec_no=49&view=a1&year=2025,D:\CQUPT\self_file\competition\gjsschool2026\B题\赛题主要文件夹\问题四\外部数据抓取\raw\weather_html\jma_47638_49_2025_12_c304b0cec9.html
jma_47638_49,49,47638,2025,12,9,2025-12-09,986.2,1020.3,1016.5,00:18,0.0,0.0,21:40,0.0,20:50,7.8,13.6,14:48,1.5,06:59,5.4,52.0,31.0,13:06,https://www.data.jma.go.jp/stats/etrn/view/daily_s1.php?block_no=47638&day=&month=12&prec_no=49&view=a1&year=2025,D:\CQUPT\self_file\competition\gjsschool2026\B题\赛题主要文件夹\问题四\外部数据抓取\raw\weather_html\jma_47638_49_2025_12_c304b0cec9.html
jma_47638_49,49,47638,2025,12,10,2025-12-10,988.3,1022.8,1019.0,14:17,,,--,,--,5.7,13.2,13:38,-0.2,06:32,5.2,60.0,31.0,16:06,https://www.data.jma.go.jp/stats/etrn/view/daily_s1.php?block_no=47638&day=&month=12&prec_no=49&view=a1&year=2025,D:\CQUPT\self_file\competition\gjsschool2026\B题\赛题主要文件夹\问题四\外部数据抓取\raw\weather_html\jma_47638_49_2025_12_c304b0cec9.html
jma_47638_49,49,47638,2025,12,11,2025-12-11,983.3,1017.5,1010.3,22:11,0.0,0.0,24:00,0.0,24:00,6.4,13.2,15:18,0.1,06:10,5.8,62.0,39.0,14:41,https://www.data.jma.go.jp/stats/etrn/view/daily_s1.php?block_no=47638&day=&month=12&prec_no=49&view=a1&year=2025,D:\CQUPT\self_file\competition\gjsschool2026\B题\赛题主要文件夹\问题四\外部数据抓取\raw\weather_html\jma_47638_49_2025_12_c304b0cec9.html
jma_47638_49,49,47638,2025,12,12,2025-12-12,986.7,1021.0,1011.2,01:20,0.0,0.0,02:15,0.0,01:25,7.1,12.7,01:11,1.5,22:44,3.6,36.0,21.0,12:37,https://www.data.jma.go.jp/stats/etrn/view/daily_s1.php?block_no=47638&day=&month=12&prec_no=49&view=a1&year=2025,D:\CQUPT\self_file\competition\gjsschool2026\B题\赛题主要文件夹\问题四\外部数据抓取\raw\weather_html\jma_47638_49_2025_12_c304b0cec9.html
jma_47638_49,49,47638,2025,12,13,2025-12-13,991.5,1026.5,1020.7,24:00,1.5,1.5,23:21,0.5,23:16,2.6,8.4,14:13,-2.1,06:54,4.2,57.0,34.0,14:27,https://www.data.jma.go.jp/stats/etrn/view/daily_s1.php?block_no=47638&day=&month=12&prec_no=49&view=a1&year=2025,D:\CQUPT\self_file\competition\gjsschool2026\B题\赛题主要文件夹\问题四\外部数据抓取\raw\weather_html\jma_47638_49_2025_12_c304b0cec9.html
jma_47638_49,49,47638,2025,12,14,2025-12-14,972.3,1006.3,999.6,15:42,3.5,1.5,07:35,0.5,07:44,5.0,9.1,23:51,2.4,08:15,7.5,86.0,41.0,23:52,https://www.data.jma.go.jp/stats/etrn/view/daily_s1.php?block_no=47638&day=&month=12&prec_no=49&view=a1&year=2025,D:\CQUPT\self_file\competition\gjsschool2026\B题\赛题主要文件夹\问题四\外部数据抓取\raw\weather_html\jma_47638_49_2025_12_c304b0cec9.html
jma_47638_49,49,47638,2025,12,15,2025-12-15,980.2,1014.1,1004.5,00:24,,,--,,--,8.0,12.6,12:28,1.2,23:54,4.4,44.0,23.0,13:47,https://www.data.jma.go.jp/stats/etrn/view/daily_s1.php?block_no=47638&day=&month=12&prec_no=49&view=a1&year=2025,D:\CQUPT\self_file\competition\gjsschool2026\B题\赛题主要文件夹\问题四\外部数据抓取\raw\weather_html\jma_47638_49_2025_12_c304b0cec9.html
jma_47638_49,49,47638,2025,12,16,2025-12-16,986.6,1021.3,1018.1,15:42,,,--,,--,3.5,10.4,15:05,-2.1,06:33,5.2,68.0,41.0,14:25,https://www.data.jma.go.jp/stats/etrn/view/daily_s1.php?block_no=47638&day=&month=12&prec_no=49&view=a1&year=2025,D:\CQUPT\self_file\competition\gjsschool2026\B题\赛题主要文件夹\问题四\外部数据抓取\raw\weather_html\jma_47638_49_2025_12_c304b0cec9.html
jma_47638_49,49,47638,2025,12,17,2025-12-17,983.9,1018.2,1014.1,16:32,0.0,0.0,22:43,0.0,21:53,5.3,12.0,14:53,-1.7,06:25,6.7,77.0,46.0,13:30,https://www.data.jma.go.jp/stats/etrn/view/daily_s1.php?block_no=47638&day=&month=12&prec_no=49&view=a1&year=2025,D:\CQUPT\self_file\competition\gjsschool2026\B题\赛题主要文件夹\问题四\外部数据抓取\raw\weather_html\jma_47638_49_2025_12_c304b0cec9.html
jma_47638_49,49,47638,2025,12,18,2025-12-18,988.4,1022.6,1017.0,00:31,,,--,,--,7.1,13.6,15:00,1.1,07:12,6.1,64.0,30.0,15:11,https://www.data.jma.go.jp/stats/etrn/view/daily_s1.php?block_no=47638&day=&month=12&prec_no=49&view=a1&year=2025,D:\CQUPT\self_file\competition\gjsschool2026\B题\赛题主要文件夹\问题四\外部数据抓取\raw\weather_html\jma_47638_49_2025_12_c304b0cec9.html
jma_47638_49,49,47638,2025,12,19,2025-12-19,994.6,1029.0,1026.7,14:46,,,--,,--,7.3,13.4,14:48,1.4,07:10,6.6,65.0,44.0,12:54,https://www.data.jma.go.jp/stats/etrn/view/daily_s1.php?block_no=47638&day=&month=12&prec_no=49&view=a1&year=2025,D:\CQUPT\self_file\competition\gjsschool2026\B题\赛题主要文件夹\问题四\外部数据抓取\raw\weather_html\jma_47638_49_2025_12_c304b0cec9.html
jma_47638_49,49,47638,2025,12,20,2025-12-20,992.8,1027.1,1022.6,24:00,3.5,2.5,17:51,1.0,17:29,7.5,10.3,12:35,4.2,01:00,8.8,85.0,66.0,12:45,https://www.data.jma.go.jp/stats/etrn/view/daily_s1.php?block_no=47638&day=&month=12&prec_no=49&view=a1&year=2025,D:\CQUPT\self_file\competition\gjsschool2026\B题\赛题主要文件夹\问题四\外部数据抓取\raw\weather_html\jma_47638_49_2025_12_c304b0cec9.html
jma_47638_49,49,47638,2025,12,21,2025-12-21,983.6,1017.3,1013.5,20:42,0.0,0.0,23:03,0.0,22:13,10.2,12.5,15:37,7.7,03:51,11.6,94.0,80.0,23:04,https://www.data.jma.go.jp/stats/etrn/view/daily_s1.php?block_no=47638&day=&month=12&prec_no=49&view=a1&year=2025,D:\CQUPT\self_file\competition\gjsschool2026\B题\赛题主要文件夹\问题四\外部数据抓取\raw\weather_html\jma_47638_49_2025_12_c304b0cec9.html
jma_47638_49,49,47638,2025,12,22,2025-12-22,988.9,1023.0,1014.4,00:10,,,--,,--,8.3,11.2,13:33,4.5,24:00,6.1,56.0,39.0,13:55,https://www.data.jma.go.jp/stats/etrn/view/daily_s1.php?block_no=47638&day=&month=12&prec_no=49&view=a1&year=2025,D:\CQUPT\self_file\competition\gjsschool2026\B题\赛题主要文件夹\问题四\外部数据抓取\raw\weather_html\jma_47638_49_2025_12_c304b0cec9.html
jma_47638_49,49,47638,2025,12,23,2025-12-23,993.9,1028.6,1025.3,16:08,0.0,0.0,24:00,0.0,24:00,5.5,10.9,13:48,-0.3,07:05,6.0,68.0,43.0,14:58,https://www.data.jma.go.jp/stats/etrn/view/daily_s1.php?block_no=47638&day=&month=12&prec_no=49&view=a1&year=2025,D:\CQUPT\self_file\competition\gjsschool2026\B题\赛题主要文件夹\问题四\外部数据抓取\raw\weather_html\jma_47638_49_2025_12_c304b0cec9.html
jma_47638_49,49,47638,2025,12,24,2025-12-24,984.2,1018.5,1011.8,23:56,11.0,2.5,10:48,1.0,11:31,5.8,6.9,16:28,4.4,07:12,8.8,95.0,67.0,00:02,https://www.data.jma.go.jp/stats/etrn/view/daily_s1.php?block_no=47638&day=&month=12&prec_no=49&view=a1&year=2025,D:\CQUPT\self_file\competition\gjsschool2026\B题\赛题主要文件夹\问题四\外部数据抓取\raw\weather_html\jma_47638_49_2025_12_c304b0cec9.html
jma_47638_49,49,47638,2025,12,25,2025-12-25,969.4,1003.0,996.6,24:00,2.5,1.5,18:17,0.5,18:21,7.4,9.5,15:59,5.5,06:43,10.2,99.0,91.0,14:46,https://www.data.jma.go.jp/stats/etrn/view/daily_s1.php?block_no=47638&day=&month=12&prec_no=49&view=a1&year=2025,D:\CQUPT\self_file\competition\gjsschool2026\B题\赛题主要文件夹\问题四\外部数据抓取\raw\weather_html\jma_47638_49_2025_12_c304b0cec9.html
jma_47638_49,49,47638,2025,12,26,2025-12-26,971.0,1004.9,996.0,03:01,0.0,0.0,15:26,0.0,14:36,5.5,9.1,11:20,0.8,23:59,4.6,50.0,26.0,18:44,https://www.data.jma.go.jp/stats/etrn/view/daily_s1.php?block_no=47638&day=&month=12&prec_no=49&view=a1&year=2025,D:\CQUPT\self_file\competition\gjsschool2026\B题\赛题主要文件夹\问题四\外部数据抓取\raw\weather_html\jma_47638_49_2025_12_c304b0cec9.html
jma_47638_49,49,47638,2025,12,27,2025-12-27,984.4,1019.3,1016.0,00:06,,,--,,--,1.2,7.2,14:20,-4.1,07:05,3.8,58.0,32.0,13:35,https://www.data.jma.go.jp/stats/etrn/view/daily_s1.php?block_no=47638&day=&month=12&prec_no=49&view=a1&year=2025,D:\CQUPT\self_file\competition\gjsschool2026\B题\赛题主要文件夹\问题四\外部数据抓取\raw\weather_html\jma_47638_49_2025_12_c304b0cec9.html
jma_47638_49,49,47638,2025,12,28,2025-12-28,987.5,1022.5,1019.4,14:38,,,--,,--,1.8,10.0,14:37,-3.9,07:19,4.7,71.0,34.0,16:09,https://www.data.jma.go.jp/stats/etrn/view/daily_s1.php?block_no=47638&day=&month=12&prec_no=49&view=a1&year=2025,D:\CQUPT\self_file\competition\gjsschool2026\B题\赛题主要文件夹\问题四\外部数据抓取\raw\weather_html\jma_47638_49_2025_12_c304b0cec9.html
jma_47638_49,49,47638,2025,12,29,2025-12-29,986.2,1020.9,1016.5,15:26,,,--,,--,2.9,10.6,14:45,-3.2,07:15,5.3,73.0,45.0,15:36,https://www.data.jma.go.jp/stats/etrn/view/daily_s1.php?block_no=47638&day=&month=12&prec_no=49&view=a1&year=2025,D:\CQUPT\self_file\competition\gjsschool2026\B题\赛题主要文件夹\问题四\外部数据抓取\raw\weather_html\jma_47638_49_2025_12_c304b0cec9.html
jma_47638_49,49,47638,2025,12,30,2025-12-30,981.1,1015.3,1011.1,15:12,,,--,,--,5.7,15.7,14:40,-1.6,07:15,5.4,64.0,24.0,15:24,https://www.data.jma.go.jp/stats/etrn/view/daily_s1.php?block_no=47638&day=&month=12&prec_no=49&view=a1&year=2025,D:\CQUPT\self_file\competition\gjsschool2026\B题\赛题主要文件夹\问题四\外部数据抓取\raw\weather_html\jma_47638_49_2025_12_c304b0cec9.html
jma_47638_49,49,47638,2025,12,31,2025-12-31,978.1,1012.3,1007.8,15:00,,,--,,--,4.9,13.4,15:03,-2.0,06:32,4.4,56.0,21.0,14:50,https://www.data.jma.go.jp/stats/etrn/view/daily_s1.php?block_no=47638&day=&month=12&prec_no=49&view=a1&year=2025,D:\CQUPT\self_file\competition\gjsschool2026\B题\赛题主要文件夹\问题四\外部数据抓取\raw\weather_html\jma_47638_49_2025_12_c304b0cec9.html
