样品类型,样品编号,测量天数,观测剩磁(mT),保留率R,动态阈值(mT),反推初值点估计(mT),反推初值下界(mT),反推初值上界(mT),区间相对宽度,反推初值裕度(mT),校准Z值,Bootstrap支持率,校准支持概率,三区域判定,高风险提示
小号铁钉,1,1,2.1788,0.875958,0.875958,2.487333,2.480031,2.4944,0.005777,1.487333,3.586799,0.9995,0.999833,支持曾遭雷击,否
小号铁钉,1,2,1.9523,0.808559,0.808559,2.414542,2.407396,2.42145,0.005821,1.414542,3.418115,0.9995,0.999685,支持曾遭雷击,否
小号铁钉,1,3,1.7493,0.745802,0.745802,2.34553,2.338356,2.352492,0.006027,1.34553,3.257389,0.9995,0.999438,支持曾遭雷击,否
小号铁钉,1,4,1.6555,0.698656,0.698656,2.36955,2.36322,2.375705,0.005269,1.36955,3.313448,0.9995,0.999539,支持曾遭雷击,否
小号铁钉,1,5,1.5628,0.651078,0.651078,2.400327,2.394465,2.406007,0.004808,1.400327,3.385122,0.9995,0.999644,支持曾遭雷击,否
小号铁钉,1,6,1.4781,0.616501,0.616501,2.397562,2.393314,2.401635,0.003471,1.397562,3.378734,0.9995,0.999636,支持曾遭雷击,否
小号铁钉,1,7,1.3985,0.57979,0.57979,2.412079,2.408947,2.415082,0.002543,1.412079,3.41251,0.9995,0.999678,支持曾遭雷击,否
小号铁钉,1,8,1.3258,0.553038,0.553038,2.397304,2.396073,2.39847,0.001,1.397304,3.37818,0.9995,0.999635,支持曾遭雷击,否
小号铁钉,1,9,1.251,0.516667,0.516667,2.421288,2.420508,2.422114,0.000663,1.421288,3.433931,0.9995,0.999703,支持曾遭雷击,否
小号铁钉,1,10,1.1781,0.474942,0.474942,2.480511,2.479638,2.481415,0.000716,1.480511,3.571184,0.9995,0.999822,支持曾遭雷击,否
小号铁钉,1,11,1.1079,0.432305,0.432305,2.562776,2.561031,2.564511,0.001358,1.562776,3.760864,0.9995,0.999915,支持曾遭雷击,否
小号铁钉,1,12,1.0437,0.396366,0.396366,2.633174,2.630774,2.635619,0.00184,1.633174,3.922265,0.9995,0.999956,支持曾遭雷击,否
小号铁钉,1,13,0.9911,0.389712,0.389712,2.543158,2.541091,2.545323,0.001664,1.543158,3.715729,0.9995,0.999899,支持曾遭雷击,否
小号铁钉,1,14,0.9371,0.369112,0.369112,2.538795,2.535056,2.54267,0.002999,1.538795,3.705653,0.9995,0.999895,支持曾遭雷击,否
小号铁钉,1,15,0.8838,0.345197,0.345197,2.560277,2.555599,2.56512,0.003719,1.560277,3.755061,0.9995,0.999913,支持曾遭雷击,否
小号铁钉,1,22,0.4879,0.212358,0.212358,2.297533,2.288977,2.306167,0.007482,1.297533,3.145105,0.9995,0.99917,支持曾遭雷击,否
小号铁钉,1,30,0.2638,0.111506,0.111506,2.365802,2.357829,2.373945,0.006812,1.365802,3.30464,0.9995,0.999525,支持曾遭雷击,否
小号铁钉,1,37,0.1678,0.071699,0.071699,2.340329,2.325771,2.3553,0.012617,1.340329,3.244787,0.9995,0.999412,支持曾遭雷击,否
小号铁钉,1,44,0.1009,0.041917,0.041917,2.407113,2.391391,2.423545,0.013358,1.407113,3.40023,0.9995,0.999663,灰区/证据不足,是
小号铁钉,1,51,0.0602,0.022821,0.022821,2.637914,2.623402,2.652524,0.01104,1.637914,3.932434,0.9995,0.999958,灰区/证据不足,是
小号铁钉,1,58,0.0263,0.011383,0.011383,2.31056,2.30372,2.31739,0.005916,1.31056,3.175674,0.9995,0.999253,灰区/证据不足,是
小号铁钉,1,90,0.0014,0.00058,0.00058,2.413728,2.379502,2.44427,0.026833,1.413728,3.413525,0.9995,0.999679,灰区/证据不足,是
小号铁钉,2,1,3.3088,0.875958,0.875958,3.777349,3.76626,3.788081,0.005777,2.777349,6.412989,0.9995,1.0,支持曾遭雷击,否
小号铁钉,2,2,2.9648,0.808559,0.808559,3.66677,3.655917,3.67726,0.005821,2.66677,6.183919,0.9995,1.0,支持曾遭雷击,否
小号铁钉,2,3,2.6566,0.745802,0.745802,3.562073,3.551178,3.572646,0.006027,2.562073,5.964617,0.9995,1.0,支持曾遭雷击,否
小号铁钉,2,4,2.5142,0.698656,0.698656,3.598624,3.589011,3.607972,0.005269,2.598624,6.041566,0.9995,1.0,支持曾遭雷击,否
小号铁钉,2,5,2.3734,0.651078,0.651078,3.645339,3.636437,3.653965,0.004808,2.645339,6.139414,0.9995,1.0,支持曾遭雷击,否
小号铁钉,2,6,2.2448,0.616501,0.616501,3.641193,3.634741,3.647378,0.003471,2.641193,6.130923,0.9995,1.0,支持曾遭雷击,否
小号铁钉,2,7,2.1238,0.57979,0.57979,3.663049,3.658292,3.667608,0.002543,2.663049,6.176622,0.9995,1.0,支持曾遭雷击,否
小号铁钉,2,8,2.0134,0.553038,0.553038,3.640618,3.638749,3.64239,0.001,2.640618,6.129901,0.9995,1.0,支持曾遭雷击,否
小号铁钉,2,9,1.8998,0.516667,0.516667,3.677029,3.675843,3.678283,0.000663,2.677029,6.205844,0.9995,1.0,支持曾遭雷击,否
小号铁钉,2,10,1.7892,0.474942,0.474942,3.767193,3.765868,3.768566,0.000716,2.767193,6.392656,0.9995,1.0,支持曾遭雷击,否
小号铁钉,2,11,1.6825,0.432305,0.432305,3.891931,3.889281,3.894566,0.001358,2.891931,6.648181,0.9995,1.0,支持曾遭雷击,否
小号铁钉,2,12,1.585,0.396366,0.396366,3.998832,3.995187,4.002544,0.00184,2.998832,6.864448,0.9995,1.0,支持曾遭雷击,否
小号铁钉,2,13,1.5051,0.389712,0.389712,3.86208,3.85894,3.865367,0.001664,2.86208,6.587316,0.9995,1.0,支持曾遭雷击,否
小号铁钉,2,14,1.4231,0.369112,0.369112,3.855468,3.84979,3.861353,0.002999,2.855468,6.573701,0.9995,1.0,支持曾遭雷击,否
小号铁钉,2,15,1.3422,0.345197,0.345197,3.888214,3.88111,3.89557,0.003719,2.888214,6.640398,0.9995,1.0,支持曾遭雷击,否
小号铁钉,2,22,0.741,0.212358,0.212358,3.489386,3.476393,3.5025,0.007482,2.489386,5.810782,0.9995,1.0,支持曾遭雷击,否
小号铁钉,2,30,0.4007,0.111506,0.111506,3.593544,3.581433,3.605913,0.006812,2.593544,6.030621,0.9995,1.0,支持曾遭雷击,否
小号铁钉,2,37,0.2548,0.071699,0.071699,3.55373,3.531624,3.576463,0.012617,2.55373,5.945248,0.9995,1.0,支持曾遭雷击,否
小号铁钉,2,44,0.1533,0.041917,0.041917,3.65719,3.633303,3.682155,0.013358,2.65719,6.161562,0.9995,1.0,灰区/证据不足,是
小号铁钉,2,51,0.0915,0.022821,0.022821,4.009454,3.987397,4.031661,0.01104,3.009454,6.883351,0.9995,1.0,灰区/证据不足,是
小号铁钉,2,58,0.04,0.011383,0.011383,3.514159,3.503757,3.524548,0.005916,2.514159,5.86355,0.9995,1.0,灰区/证据不足,是
小号铁钉,2,90,0.0022,0.00058,0.00058,3.793002,3.739217,3.840996,0.026833,2.793002,6.433744,0.9995,1.0,灰区/证据不足,是
小号铁钉,3,1,2.8798,0.875958,0.875958,3.2876,3.277948,3.29694,0.005777,2.2876,5.378841,0.9995,1.0,支持曾遭雷击,否
小号铁钉,3,2,2.5805,0.808559,0.808559,3.19148,3.182034,3.20061,0.005821,2.19148,5.170051,0.9995,1.0,支持曾遭雷击,否
小号铁钉,3,3,2.3122,0.745802,0.745802,3.100288,3.090806,3.109491,0.006027,2.100288,4.970259,0.9995,1.0,支持曾遭雷击,否
小号铁钉,3,4,2.1882,0.698656,0.698656,3.132014,3.123647,3.14015,0.005269,2.132014,5.040033,0.9995,1.0,支持曾遭雷击,否
小号铁钉,3,5,2.0657,0.651078,0.651078,3.172739,3.16499,3.180246,0.004808,2.172739,5.129252,0.9995,1.0,支持曾遭雷击,否
小号铁钉,3,6,1.9538,0.616501,0.616501,3.169175,3.163559,3.174558,0.003471,2.169175,5.121572,0.9995,1.0,支持曾遭雷击,否
小号铁钉,3,7,1.8484,0.57979,0.57979,3.188049,3.183909,3.192018,0.002543,2.188049,5.162865,0.9995,1.0,支持曾遭雷击,否
小号铁钉,3,8,1.7524,0.553038,0.553038,3.16868,3.167053,3.170221,0.001,2.16868,5.120607,0.9995,1.0,支持曾遭雷击,否
小号铁钉,3,9,1.6535,0.516667,0.516667,3.20032,3.199288,3.201411,0.000663,2.20032,5.189699,0.9995,1.0,支持曾遭雷击,否
小号铁钉,3,10,1.5572,0.474942,0.474942,3.278713,3.277559,3.279908,0.000716,2.278713,5.360008,0.9995,1.0,支持曾遭雷击,否
小号铁钉,3,11,1.4643,0.432305,0.432305,3.387194,3.384888,3.389488,0.001358,2.387194,5.593618,0.9995,1.0,支持曾遭雷击,否
小号铁钉,3,12,1.3795,0.396366,0.396366,3.480371,3.477199,3.483603,0.00184,2.480371,5.792332,0.9995,1.0,支持曾遭雷击,否
小号铁钉,3,13,1.31,0.389712,0.389712,3.361454,3.358722,3.364315,0.001664,2.361454,5.53839,0.9995,1.0,支持曾遭雷击,否
小号铁钉,3,14,1.2386,0.369112,0.369112,3.35562,3.350678,3.360742,0.002999,2.35562,5.525782,0.9995,1.0,支持曾遭雷击,否
小号铁钉,3,15,1.1682,0.345197,0.345197,3.384154,3.377971,3.390556,0.003719,2.384154,5.58696,0.9995,1.0,支持曾遭雷击,否
小号铁钉,3,22,0.6449,0.212358,0.212358,3.036849,3.025541,3.048262,0.007482,2.036849,4.830167,0.9995,0.999999,支持曾遭雷击,否
小号铁钉,3,30,0.3487,0.111506,0.111506,3.1272,3.11666,3.137963,0.006812,2.1272,5.029285,0.9995,1.0,支持曾遭雷击,否
小号铁钉,3,37,0.2217,0.071699,0.071699,3.09208,3.072846,3.11186,0.012617,2.09208,4.951027,0.9995,1.0,支持曾遭雷击,否
小号铁钉,3,44,0.1334,0.041917,0.041917,3.182447,3.161661,3.204172,0.013358,2.182447,5.148771,0.9995,1.0,灰区/证据不足,是
小号铁钉,3,51,0.0796,0.022821,0.022821,3.488006,3.468817,3.507325,0.01104,2.488006,5.806905,0.9995,1.0,灰区/证据不足,是
小号铁钉,3,58,0.0348,0.011383,0.011383,3.057319,3.048269,3.066357,0.005916,2.057319,4.875597,0.9995,0.999999,灰区/证据不足,是
小号铁钉,3,90,0.0019,0.00058,0.00058,3.275774,3.229324,3.317223,0.026833,2.275774,5.345877,0.9995,1.0,灰区/证据不足,是
小号铁钉,4,1,2.6183,0.875958,0.875958,2.989069,2.980294,2.997562,0.005777,1.989069,4.724412,0.9995,0.999999,支持曾遭雷击,否
小号铁钉,4,2,2.3461,0.808559,0.808559,2.901582,2.892993,2.909882,0.005821,1.901582,4.529345,0.9995,0.999997,支持曾遭雷击,否
小号铁钉,4,3,2.1023,0.745802,0.745802,2.818846,2.810224,2.827213,0.006027,1.818846,4.343551,0.9995,0.999993,支持曾遭雷击,否
小号铁钉,4,4,1.9895,0.698656,0.698656,2.84761,2.840004,2.855008,0.005269,1.84761,4.408349,0.9995,0.999995,支持曾遭雷击,否
小号铁钉,4,5,1.8781,0.651078,0.651078,2.884601,2.877556,2.891426,0.004808,1.884601,4.49141,0.9995,0.999996,支持曾遭雷击,否
小号铁钉,4,6,1.7763,0.616501,0.616501,2.88126,2.876154,2.886154,0.003471,1.88126,4.484002,0.9995,0.999996,支持曾遭雷击,否
小号铁钉,4,7,1.6806,0.57979,0.57979,2.898634,2.89487,2.902242,0.002543,1.898634,4.52297,0.9995,0.999997,支持曾遭雷击,否
小号铁钉,4,8,1.5932,0.553038,0.553038,2.880815,2.879336,2.882217,0.001,1.880815,4.483092,0.9995,0.999996,支持曾遭雷击,否
小号铁钉,4,9,1.5033,0.516667,0.516667,2.90961,2.908672,2.910603,0.000663,1.90961,4.547579,0.9995,0.999997,支持曾遭雷击,否
小号铁钉,4,10,1.4158,0.474942,0.474942,2.980992,2.979944,2.982079,0.000716,1.980992,4.706755,0.9995,0.999999,支持曾遭雷击,否
小号铁钉,4,11,1.3314,0.432305,0.432305,3.079772,3.077675,3.081858,0.001358,2.079772,4.92541,0.9995,1.0,支持曾遭雷击,否
小号铁钉,4,12,1.2543,0.396366,0.396366,3.164501,3.161617,3.167439,0.00184,2.164501,5.111445,0.9995,1.0,支持曾遭雷击,否
小号铁钉,4,13,1.191,0.389712,0.389712,3.056101,3.053616,3.058702,0.001664,2.056101,4.873171,0.9995,0.999999,支持曾遭雷击,否
小号铁钉,4,14,1.1261,0.369112,0.369112,3.050834,3.046341,3.055491,0.002999,2.050834,4.861482,0.9995,0.999999,支持曾遭雷击,否
小号铁钉,4,15,1.0621,0.345197,0.345197,3.076793,3.071172,3.082614,0.003719,2.076793,4.918736,0.9995,1.0,支持曾遭雷击,否
小号铁钉,4,22,0.5864,0.212358,0.212358,2.761371,2.751089,2.771749,0.007482,1.761371,4.213638,0.9995,0.999987,支持曾遭雷击,否
小号铁钉,4,30,0.3171,0.111506,0.111506,2.843806,2.834221,2.853593,0.006812,1.843806,4.399657,0.9995,0.999995,支持曾遭雷击,否
小号铁钉,4,37,0.2016,0.071699,0.071699,2.811742,2.794252,2.829729,0.012617,1.811742,4.32668,0.9995,0.999992,支持曾遭雷击,否
小号铁钉,4,44,0.1213,0.041917,0.041917,2.893784,2.874884,2.913538,0.013358,1.893784,4.510735,0.9995,0.999997,灰区/证据不足,是
小号铁钉,4,51,0.0724,0.022821,0.022821,3.172508,3.155055,3.190079,0.01104,2.172508,5.127734,0.9995,1.0,灰区/证据不足,是
小号铁钉,4,58,0.0317,0.011383,0.011383,2.784971,2.776728,2.793204,0.005916,1.784971,4.267149,0.9995,0.99999,灰区/证据不足,是
小号铁钉,4,90,0.0017,0.00058,0.00058,2.930956,2.889395,2.968042,0.026833,1.930956,4.589811,0.9995,0.999998,灰区/证据不足,是
小号铁钉,5,1,1.7502,0.875958,0.875958,1.99804,1.992175,2.003717,0.005777,0.99804,2.437066,0.9995,0.992597,支持曾遭雷击,否
小号铁钉,5,2,1.5683,0.808559,0.808559,1.939623,1.933882,1.945172,0.005821,0.939623,2.297465,0.9995,0.989204,支持曾遭雷击,否
小号铁钉,5,3,1.4052,0.745802,0.745802,1.884147,1.878384,1.88974,0.006027,0.884147,2.164472,0.9995,0.984786,支持曾遭雷击,否
小号铁钉,5,4,1.3299,0.698656,0.698656,1.903512,1.898427,1.908457,0.005269,0.903512,2.210955,0.9995,0.986481,支持曾遭雷击,否
小号铁钉,5,5,1.2554,0.651078,0.651078,1.928187,1.923478,1.932749,0.004808,0.928187,2.270104,0.9995,0.988399,支持曾遭雷击,否
小号铁钉,5,6,1.1874,0.616501,0.616501,1.92603,1.922617,1.929302,0.003471,0.92603,2.264957,0.9995,0.988242,支持曾遭雷击,否
小号铁钉,5,7,1.1234,0.57979,0.57979,1.937597,1.935081,1.940009,0.002543,0.937597,2.292668,0.9995,0.989066,支持曾遭雷击,否
小号铁钉,5,8,1.065,0.553038,0.553038,1.925727,1.924738,1.926664,0.001,0.925727,2.264251,0.9995,0.988221,支持曾遭雷击,否
小号铁钉,5,9,1.0049,0.516667,0.516667,1.944966,1.944339,1.945629,0.000663,0.944966,2.310317,0.9995,0.989565,支持曾遭雷击,否
小号铁钉,5,10,0.9464,0.474942,0.474942,1.992662,1.991961,1.993388,0.000716,0.992662,2.424304,0.9995,0.992331,支持曾遭雷击,否
小号铁钉,5,11,0.8899,0.432305,0.432305,2.058502,2.0571,2.059896,0.001358,1.058502,2.581138,0.9995,0.995076,支持曾遭雷击,否
小号铁钉,5,12,0.8384,0.396366,0.396366,2.115218,2.11329,2.117182,0.00184,1.115218,2.715751,0.9995,0.996694,支持曾遭雷击,否
小号铁钉,5,13,0.7961,0.389712,0.389712,2.042789,2.041128,2.044528,0.001664,1.042789,2.543761,0.9995,0.994517,支持曾遭雷击,否
小号铁钉,5,14,0.7528,0.369112,0.369112,2.039489,2.036485,2.042602,0.002999,1.039489,2.535893,0.9995,0.994392,支持曾遭雷击,否
小号铁钉,5,15,0.7099,0.345197,0.345197,2.056507,2.052749,2.060397,0.003719,1.056507,2.576368,0.9995,0.995008,支持曾遭雷击,否
小号铁钉,5,22,0.392,0.212358,0.212358,1.845937,1.839063,1.852874,0.007482,0.845937,2.072616,0.9995,0.980896,支持曾遭雷击,否
小号铁钉,5,30,0.2119,0.111506,0.111506,1.900354,1.89395,1.906895,0.006812,0.900354,2.203349,0.9995,0.986215,支持曾遭雷击,否
小号铁钉,5,37,0.1348,0.071699,0.071699,1.880074,1.868379,1.8921,0.012617,0.880074,2.15449,0.9995,0.984399,支持曾遭雷击,否
小号铁钉,5,44,0.0811,0.041917,0.041917,1.934756,1.922119,1.947963,0.013358,0.934756,2.285537,0.9995,0.988859,灰区/证据不足,是
小号铁钉,5,51,0.0484,0.022821,0.022821,2.120848,2.10918,2.132594,0.01104,1.120848,2.72878,0.9995,0.996822,灰区/证据不足,是
小号铁钉,5,58,0.0212,0.011383,0.011383,1.862504,1.856991,1.86801,0.005916,0.862504,2.112487,0.9995,0.982678,灰区/证据不足,是
小号铁钉,5,90,0.0012,0.00058,0.00058,2.06891,2.039573,2.095088,0.026833,1.06891,2.604257,0.9995,0.995396,灰区/证据不足,是
小号铁钉,6,1,1.7501,0.875958,0.875958,1.997926,1.992061,2.003603,0.005777,0.997926,2.436794,0.9995,0.992591,支持曾遭雷击,否
小号铁钉,6,2,1.5682,0.808559,0.808559,1.9395,1.933759,1.945048,0.005821,0.9395,2.297169,0.9995,0.989195,支持曾遭雷击,否
小号铁钉,6,3,1.4052,0.745802,0.745802,1.884147,1.878384,1.88974,0.006027,0.884147,2.164472,0.9995,0.984786,支持曾遭雷击,否
小号铁钉,6,4,1.3298,0.698656,0.698656,1.903369,1.898284,1.908313,0.005269,0.903369,2.210611,0.9995,0.986469,支持曾遭雷击,否
小号铁钉,6,5,1.2554,0.651078,0.651078,1.928187,1.923478,1.932749,0.004808,0.928187,2.270104,0.9995,0.988399,支持曾遭雷击,否
小号铁钉,6,6,1.1874,0.616501,0.616501,1.92603,1.922617,1.929302,0.003471,0.92603,2.264957,0.9995,0.988242,支持曾遭雷击,否
小号铁钉,6,7,1.1233,0.57979,0.57979,1.937425,1.934909,1.939836,0.002543,0.937425,2.292255,0.9995,0.989055,支持曾遭雷击,否
小号铁钉,6,8,1.065,0.553038,0.553038,1.925727,1.924738,1.926664,0.001,0.925727,2.264251,0.9995,0.988221,支持曾遭雷击,否
小号铁钉,6,9,1.0049,0.516667,0.516667,1.944966,1.944339,1.945629,0.000663,0.944966,2.310317,0.9995,0.989565,支持曾遭雷击,否
小号铁钉,6,10,0.9464,0.474942,0.474942,1.992662,1.991961,1.993388,0.000716,0.992662,2.424304,0.9995,0.992331,支持曾遭雷击,否
小号铁钉,6,11,0.8899,0.432305,0.432305,2.058502,2.0571,2.059896,0.001358,1.058502,2.581138,0.9995,0.995076,支持曾遭雷击,否
小号铁钉,6,12,0.8384,0.396366,0.396366,2.115218,2.11329,2.117182,0.00184,1.115218,2.715751,0.9995,0.996694,支持曾遭雷击,否
小号铁钉,6,13,0.7961,0.389712,0.389712,2.042789,2.041128,2.044528,0.001664,1.042789,2.543761,0.9995,0.994517,支持曾遭雷击,否
小号铁钉,6,14,0.7527,0.369112,0.369112,2.039218,2.036214,2.04233,0.002999,1.039218,2.535248,0.9995,0.994382,支持曾遭雷击,否
小号铁钉,6,15,0.7099,0.345197,0.345197,2.056507,2.052749,2.060397,0.003719,1.056507,2.576368,0.9995,0.995008,支持曾遭雷击,否
小号铁钉,6,22,0.3919,0.212358,0.212358,1.845466,1.838594,1.852402,0.007482,0.845466,2.071483,0.9995,0.980843,支持曾遭雷击,否
小号铁钉,6,30,0.2119,0.111506,0.111506,1.900354,1.89395,1.906895,0.006812,0.900354,2.203349,0.9995,0.986215,支持曾遭雷击,否
小号铁钉,6,37,0.1348,0.071699,0.071699,1.880074,1.868379,1.8921,0.012617,0.880074,2.15449,0.9995,0.984399,支持曾遭雷击,否
小号铁钉,6,44,0.0811,0.041917,0.041917,1.934756,1.922119,1.947963,0.013358,0.934756,2.285537,0.9995,0.988859,灰区/证据不足,是
小号铁钉,6,51,0.0484,0.022821,0.022821,2.120848,2.10918,2.132594,0.01104,1.120848,2.72878,0.9995,0.996822,灰区/证据不足,是
小号铁钉,6,58,0.0212,0.011383,0.011383,1.862504,1.856991,1.86801,0.005916,0.862504,2.112487,0.9995,0.982678,灰区/证据不足,是
小号铁钉,6,90,0.0012,0.00058,0.00058,2.06891,2.039573,2.095088,0.026833,1.06891,2.604257,0.9995,0.995396,灰区/证据不足,是
小号铁钉,7,1,1.5581,0.875958,0.875958,1.778738,1.773516,1.783791,0.005777,0.778738,1.910697,0.9995,0.971978,灰区/证据不足,否
小号铁钉,7,2,1.3961,0.808559,0.808559,1.726652,1.721541,1.731592,0.005821,0.726652,1.784795,0.9995,0.962853,灰区/证据不足,否
小号铁钉,7,3,1.251,0.745802,0.745802,1.67739,1.672259,1.682369,0.006027,0.67739,1.665425,0.9995,0.952086,灰区/证据不足,否
小号铁钉,7,4,1.1839,0.698656,0.698656,1.694539,1.690013,1.698941,0.005269,0.694539,1.707021,0.9995,0.956091,灰区/证据不足,否
小号铁钉,7,5,1.1176,0.651078,0.651078,1.716538,1.712346,1.7206,0.004808,0.716538,1.760324,0.9995,0.960824,灰区/证据不足,否
小号铁钉,7,6,1.0571,0.616501,0.616501,1.714676,1.711638,1.717589,0.003471,0.714676,1.755828,0.9995,0.960441,灰区/证据不足,否
小号铁钉,7,7,1.0001,0.57979,0.57979,1.724934,1.722694,1.727081,0.002543,0.724934,1.78067,0.9995,0.962517,灰区/证据不足,否
小号铁钉,7,8,0.9481,0.553038,0.553038,1.714349,1.713469,1.715183,0.001,0.714349,1.755048,0.9995,0.960374,灰区/证据不足,否
小号铁钉,7,9,0.8946,0.516667,0.516667,1.731482,1.730924,1.732073,0.000663,0.731482,1.796525,0.9995,0.963794,灰区/证据不足,否
小号铁钉,7,10,0.8425,0.474942,0.474942,1.773899,1.773275,1.774545,0.000716,0.773899,1.899058,0.9995,0.971222,灰区/证据不足,否
小号铁钉,7,11,0.7923,0.432305,0.432305,1.832735,1.831487,1.833976,0.001358,0.832735,2.04092,0.9995,0.979371,支持曾遭雷击,否
小号铁钉,7,12,0.7464,0.396366,0.396366,1.883109,1.881393,1.884857,0.00184,0.883109,2.162034,0.9995,0.984692,支持曾遭雷击,否
小号铁钉,7,13,0.7088,0.389712,0.389712,1.818778,1.817299,1.820326,0.001664,0.818778,2.007303,0.9995,0.977641,支持曾遭雷击,否
小号铁钉,7,14,0.6701,0.369112,0.369112,1.815438,1.812764,1.818209,0.002999,0.815438,1.999247,0.9995,0.977209,支持曾遭雷击,否
小号铁钉,7,15,0.632,0.345197,0.345197,1.830838,1.827493,1.834302,0.003719,0.830838,2.036336,0.9995,0.979142,支持曾遭雷击,否
小号铁钉,7,22,0.3489,0.212358,0.212358,1.642978,1.63686,1.649153,0.007482,0.642978,1.581861,0.9995,0.943159,灰区/证据不足,否
小号铁钉,7,30,0.1887,0.111506,0.111506,1.692293,1.686589,1.698118,0.006812,0.692293,1.701556,0.9995,0.955581,灰区/证据不足,否
小号铁钉,7,37,0.12,0.071699,0.071699,1.673656,1.663245,1.684362,0.012617,0.673656,1.656243,0.9995,0.951164,灰区/证据不足,否
小号铁钉,7,44,0.0722,0.041917,0.041917,1.722434,1.711184,1.734192,0.013358,0.722434,1.774414,0.9995,0.962003,灰区/证据不足,是
小号铁钉,7,51,0.0431,0.022821,0.022821,1.888606,1.878216,1.899066,0.01104,0.888606,2.175034,0.9995,0.985186,灰区/证据不足,是
小号铁钉,7,58,0.0188,0.011383,0.011383,1.651655,1.646766,1.656538,0.005916,0.651655,1.60296,0.9995,0.945528,灰区/证据不足,是
小号铁钉,7,90,0.001,0.00058,0.00058,1.724092,1.699644,1.745907,0.026833,0.724092,1.777857,0.9995,0.962286,灰区/证据不足,是
小号铁钉,8,1,3.143,0.875958,0.875958,3.588071,3.577537,3.598265,0.005777,2.588071,6.019304,0.9995,1.0,支持曾遭雷击,否
小号铁钉,8,2,2.8163,0.808559,0.808559,3.48311,3.472801,3.493074,0.005821,2.48311,5.797706,0.9995,1.0,支持曾遭雷击,否
小号铁钉,8,3,2.5235,0.745802,0.745802,3.383607,3.373258,3.393651,0.006027,2.383607,5.585501,0.9995,1.0,支持曾遭雷击,否
小号铁钉,8,4,2.3882,0.698656,0.698656,3.418277,3.409146,3.427157,0.005269,2.418277,5.659779,0.9995,1.0,支持曾遭雷击,否
小号铁钉,8,5,2.2545,0.651078,0.651078,3.462719,3.454263,3.470912,0.004808,2.462719,5.754554,0.9995,1.0,支持曾遭雷击,否
小号铁钉,8,6,2.1323,0.616501,0.616501,3.458712,3.452583,3.464587,0.003471,2.458712,5.746175,0.9995,1.0,支持曾遭雷击,否
小号铁钉,8,7,2.0173,0.57979,0.57979,3.479361,3.474843,3.483693,0.002543,2.479361,5.790142,0.9995,1.0,支持曾遭雷击,否
小号铁钉,8,8,1.9125,0.553038,0.553038,3.458172,3.456396,3.459854,0.001,2.458172,5.745178,0.9995,1.0,支持曾遭雷击,否
小号铁钉,8,9,1.8046,0.516667,0.516667,3.492771,3.491645,3.493962,0.000663,2.492771,5.818682,0.9995,1.0,支持曾遭雷击,否
小号铁钉,8,10,1.6995,0.474942,0.474942,3.578328,3.577069,3.579632,0.000716,2.578328,5.999345,0.9995,1.0,支持曾遭雷击,否
小号铁钉,8,11,1.5981,0.432305,0.432305,3.696698,3.694181,3.699201,0.001358,2.696698,6.246723,0.9995,1.0,支持曾遭雷击,否
小号铁钉,8,12,1.5056,0.396366,0.396366,3.798512,3.79505,3.802038,0.00184,2.798512,6.457088,0.9995,1.0,支持曾遭雷击,否
小号铁钉,8,13,1.4297,0.389712,0.389712,3.668604,3.665622,3.671726,0.001664,2.668604,6.18826,0.9995,1.0,支持曾遭雷击,否
小号铁钉,8,14,1.3518,0.369112,0.369112,3.662302,3.656908,3.667892,0.002999,2.662302,6.17503,0.9995,1.0,支持曾遭雷击,否
小号铁钉,8,15,1.2749,0.345197,0.345197,3.693253,3.686505,3.70024,0.003719,2.693253,6.239377,0.9995,1.0,支持曾遭雷击,否
小号铁钉,8,22,0.7039,0.212358,0.212358,3.314682,3.302339,3.327138,0.007482,2.314682,5.437121,0.9995,1.0,支持曾遭雷击,否
小号铁钉,8,30,0.3806,0.111506,0.111506,3.413284,3.40178,3.425032,0.006812,2.413284,5.648868,0.9995,1.0,支持曾遭雷击,否
小号铁钉,8,37,0.242,0.071699,0.071699,3.375206,3.354212,3.396798,0.012617,2.375206,5.565957,0.9995,1.0,支持曾遭雷击,否
小号铁钉,8,44,0.1456,0.041917,0.041917,3.473495,3.450808,3.497207,0.013358,2.473495,5.775246,0.9995,1.0,灰区/证据不足,是
小号铁钉,8,51,0.0869,0.022821,0.022821,3.807886,3.786938,3.828976,0.01104,2.807886,6.474232,0.9995,1.0,灰区/证据不足,是
小号铁钉,8,58,0.038,0.011383,0.011383,3.338451,3.328569,3.348321,0.005916,2.338451,5.488583,0.9995,1.0,灰区/证据不足,是
小号铁钉,8,90,0.0021,0.00058,0.00058,3.620592,3.569253,3.666405,0.026833,2.620592,6.0775,0.9995,1.0,灰区/证据不足,是
小号铁钉,9,1,2.6231,0.875958,0.875958,2.994549,2.985758,3.003057,0.005777,1.994549,4.736581,0.9995,0.999999,支持曾遭雷击,否
小号铁钉,9,2,2.3505,0.808559,0.808559,2.907023,2.898419,2.91534,0.005821,1.907023,4.54152,0.9995,0.999997,支持曾遭雷击,否
小号铁钉,9,3,2.1061,0.745802,0.745802,2.823941,2.815304,2.832324,0.006027,1.823941,4.355029,0.9995,0.999993,支持曾遭雷击,否
小号铁钉,9,4,1.9932,0.698656,0.698656,2.852906,2.845285,2.860317,0.005269,1.852906,4.420251,0.9995,0.999995,支持曾遭雷击,否
小号铁钉,9,5,1.8816,0.651078,0.651078,2.889977,2.882919,2.896815,0.004808,1.889977,4.503456,0.9995,0.999997,支持曾遭雷击,否
小号铁钉,9,6,1.7796,0.616501,0.616501,2.886612,2.881497,2.891516,0.003471,1.886612,4.496,0.9995,0.999997,支持曾遭雷击,否
小号铁钉,9,7,1.6837,0.57979,0.57979,2.903981,2.90021,2.907596,0.002543,1.903981,4.534937,0.9995,0.999997,支持曾遭雷击,否
小号铁钉,9,8,1.5962,0.553038,0.553038,2.88624,2.884758,2.887644,0.001,1.88624,4.495251,0.9995,0.999997,支持曾遭雷击,否
小号铁钉,9,9,1.5061,0.516667,0.516667,2.91503,2.91409,2.916024,0.000663,1.91503,4.559697,0.9995,0.999997,支持曾遭雷击,否
小号铁钉,9,10,1.4184,0.474942,0.474942,2.986467,2.985416,2.987555,0.000716,1.986467,4.718922,0.9995,0.999999,支持曾遭雷击,否
小号铁钉,9,11,1.3338,0.432305,0.432305,3.085324,3.083223,3.087413,0.001358,2.085324,4.937643,0.9995,1.0,支持曾遭雷击,否
小号铁钉,9,12,1.2566,0.396366,0.396366,3.170304,3.167415,3.173247,0.00184,2.170304,5.124134,0.9995,1.0,支持曾遭雷击,否
小号铁钉,9,13,1.1932,0.389712,0.389712,3.061746,3.059257,3.064352,0.001664,2.061746,4.885637,0.9995,0.999999,支持曾遭雷击,否
小号铁钉,9,14,1.1282,0.369112,0.369112,3.056524,3.052022,3.061189,0.002999,2.056524,4.874051,0.9995,0.999999,支持曾遭雷击,否
小号铁钉,9,15,1.064,0.345197,0.345197,3.082297,3.076666,3.088129,0.003719,2.082297,4.930867,0.9995,1.0,支持曾遭雷击,否
小号铁钉,9,22,0.5875,0.212358,0.212358,2.766551,2.756249,2.776948,0.007482,1.766551,4.225361,0.9995,0.999988,支持曾遭雷击,否
小号铁钉,9,30,0.3176,0.111506,0.111506,2.84829,2.83869,2.858093,0.006812,1.84829,4.409738,0.9995,0.999995,支持曾遭雷击,否
小号铁钉,9,37,0.202,0.071699,0.071699,2.817321,2.799796,2.835343,0.012617,1.817321,4.339249,0.9995,0.999993,支持曾遭雷击,否
小号铁钉,9,44,0.1215,0.041917,0.041917,2.898555,2.879624,2.918342,0.013358,1.898555,4.521411,0.9995,0.999997,灰区/证据不足,是
小号铁钉,9,51,0.0725,0.022821,0.022821,3.17689,3.159413,3.194485,0.01104,2.17689,5.137306,0.9995,1.0,灰区/证据不足,是
小号铁钉,9,58,0.0317,0.011383,0.011383,2.784971,2.776728,2.793204,0.005916,1.784971,4.267149,0.9995,0.99999,灰区/证据不足,是
小号铁钉,9,90,0.0017,0.00058,0.00058,2.930956,2.889395,2.968042,0.026833,1.930956,4.589811,0.9995,0.999998,灰区/证据不足,是
小号铁钉,10,1,2.8329,0.875958,0.875958,3.234058,3.224564,3.243247,0.005777,2.234058,5.262771,0.9995,1.0,支持曾遭雷击,否
小号铁钉,10,2,2.5384,0.808559,0.808559,3.139412,3.13012,3.148393,0.005821,2.139412,5.056182,0.9995,1.0,支持曾遭雷击,否
小号铁钉,10,3,2.2745,0.745802,0.745802,3.049739,3.040411,3.058791,0.006027,2.049739,4.858812,0.9995,0.999999,支持曾遭雷击,否
小号铁钉,10,4,2.1526,0.698656,0.698656,3.081059,3.072828,3.089062,0.005269,2.081059,4.928002,0.9995,1.0,支持曾遭雷击,否
小号铁钉,10,5,2.0321,0.651078,0.651078,3.121132,3.11351,3.128517,0.004808,2.121132,5.016196,0.9995,1.0,支持曾遭雷击,否
小号铁钉,10,6,1.9219,0.616501,0.616501,3.117431,3.111907,3.122726,0.003471,2.117431,5.008173,0.9995,1.0,支持曾遭雷击,否
小号铁钉,10,7,1.8183,0.57979,0.57979,3.136134,3.132061,3.140038,0.002543,2.136134,5.049279,0.9995,1.0,支持曾遭雷击,否
小号铁钉,10,8,1.7238,0.553038,0.553038,3.116965,3.115365,3.118482,0.001,2.116965,5.007261,0.9995,1.0,支持曾遭雷击,否
小号铁钉,10,9,1.6265,0.516667,0.516667,3.148062,3.147047,3.149135,0.000663,2.148062,5.075486,0.9995,1.0,支持曾遭雷击,否
小号铁钉,10,10,1.5319,0.474942,0.474942,3.225443,3.224309,3.226619,0.000716,2.225443,5.244413,0.9995,1.0,支持曾遭雷击,否
小号铁钉,10,11,1.4405,0.432305,0.432305,3.332141,3.329872,3.334397,0.001358,2.332141,5.475355,0.9995,1.0,支持曾遭雷击,否
小号铁钉,10,12,1.3571,0.396366,0.396366,3.423858,3.420737,3.427037,0.00184,2.423858,5.672012,0.9995,1.0,支持曾遭雷击,否
小号铁钉,10,13,1.2886,0.389712,0.389712,3.306542,3.303854,3.309356,0.001664,2.306542,5.420143,0.9995,1.0,支持曾遭雷击,否
小号铁钉,10,14,1.2184,0.369112,0.369112,3.300894,3.296033,3.305933,0.002999,2.300894,5.407876,0.9995,1.0,支持曾遭雷击,否
小号铁钉,10,15,1.1491,0.345197,0.345197,3.328823,3.322741,3.335121,0.003719,2.328823,5.468073,0.9995,1.0,支持曾遭雷击,否
小号铁钉,10,22,0.6344,0.212358,0.212358,2.987404,2.97628,2.998631,0.007482,1.987404,4.720562,0.9995,0.999999,支持曾遭雷击,否
小号铁钉,10,30,0.343,0.111506,0.111506,3.076081,3.065714,3.086668,0.006812,2.076081,4.916854,0.9995,1.0,支持曾遭雷击,否
小号铁钉,10,37,0.2181,0.071699,0.071699,3.04187,3.022948,3.061329,0.012617,2.04187,4.84031,0.9995,0.999999,支持曾遭雷击,否
小号铁钉,10,44,0.1313,0.041917,0.041917,3.132348,3.11189,3.153731,0.013358,2.132348,5.039205,0.9995,1.0,灰区/证据不足,是
小号铁钉,10,51,0.0783,0.022821,0.022821,3.431041,3.412166,3.450044,0.01104,2.431041,5.685791,0.9995,1.0,灰区/证据不足,是
小号铁钉,10,58,0.0342,0.011383,0.011383,3.004606,2.995712,3.013489,0.005916,2.004606,4.758929,0.9995,0.999999,灰区/证据不足,是
小号铁钉,10,90,0.0019,0.00058,0.00058,3.275774,3.229324,3.317223,0.026833,2.275774,5.345877,0.9995,1.0,灰区/证据不足,是
小号铁钉,11,1,1.4846,0.875958,0.875958,1.69483,1.689854,1.699645,0.005777,0.69483,1.707718,0.9995,0.956156,灰区/证据不足,否
小号铁钉,11,2,1.3302,0.808559,0.808559,1.645149,1.64028,1.649855,0.005821,0.645149,1.587151,0.9995,0.943761,灰区/证据不足,否
小号铁钉,11,3,1.192,0.745802,0.745802,1.59828,1.593392,1.603024,0.006027,0.59828,1.473157,0.9995,0.929646,灰区/证据不足,否
小号铁钉,11,4,1.128,0.698656,0.698656,1.614528,1.610216,1.618723,0.005269,0.614528,1.512711,0.9995,0.934823,灰区/证据不足,否
小号铁钉,11,5,1.0649,0.651078,0.651078,1.635595,1.631601,1.639465,0.004808,0.635595,1.563946,0.9995,0.941085,灰区/证据不足,否
小号铁钉,11,6,1.0072,0.616501,0.616501,1.633736,1.630841,1.636511,0.003471,0.633736,1.559435,0.9995,0.940553,灰区/证据不足,否
小号铁钉,11,7,0.9529,0.57979,0.57979,1.643525,1.641391,1.645571,0.002543,0.643525,1.583233,0.9995,0.943316,灰区/证据不足,否
小号铁钉,11,8,0.9034,0.553038,0.553038,1.633523,1.632684,1.634317,0.001,0.633523,1.558928,0.9995,0.940493,灰区/证据不足,否
小号铁钉,11,9,0.8524,0.516667,0.516667,1.649805,1.649273,1.650368,0.000663,0.649805,1.598496,0.9995,0.945034,灰区/证据不足,否
小号铁钉,11,10,0.8028,0.474942,0.474942,1.69031,1.689715,1.690926,0.000716,0.69031,1.696797,0.9995,0.955132,灰区/证据不足,否
小号铁钉,11,11,0.7549,0.432305,0.432305,1.746222,1.745033,1.747404,0.001358,0.746222,1.832178,0.9995,0.966538,灰区/证据不足,否
小号铁钉,11,12,0.7112,0.396366,0.396366,1.794302,1.792667,1.795968,0.00184,0.794302,1.948299,0.9995,0.97431,灰区/证据不足,否
小号铁钉,11,13,0.6753,0.389712,0.389712,1.732817,1.731408,1.734292,0.001664,0.732817,1.799751,0.9995,0.96405,灰区/证据不足,否
小号铁钉,11,14,0.6385,0.369112,0.369112,1.729827,1.727279,1.732467,0.002999,0.729827,1.792509,0.9995,0.963474,灰区/证据不足,否
小号铁钉,11,15,0.6022,0.345197,0.345197,1.744511,1.741324,1.747811,0.003719,0.744511,1.828026,0.9995,0.966227,灰区/证据不足,否
小号铁钉,11,22,0.3325,0.212358,0.212358,1.56575,1.55992,1.571635,0.007482,0.56575,1.393886,0.9995,0.918324,灰区/证据不足,否
小号铁钉,11,30,0.1798,0.111506,0.111506,1.612476,1.607042,1.618026,0.006812,0.612476,1.507701,0.9995,0.934185,灰区/证据不足,否
小号铁钉,11,37,0.1143,0.071699,0.071699,1.594157,1.584241,1.604355,0.012617,0.594157,1.463019,0.9995,0.928269,灰区/证据不足,否
小号铁钉,11,44,0.0688,0.041917,0.041917,1.641322,1.630602,1.652526,0.013358,0.641322,1.577714,0.9995,0.942684,灰区/证据不足,是
小号铁钉,11,51,0.041,0.022821,0.022821,1.796586,1.786702,1.806537,0.01104,0.796586,1.953646,0.9995,0.974628,灰区/证据不足,是
小号铁钉,11,58,0.0179,0.011383,0.011383,1.572586,1.567931,1.577235,0.005916,0.572586,1.410567,0.9995,0.920814,灰区/证据不足,是
小号铁钉,11,90,0.001,0.00058,0.00058,1.724092,1.699644,1.745907,0.026833,0.724092,1.777857,0.9995,0.962286,灰区/证据不足,是
小号铁钉,12,1,3.3464,0.875958,0.875958,3.820273,3.809058,3.831127,0.005777,2.820273,6.501194,0.9995,1.0,支持曾遭雷击,否
小号铁钉,12,2,2.9986,0.808559,0.808559,3.708573,3.697596,3.719182,0.005821,2.708573,6.270822,0.9995,1.0,支持曾遭雷击,否
小号铁钉,12,3,2.6869,0.745802,0.745802,3.602701,3.591681,3.613394,0.006027,2.602701,6.049988,0.9995,1.0,支持曾遭雷击,否
小号铁钉,12,4,2.5428,0.698656,0.698656,3.639559,3.629837,3.649014,0.005269,2.639559,6.12727,0.9995,1.0,支持曾遭雷击,否
小号铁钉,12,5,2.4004,0.651078,0.651078,3.686809,3.677805,3.695532,0.004808,2.686809,6.225824,0.9995,1.0,支持曾遭雷击,否
小号铁钉,12,6,2.2703,0.616501,0.616501,3.682556,3.67603,3.688811,0.003471,2.682556,6.217152,0.9995,1.0,支持曾遭雷击,否
小号铁钉,12,7,2.1479,0.57979,0.57979,3.704615,3.699805,3.709227,0.002543,2.704615,6.263085,0.9995,1.0,支持曾遭雷击,否
小号铁钉,12,8,2.0363,0.553038,0.553038,3.682026,3.680136,3.683817,0.001,2.682026,6.216234,0.9995,1.0,支持曾遭雷击,否
小号铁钉,12,9,1.9214,0.516667,0.516667,3.718836,3.717636,3.720104,0.000663,2.718836,6.292682,0.9995,1.0,支持曾遭雷击,否
小号铁钉,12,10,1.8095,0.474942,0.474942,3.809935,3.808595,3.811323,0.000716,2.809935,6.480602,0.9995,1.0,支持曾遭雷击,否
小号铁钉,12,11,1.7016,0.432305,0.432305,3.936113,3.933433,3.938778,0.001358,2.936113,6.73788,0.9995,1.0,支持曾遭雷击,否
小号铁钉,12,12,1.6031,0.396366,0.396366,4.044497,4.040811,4.048252,0.00184,3.044497,6.956075,0.9995,1.0,支持曾遭雷击,否
小号铁钉,12,13,1.5222,0.389712,0.389712,3.905958,3.902783,3.909283,0.001664,2.905958,6.676688,0.9995,1.0,支持曾遭雷击,否
小号铁钉,12,14,1.4393,0.369112,0.369112,3.899357,3.893614,3.905309,0.002999,2.899357,6.663154,0.9995,1.0,支持曾遭雷击,否
小号铁钉,12,15,1.3574,0.345197,0.345197,3.932247,3.925062,3.939686,0.003719,2.932247,6.729824,0.9995,1.0,支持曾遭雷击,否
小号铁钉,12,22,0.7494,0.212358,0.212358,3.528942,3.515801,3.542204,0.007482,2.528942,5.894504,0.9995,1.0,支持曾遭雷击,否
小号铁钉,12,30,0.4052,0.111506,0.111506,3.633901,3.621654,3.646408,0.006812,2.633901,6.115149,0.9995,1.0,支持曾遭雷击,否
小号铁钉,12,37,0.2577,0.071699,0.071699,3.594176,3.571819,3.617168,0.012617,2.594176,6.03025,0.9995,1.0,支持曾遭雷击,否
小号铁钉,12,44,0.155,0.041917,0.041917,3.697746,3.673594,3.722988,0.013358,2.697746,6.245883,0.9995,1.0,灰区/证据不足,是
小号铁钉,12,51,0.0925,0.022821,0.022821,4.053273,4.030975,4.075723,0.01104,3.053273,6.971104,0.9995,1.0,灰区/证据不足,是
小号铁钉,12,58,0.0405,0.011383,0.011383,3.558086,3.547554,3.568605,0.005916,2.558086,5.956286,0.9995,1.0,灰区/证据不足,是
小号铁钉,12,90,0.0022,0.00058,0.00058,3.793002,3.739217,3.840996,0.026833,2.793002,6.433744,0.9995,1.0,灰区/证据不足,是
小号铁钉,13,1,3.0768,0.875958,0.875958,3.512496,3.502185,3.522476,0.005777,2.512496,5.859985,0.9995,1.0,支持曾遭雷击,否
小号铁钉,13,2,2.757,0.808559,0.808559,3.40977,3.399677,3.419524,0.005821,2.40977,5.641503,0.9995,1.0,支持曾遭雷击,否
小号铁钉,13,3,2.4704,0.745802,0.745802,3.312409,3.302278,3.322241,0.006027,2.312409,5.432414,0.9995,1.0,支持曾遭雷击,否
小号铁钉,13,4,2.3379,0.698656,0.698656,3.346282,3.337343,3.354975,0.005269,2.346282,5.505479,0.9995,1.0,支持曾遭雷击,否
小号铁钉,13,5,2.207,0.651078,0.651078,3.389763,3.381485,3.397784,0.004808,2.389763,5.598853,0.9995,1.0,支持曾遭雷击,否
小号铁钉,13,6,2.0874,0.616501,0.616501,3.385881,3.379881,3.391633,0.003471,2.385881,5.590673,0.9995,1.0,支持曾遭雷击,否
小号铁钉,13,7,1.9749,0.57979,0.57979,3.406232,3.401808,3.410472,0.002543,2.406232,5.634307,0.9995,1.0,支持曾遭雷击,否
小号铁钉,13,8,1.8722,0.553038,0.553038,3.385301,3.383563,3.386948,0.001,2.385301,5.589573,0.9995,1.0,支持曾遭雷击,否
小号铁钉,13,9,1.7666,0.516667,0.516667,3.419223,3.41812,3.420389,0.000663,2.419223,5.662152,0.9995,1.0,支持曾遭雷击,否
小号铁钉,13,10,1.6638,0.474942,0.474942,3.503161,3.501929,3.504438,0.000716,2.503161,5.840702,0.9995,1.0,支持曾遭雷击,否
小号铁钉,13,11,1.5645,0.432305,0.432305,3.618975,3.616511,3.621426,0.001358,2.618975,6.084616,0.9995,1.0,支持曾遭雷击,否
小号铁钉,13,12,1.4739,0.396366,0.396366,3.718535,3.715146,3.721987,0.00184,2.718535,6.292011,0.9995,1.0,支持曾遭雷击,否
小号铁钉,13,13,1.3996,0.389712,0.389712,3.591367,3.588448,3.594424,0.001664,2.591367,6.02671,0.9995,1.0,支持曾遭雷击,否
小号铁钉,13,14,1.3233,0.369112,0.369112,3.58509,3.57981,3.590562,0.002999,2.58509,6.013433,0.9995,1.0,支持曾遭雷击,否
小号铁钉,13,15,1.2481,0.345197,0.345197,3.615616,3.60901,3.622456,0.003719,2.615616,6.077405,0.9995,1.0,支持曾遭雷击,否
小号铁钉,13,22,0.6891,0.212358,0.212358,3.244988,3.232905,3.257183,0.007482,2.244988,5.286316,0.9995,1.0,支持曾遭雷击,否
小号铁钉,13,30,0.3726,0.111506,0.111506,3.341539,3.330277,3.35304,0.006812,2.341539,5.495046,0.9995,1.0,支持曾遭雷击,否
小号铁钉,13,37,0.2369,0.071699,0.071699,3.304076,3.283524,3.325212,0.012617,2.304076,5.412992,0.9995,1.0,支持曾遭雷击,否
小号铁钉,13,44,0.1426,0.041917,0.041917,3.401926,3.379707,3.425149,0.013358,2.401926,5.622809,0.9995,1.0,灰区/证据不足,是
小号铁钉,13,51,0.085,0.022821,0.022821,3.724629,3.704139,3.745259,0.01104,2.724629,6.302657,0.9995,1.0,灰区/证据不足,是
小号铁钉,13,58,0.0372,0.011383,0.011383,3.268168,3.258494,3.27783,0.005916,2.268168,5.33682,0.9995,1.0,灰区/证据不足,是
小号铁钉,13,90,0.002,0.00058,0.00058,3.448183,3.399288,3.491814,0.026833,2.448183,5.71483,0.9995,1.0,灰区/证据不足,是
小号铁钉,14,1,1.8606,0.875958,0.875958,2.124074,2.117838,2.130109,0.005777,1.124074,2.736646,0.9995,0.996897,支持曾遭雷击,否
小号铁钉,14,2,1.6672,0.808559,0.808559,2.06194,2.055837,2.067839,0.005821,1.06194,2.589233,0.9995,0.99519,支持曾遭雷击,否
小号铁钉,14,3,1.4939,0.745802,0.745802,2.00308,1.996953,2.009025,0.006027,1.00308,2.449084,0.9995,0.992839,支持曾遭雷击,否
小号铁钉,14,4,1.4138,0.698656,0.698656,2.0236,2.018194,2.028857,0.005269,1.0236,2.498016,0.9995,0.993755,支持曾遭雷击,否
小号铁钉,14,5,1.3347,0.651078,0.651078,2.049985,2.044979,2.054836,0.004808,1.049985,2.560836,0.9995,0.994779,支持曾遭雷击,否
小号铁钉,14,6,1.2623,0.616501,0.616501,2.047522,2.043894,2.051,0.003471,1.047522,2.555002,0.9995,0.994691,支持曾遭雷击,否
小号铁钉,14,7,1.1943,0.57979,0.57979,2.059883,2.057208,2.062447,0.002543,1.059883,2.58441,0.9995,0.995123,支持曾遭雷击,否
小号铁钉,14,8,1.1322,0.553038,0.553038,2.047238,2.046187,2.048234,0.001,1.047238,2.55435,0.9995,0.994681,支持曾遭雷击,否
小号铁钉,14,9,1.0683,0.516667,0.516667,2.067676,2.067009,2.068381,0.000663,1.067676,2.602947,0.9995,0.995379,支持曾遭雷击,否
小号铁钉,14,10,1.0061,0.474942,0.474942,2.118362,2.117617,2.119134,0.000716,1.118362,2.723206,0.9995,0.996767,支持曾遭雷击,否
小号铁钉,14,11,0.9461,0.432305,0.432305,2.188503,2.187013,2.189985,0.001358,1.188503,2.889009,0.9995,0.998068,支持曾遭雷击,否
小号铁钉,14,12,0.8913,0.396366,0.396366,2.248681,2.246631,2.250768,0.00184,1.248681,3.030676,0.9995,0.99878,支持曾遭雷击,否
小号铁钉,14,13,0.8464,0.389712,0.389712,2.171859,2.170093,2.173707,0.001664,1.171859,2.849727,0.9995,0.997812,支持曾遭雷击,否
小号铁钉,14,14,0.8003,0.369112,0.369112,2.168176,2.164983,2.171485,0.002999,1.168176,2.841013,0.9995,0.997751,支持曾遭雷击,否
小号铁钉,14,15,0.7547,0.345197,0.345197,2.186287,2.182293,2.190424,0.003719,1.186287,2.88375,0.9995,0.998035,支持曾遭雷击,否
小号铁钉,14,22,0.4167,0.212358,0.212358,1.96225,1.954943,1.969624,0.007482,0.96225,2.351557,0.9995,0.990652,支持曾遭雷击,否
小号铁钉,14,30,0.2253,0.111506,0.111506,2.020528,2.013718,2.027482,0.006812,1.020528,2.490656,0.9995,0.993625,支持曾遭雷击,否
小号铁钉,14,37,0.1433,0.071699,0.071699,1.998624,1.986192,2.01141,0.012617,0.998624,2.438201,0.9995,0.99262,支持曾遭雷击,否
小号铁钉,14,44,0.0862,0.041917,0.041917,2.056424,2.042992,2.070462,0.013358,1.056424,2.575771,0.9995,0.994999,灰区/证据不足,是
小号铁钉,14,51,0.0514,0.022821,0.022821,2.252305,2.239915,2.26478,0.01104,1.252305,3.038807,0.9995,0.998812,灰区/证据不足,是
小号铁钉,14,58,0.0225,0.011383,0.011383,1.976715,1.970863,1.982558,0.005916,0.976715,2.386163,0.9995,0.991487,灰区/证据不足,是
小号铁钉,14,90,0.0012,0.00058,0.00058,2.06891,2.039573,2.095088,0.026833,1.06891,2.604257,0.9995,0.995396,灰区/证据不足,是
小号铁钉,15,1,1.8008,0.875958,0.875958,2.055806,2.049771,2.061647,0.005777,1.055806,2.574651,0.9995,0.994983,支持曾遭雷击,否
小号铁钉,15,2,1.6136,0.808559,0.808559,1.995649,1.989742,2.001358,0.005821,0.995649,2.43136,0.9995,0.992479,支持曾遭雷击,否
小号铁钉,15,3,1.4459,0.745802,0.745802,1.938719,1.93279,1.944474,0.006027,0.938719,2.295299,0.9995,0.989142,支持曾遭雷击,否
小号铁钉,15,4,1.3683,0.698656,0.698656,1.958475,1.953243,1.963562,0.005269,0.958475,2.342579,0.9995,0.990425,支持曾遭雷击,否
小号铁钉,15,5,1.2917,0.651078,0.651078,1.983941,1.979096,1.988635,0.004808,0.983941,2.403438,0.9995,0.991879,支持曾遭雷击,否
小号铁钉,15,6,1.2217,0.616501,0.616501,1.981667,1.978155,1.985033,0.003471,0.981667,2.39803,0.9995,0.991758,支持曾遭雷击,否
小号铁钉,15,7,1.1559,0.57979,0.57979,1.993652,1.991063,1.996134,0.002543,0.993652,2.426653,0.9995,0.992381,支持曾遭雷击,否
小号铁钉,15,8,1.0958,0.553038,0.553038,1.981419,1.980402,1.982383,0.001,0.981419,2.397462,0.9995,0.991745,支持曾遭雷击,否
小号铁钉,15,9,1.0339,0.516667,0.516667,2.001095,2.00045,2.001778,0.000663,1.001095,2.444425,0.9995,0.992746,支持曾遭雷击,否
小号铁钉,15,10,0.9738,0.474942,0.474942,2.050353,2.049632,2.051101,0.000716,1.050353,2.561763,0.9995,0.994793,支持曾遭雷击,否
小号铁钉,15,11,0.9157,0.432305,0.432305,2.118182,2.11674,2.119616,0.001358,1.118182,2.722777,0.9995,0.996763,支持曾遭雷击,否
小号铁钉,15,12,0.8626,0.396366,0.396366,2.176273,2.174289,2.178293,0.00184,1.176273,2.860146,0.9995,0.997883,支持曾遭雷击,否
小号铁钉,15,13,0.8192,0.389712,0.389712,2.102064,2.100355,2.103853,0.001664,1.102064,2.684571,0.9995,0.996369,支持曾遭雷击,否
小号铁钉,15,14,0.7745,0.369112,0.369112,2.098278,2.095188,2.101481,0.002999,1.098278,2.675579,0.9995,0.99627,支持曾遭雷击,否
小号铁钉,15,15,0.7305,0.345197,0.345197,2.116183,2.112316,2.120186,0.003719,1.116183,2.718011,0.9995,0.996716,支持曾遭雷击,否
小号铁钉,15,22,0.4033,0.212358,0.212358,1.899149,1.892077,1.906286,0.007482,0.899149,2.200447,0.9995,0.986112,支持曾遭雷击,否
小号铁钉,15,30,0.2181,0.111506,0.111506,1.955957,1.949365,1.962689,0.006812,0.955957,2.336523,0.9995,0.990268,支持曾遭雷击,否
小号铁钉,15,37,0.1387,0.071699,0.071699,1.934467,1.922434,1.946842,0.012617,0.934467,2.284895,0.9995,0.988841,支持曾遭雷击,否
小号铁钉,15,44,0.0834,0.041917,0.041917,1.989626,1.976631,2.003208,0.013358,0.989626,2.416678,0.9995,0.992169,灰区/证据不足,是
小号铁钉,15,51,0.0498,0.022821,0.022821,2.182195,2.17019,2.194281,0.01104,1.182195,2.87378,0.9995,0.997972,灰区/证据不足,是
小号铁钉,15,58,0.0218,0.011383,0.011383,1.915217,1.909548,1.920879,0.005916,0.915217,2.239012,0.9995,0.987422,灰区/证据不足,是
小号铁钉,15,90,0.0012,0.00058,0.00058,2.06891,2.039573,2.095088,0.026833,1.06891,2.604257,0.9995,0.995396,灰区/证据不足,是
小号铁钉,16,1,1.8039,0.875958,0.875958,2.059345,2.053299,2.065196,0.005777,1.059345,2.583065,0.9995,0.995104,支持曾遭雷击,否
小号铁钉,16,2,1.6164,0.808559,0.808559,1.999112,1.993195,2.004831,0.005821,0.999112,2.439622,0.9995,0.992649,支持曾遭雷击,否
小号铁钉,16,3,1.4484,0.745802,0.745802,1.942071,1.936131,1.947836,0.006027,0.942071,2.303323,0.9995,0.98937,支持曾遭雷击,否
小号铁钉,16,4,1.3707,0.698656,0.698656,1.96191,1.956669,1.967006,0.005269,0.96191,2.350792,0.9995,0.990633,支持曾遭雷击,否
小号铁钉,16,5,1.294,0.651078,0.651078,1.987473,1.98262,1.992176,0.004808,0.987473,2.411872,0.9995,0.992065,支持曾遭雷击,否
小号铁钉,16,6,1.2238,0.616501,0.616501,1.985073,1.981555,1.988445,0.003471,0.985073,2.406164,0.9995,0.991939,支持曾遭雷击,否
小号铁钉,16,7,1.1578,0.57979,0.57979,1.996929,1.994336,1.999415,0.002543,0.996929,2.434473,0.9995,0.992543,支持曾遭雷击,否
小号铁钉,16,8,1.0977,0.553038,0.553038,1.984855,1.983836,1.985821,0.001,0.984855,2.405666,0.9995,0.991928,支持曾遭雷击,否
小号铁钉,16,9,1.0357,0.516667,0.516667,2.004579,2.003933,2.005263,0.000663,1.004579,2.452735,0.9995,0.992911,支持曾遭雷击,否
小号铁钉,16,10,0.9754,0.474942,0.474942,2.053722,2.053,2.054471,0.000716,1.053722,2.569776,0.9995,0.994912,支持曾遭雷击,否
小号铁钉,16,11,0.9172,0.432305,0.432305,2.121652,2.120207,2.123088,0.001358,1.121652,2.730996,0.9995,0.996843,支持曾遭雷击,否
小号铁钉,16,12,0.8641,0.396366,0.396366,2.180057,2.17807,2.182081,0.00184,1.180057,2.869079,0.9995,0.997942,支持曾遭雷击,否
小号铁钉,16,13,0.8206,0.389712,0.389712,2.105656,2.103944,2.107448,0.001664,1.105656,2.693089,0.9995,0.99646,支持曾遭雷击,否
小号铁钉,16,14,0.7759,0.369112,0.369112,2.102071,2.098975,2.10528,0.002999,1.102071,2.684574,0.9995,0.996369,支持曾遭雷击,否
小号铁钉,16,15,0.7317,0.345197,0.345197,2.119659,2.115786,2.123669,0.003719,1.119659,2.726246,0.9995,0.996797,支持曾遭雷击,否
小号铁钉,16,22,0.404,0.212358,0.212358,1.902445,1.895361,1.909595,0.007482,0.902445,2.208354,0.9995,0.98639,支持曾遭雷击,否
小号铁钉,16,30,0.2184,0.111506,0.111506,1.958648,1.952046,1.965389,0.006812,0.958648,2.342956,0.9995,0.990434,支持曾遭雷击,否
小号铁钉,16,37,0.1389,0.071699,0.071699,1.937257,1.925207,1.94965,0.012617,0.937257,2.291572,0.9995,0.989035,支持曾遭雷击,否
小号铁钉,16,44,0.0836,0.041917,0.041917,1.994397,1.981371,2.008012,0.013358,0.994397,2.428062,0.9995,0.99241,灰区/证据不足,是
小号铁钉,16,51,0.0499,0.022821,0.022821,2.186577,2.174548,2.198687,0.01104,1.186577,2.884116,0.9995,0.998037,灰区/证据不足,是
小号铁钉,16,58,0.0218,0.011383,0.011383,1.915217,1.909548,1.920879,0.005916,0.915217,2.239012,0.9995,0.987422,灰区/证据不足,是
小号铁钉,16,90,0.0012,0.00058,0.00058,2.06891,2.039573,2.095088,0.026833,1.06891,2.604257,0.9995,0.995396,灰区/证据不足,是
小号铁钉,17,1,2.0409,0.875958,0.875958,2.329906,2.323066,2.336525,0.005777,1.329906,3.220901,0.9995,0.999361,支持曾遭雷击,否
小号铁钉,17,2,1.8287,0.808559,0.808559,2.261678,2.254984,2.268148,0.005821,1.261678,3.061096,0.9995,0.998897,支持曾遭雷击,否
小号铁钉,17,3,1.6386,0.745802,0.745802,2.197099,2.190379,2.203621,0.006027,1.197099,2.909178,0.9995,0.998188,支持曾遭雷击,否
小号铁钉,17,4,1.5508,0.698656,0.698656,2.21969,2.213761,2.225457,0.005269,1.21969,2.96242,0.9995,0.998474,支持曾遭雷击,否
小号铁钉,17,5,1.4639,0.651078,0.651078,2.248425,2.242934,2.253745,0.004808,1.248425,3.030012,0.9995,0.998777,支持曾遭雷击,否
小号铁钉,17,6,1.3846,0.616501,0.616501,2.2459,2.24192,2.249715,0.003471,1.2459,3.024112,0.9995,0.998753,支持曾遭雷击,否
小号铁钉,17,7,1.31,0.57979,0.57979,2.259438,2.256504,2.26225,0.002543,1.259438,3.055931,0.9995,0.998878,支持曾遭雷击,否
小号铁钉,17,8,1.2419,0.553038,0.553038,2.245597,2.244444,2.246689,0.001,1.245597,3.023436,0.9995,0.99875,支持曾遭雷击,否
小号铁钉,17,9,1.1718,0.516667,0.516667,2.267998,2.267267,2.268772,0.000663,1.267998,3.076046,0.9995,0.998951,支持曾遭雷击,否
小号铁钉,17,10,1.1036,0.474942,0.474942,2.32365,2.322832,2.324497,0.000716,1.32365,3.206404,0.9995,0.999328,支持曾遭雷击,否
小号铁钉,17,11,1.0378,0.432305,0.432305,2.400622,2.398987,2.402247,0.001358,1.400622,3.385893,0.9995,0.999645,支持曾遭雷击,否
小号铁钉,17,12,0.9777,0.396366,0.396366,2.466661,2.464413,2.468951,0.00184,1.466661,3.539125,0.9995,0.999799,支持曾遭雷击,否
小号铁钉,17,13,0.9284,0.389712,0.389712,2.38227,2.380334,2.384298,0.001664,1.38227,3.343181,0.9995,0.999586,支持曾遭雷击,否
小号铁钉,17,14,0.8778,0.369112,0.369112,2.378139,2.374637,2.381769,0.002999,1.378139,3.333536,0.9995,0.999571,支持曾遭雷击,否
小号铁钉,17,15,0.8279,0.345197,0.345197,2.39834,2.393958,2.402878,0.003719,1.39834,3.38054,0.9995,0.999638,支持曾遭雷击,否
小号铁钉,17,22,0.4571,0.212358,0.212358,2.152495,2.144479,2.160584,0.007482,1.152495,2.80384,0.9995,0.997475,支持曾遭雷击,否
小号铁钉,17,30,0.2471,0.111506,0.111506,2.216034,2.208565,2.223661,0.006812,1.216034,2.953754,0.9995,0.99843,支持曾遭雷击,否
小号铁钉,17,37,0.1571,0.071699,0.071699,2.191095,2.177465,2.205111,0.012617,1.191095,2.89466,0.9995,0.998102,支持曾遭雷击,否
小号铁钉,17,44,0.0946,0.041917,0.041917,2.256818,2.242077,2.272224,0.013358,1.256818,3.049192,0.9995,0.998853,灰区/证据不足,是
小号铁钉,17,51,0.0564,0.022821,0.022821,2.471401,2.457805,2.485089,0.01104,1.471401,3.549562,0.9995,0.999807,灰区/证据不足,是
小号铁钉,17,58,0.0247,0.011383,0.011383,2.169993,2.16357,2.176408,0.005916,1.169993,2.84524,0.9995,0.997781,灰区/证据不足,是
小号铁钉,17,90,0.0014,0.00058,0.00058,2.413728,2.379502,2.44427,0.026833,1.413728,3.413525,0.9995,0.999679,灰区/证据不足,是
小号铁钉,18,1,2.4734,0.875958,0.875958,2.823651,2.815361,2.831673,0.005777,1.823651,4.354383,0.9995,0.999993,支持曾遭雷击,否
小号铁钉,18,2,2.2163,0.808559,0.808559,2.741049,2.732936,2.748891,0.005821,1.741049,4.167712,0.9995,0.999985,支持曾遭雷击,否
小号铁钉,18,3,1.9859,0.745802,0.745802,2.662772,2.654628,2.670676,0.006027,1.662772,3.989679,0.9995,0.999967,支持曾遭雷击,否
小号铁钉,18,4,1.8794,0.698656,0.698656,2.690022,2.682836,2.69701,0.005269,1.690022,4.051829,0.9995,0.999975,支持曾遭雷击,否
小号铁钉,18,5,1.7742,0.651078,0.651078,2.725019,2.718365,2.731467,0.004808,1.725019,4.131421,0.9995,0.999982,支持曾遭雷击,否
小号铁钉,18,6,1.678,0.616501,0.616501,2.721811,2.716988,2.726435,0.003471,1.721811,4.124205,0.9995,0.999981,支持曾遭雷击,否
小号铁钉,18,7,1.5876,0.57979,0.57979,2.738231,2.734676,2.74164,0.002543,1.738231,4.161507,0.9995,0.999984,支持曾遭雷击,否
小号铁钉,18,8,1.505,0.553038,0.553038,2.721332,2.719935,2.722656,0.001,1.721332,4.123188,0.9995,0.999981,支持曾遭雷击,否
小号铁钉,18,9,1.4201,0.516667,0.516667,2.748578,2.747692,2.749516,0.000663,1.748578,4.185004,0.9995,0.999986,支持曾遭雷击,否
小号铁钉,18,10,1.3374,0.474942,0.474942,2.81592,2.814929,2.816946,0.000716,1.81592,4.337207,0.9995,0.999993,支持曾遭雷击,否
小号铁钉,18,11,1.2577,0.432305,0.432305,2.909291,2.90731,2.911261,0.001358,1.909291,4.546853,0.9995,0.999997,支持曾遭雷击,否
小号铁钉,18,12,1.1848,0.396366,0.396366,2.989158,2.986434,2.991933,0.00184,1.989158,4.724879,0.9995,0.999999,支持曾遭雷击,否
小号铁钉,18,13,1.1251,0.389712,0.389712,2.887002,2.884655,2.889459,0.001664,1.887002,4.496944,0.9995,0.999997,支持曾遭雷击,否
小号铁钉,18,14,1.0638,0.369112,0.369112,2.882051,2.877807,2.88645,0.002999,1.882051,4.485803,0.9995,0.999996,支持曾遭雷击,否
小号铁钉,18,15,1.0033,0.345197,0.345197,2.906456,2.901146,2.911955,0.003719,1.906456,4.540422,0.9995,0.999997,支持曾遭雷击,否
小号铁钉,18,22,0.5539,0.212358,0.212358,2.608328,2.598615,2.61813,0.007482,1.608328,3.865128,0.9995,0.999944,支持曾遭雷击,否
小号铁钉,18,30,0.2995,0.111506,0.111506,2.685966,2.676913,2.69521,0.006812,1.685966,4.04248,0.9995,0.999974,支持曾遭雷击,否
小号铁钉,18,37,0.1904,0.071699,0.071699,2.655534,2.639016,2.672522,0.012617,1.655534,3.972452,0.9995,0.999964,支持曾遭雷击,否
小号铁钉,18,44,0.1146,0.041917,0.041917,2.733946,2.71609,2.752609,0.013358,1.733946,4.150645,0.9995,0.999983,灰区/证据不足,是
小号铁钉,18,51,0.0684,0.022821,0.022821,2.997231,2.980743,3.013832,0.01104,1.997231,4.741791,0.9995,0.999999,灰区/证据不足,是
小号铁钉,18,58,0.0299,0.011383,0.011383,2.626834,2.619059,2.6346,0.005916,1.626834,3.907606,0.9995,0.999953,灰区/证据不足,是
小号铁钉,18,90,0.0016,0.00058,0.00058,2.758547,2.719431,2.793451,0.026833,1.758547,4.203103,0.9995,0.999987,灰区/证据不足,是
小号铁钉,19,1,2.2913,0.875958,0.875958,2.615764,2.608085,2.623196,0.005777,1.615764,3.882254,0.9995,0.999948,支持曾遭雷击,否
小号铁钉,19,2,2.0532,0.808559,0.808559,2.539332,2.531816,2.546597,0.005821,1.539332,3.706759,0.9995,0.999895,支持曾遭雷击,否
小号铁钉,19,3,1.8397,0.745802,0.745802,2.466742,2.459197,2.474064,0.006027,1.466742,3.539164,0.9995,0.999799,支持曾遭雷击,否
小号铁钉,19,4,1.7411,0.698656,0.698656,2.492071,2.485414,2.498544,0.005269,1.492071,3.597781,0.9995,0.99984,支持曾遭雷击,否
小号铁钉,19,5,1.6436,0.651078,0.651078,2.524429,2.518264,2.530402,0.004808,1.524429,3.672483,0.9995,0.99988,支持曾遭雷击,否
小号铁钉,19,6,1.5545,0.616501,0.616501,2.521487,2.517019,2.52577,0.003471,1.521487,3.665753,0.9995,0.999877,支持曾遭雷击,否
小号铁钉,19,7,1.4707,0.57979,0.57979,2.536607,2.533313,2.539764,0.002543,1.536607,3.700624,0.9995,0.999892,支持曾遭雷击,否
小号铁钉,19,8,1.3943,0.553038,0.553038,2.521165,2.519871,2.522392,0.001,1.521165,3.665066,0.9995,0.999876,支持曾遭雷击,否
小号铁钉,19,9,1.3156,0.516667,0.516667,2.54632,2.545499,2.547189,0.000663,1.54632,3.72302,0.9995,0.999902,支持曾遭雷击,否
小号铁钉,19,10,1.239,0.474942,0.474942,2.608737,2.607819,2.609688,0.000716,1.608737,3.866348,0.9995,0.999945,支持曾遭雷击,否
小号铁钉,19,11,1.1651,0.432305,0.432305,2.69509,2.693255,2.696915,0.001358,1.69509,4.063521,0.9995,0.999976,支持曾遭雷击,否
小号铁钉,19,12,1.0976,0.396366,0.396366,2.76916,2.766636,2.77173,0.00184,1.76916,4.23159,0.9995,0.999988,支持曾遭雷击,否
小号铁钉,19,13,1.0423,0.389712,0.389712,2.674537,2.672363,2.676813,0.001664,1.674537,4.016703,0.9995,0.99997,支持曾遭雷击,否
小号铁钉,19,14,0.9855,0.369112,0.369112,2.66992,2.665988,2.673996,0.002999,1.66992,4.006142,0.9995,0.999969,支持曾遭雷击,否
小号铁钉,19,15,0.9295,0.345197,0.345197,2.692665,2.687745,2.697759,0.003719,1.692665,4.057932,0.9995,0.999975,支持曾遭雷击,否
小号铁钉,19,22,0.5132,0.212358,0.212358,2.416671,2.407672,2.425753,0.007482,1.416671,3.422987,0.9995,0.99969,支持曾遭雷击,否
小号铁钉,19,30,0.2775,0.111506,0.111506,2.488666,2.480279,2.497232,0.006812,1.488666,3.589826,0.9995,0.999835,支持曾遭雷击,否
小号铁钉,19,37,0.1764,0.071699,0.071699,2.460274,2.444971,2.476013,0.012617,1.460274,3.523644,0.9995,0.999787,支持曾遭雷击,否
小号铁钉,19,44,0.1062,0.041917,0.041917,2.533552,2.517004,2.550847,0.013358,1.533552,3.692706,0.9995,0.999889,灰区/证据不足,是
小号铁钉,19,51,0.0633,0.022821,0.022821,2.773753,2.758494,2.789116,0.01104,1.773753,4.241192,0.9995,0.999989,灰区/证据不足,是
小号铁钉,19,58,0.0277,0.011383,0.011383,2.433555,2.426352,2.440749,0.005916,1.433555,3.462274,0.9995,0.999732,灰区/证据不足,是
小号铁钉,19,90,0.0015,0.00058,0.00058,2.586137,2.549466,2.618861,0.026833,1.586137,3.810921,0.9995,0.999931,灰区/证据不足,是
小号铁钉,20,1,2.0154,0.875958,0.875958,2.300795,2.29404,2.307331,0.005777,1.300795,3.152806,0.9995,0.999191,支持曾遭雷击,否
小号铁钉,20,2,1.8059,0.808559,0.808559,2.233479,2.226869,2.239869,0.005821,1.233479,2.99484,0.9995,0.998627,支持曾遭雷击,否
小号铁钉,20,3,1.6181,0.745802,0.745802,2.169612,2.162976,2.176052,0.006027,1.169612,2.844327,0.9995,0.997775,支持曾遭雷击,否
小号铁钉,20,4,1.5314,0.698656,0.698656,2.191923,2.186068,2.197617,0.005269,1.191923,2.896999,0.9995,0.998116,支持曾遭雷击,否
小号铁钉,20,5,1.4456,0.651078,0.651078,2.220318,2.214896,2.225571,0.004808,1.220318,2.963911,0.9995,0.998481,支持曾遭雷击,否
小号铁钉,20,6,1.3673,0.616501,0.616501,2.217838,2.213908,2.221606,0.003471,1.217838,2.958107,0.9995,0.998452,支持曾遭雷击,否
小号铁钉,20,7,1.2936,0.57979,0.57979,2.231152,2.228254,2.233929,0.002543,1.231152,2.989455,0.9995,0.998603,支持曾遭雷击,否
小号铁钉,20,8,1.2263,0.553038,0.553038,2.217389,2.21625,2.218467,0.001,1.217389,2.957083,0.9995,0.998447,支持曾遭雷击,否
小号铁钉,20,9,1.1571,0.516667,0.516667,2.239546,2.238824,2.24031,0.000663,1.239546,3.009216,0.9995,0.99869,支持曾遭雷击,否
小号铁钉,20,10,1.0898,0.474942,0.474942,2.294594,2.293786,2.29543,0.000716,1.294594,3.138403,0.9995,0.999151,支持曾遭雷击,否
小号铁钉,20,11,1.0248,0.432305,0.432305,2.37055,2.368936,2.372155,0.001358,1.37055,3.315881,0.9995,0.999543,支持曾遭雷击,否
小号铁钉,20,12,0.9654,0.396366,0.396366,2.435629,2.433409,2.43789,0.00184,1.435629,3.467208,0.9995,0.999737,支持曾遭雷击,否
小号铁钉,20,13,0.9168,0.389712,0.389712,2.352505,2.350592,2.354507,0.001664,1.352505,3.273794,0.9995,0.999469,支持曾遭雷击,否
小号铁钉,20,14,0.8668,0.369112,0.369112,2.348338,2.344879,2.351922,0.002999,1.348338,3.264047,0.9995,0.999451,支持曾遭雷击,否
小号铁钉,20,15,0.8175,0.345197,0.345197,2.368213,2.363886,2.372693,0.003719,1.368213,3.310388,0.9995,0.999534,支持曾遭雷击,否
小号铁钉,20,22,0.4513,0.212358,0.212358,2.125182,2.117269,2.133169,0.007482,1.125182,2.739224,0.9995,0.996921,支持曾遭雷击,否
小号铁钉,20,30,0.244,0.111506,0.111506,2.188233,2.180858,2.195764,0.006812,1.188233,2.888241,0.9995,0.998063,支持曾遭雷击,否
小号铁钉,20,37,0.1552,0.071699,0.071699,2.164595,2.151131,2.178442,0.012617,1.164595,2.832133,0.9995,0.997688,支持曾遭雷击,否
小号铁钉,20,44,0.0934,0.041917,0.041917,2.22819,2.213637,2.243401,0.013358,1.22819,2.981928,0.9995,0.998568,灰区/证据不足,是
小号铁钉,20,51,0.0557,0.022821,0.022821,2.440728,2.427301,2.454246,0.01104,1.440728,3.478523,0.9995,0.999748,灰区/证据不足,是
小号铁钉,20,58,0.0244,0.011383,0.011383,2.143637,2.137292,2.149974,0.005916,1.143637,2.782954,0.9995,0.997307,灰区/证据不足,是
小号铁钉,20,90,0.0013,0.00058,0.00058,2.241319,2.209537,2.269679,0.026833,1.241319,3.011201,0.9995,0.998699,灰区/证据不足,是
小号铁夹,1,1,2.4595,0.87411,0.87411,2.81372,2.805083,2.822325,0.006128,1.81372,4.332005,0.9995,0.999993,支持曾遭雷击,否
小号铁夹,1,2,2.1899,0.803269,0.803269,2.726234,2.717723,2.734575,0.006181,1.726234,4.134101,0.9995,0.999982,支持曾遭雷击,否
小号铁夹,1,3,1.9498,0.737632,0.737632,2.643325,2.635071,2.651418,0.006184,1.643325,3.945281,0.9995,0.99996,支持曾遭雷击,否
小号铁夹,1,4,1.8396,0.687933,0.687933,2.674097,2.66668,2.681336,0.005481,1.674097,4.01555,0.9995,0.99997,支持曾遭雷击,否
小号铁夹,1,5,1.7309,0.638238,0.638238,2.711997,2.705103,2.718689,0.005009,1.711997,4.10184,0.9995,0.99998,支持曾遭雷击,否
小号铁夹,1,6,1.632,0.601659,0.601659,2.7125,2.707568,2.717418,0.003631,1.7125,4.103049,0.9995,0.99998,支持曾遭雷击,否
小号铁夹,1,7,1.5392,0.563319,0.563319,2.732378,2.728738,2.73607,0.002683,1.732378,4.148227,0.9995,0.999983,支持曾遭雷击,否
小号铁夹,1,8,1.4549,0.53494,0.53494,2.719745,2.718323,2.721329,0.001105,1.719745,4.119581,0.9995,0.999981,支持曾遭雷击,否
小号铁夹,1,9,1.3683,0.49754,0.49754,2.750132,2.749196,2.751131,0.000704,1.750132,4.188526,0.9995,0.999986,支持曾遭雷击,否
小号铁夹,1,10,1.2843,0.455328,0.455328,2.820602,2.819629,2.821718,0.000741,1.820602,4.347758,0.9995,0.999993,支持曾遭雷击,否
小号铁夹,1,11,1.2035,0.412611,0.412611,2.916793,2.9148,2.918826,0.00138,1.916793,4.563628,0.9995,0.999997,支持曾遭雷击,否
小号铁夹,1,12,1.13,0.376629,0.376629,3.000303,2.997531,3.003137,0.001868,2.000303,4.749624,0.9995,0.999999,支持曾遭雷击,否
小号铁夹,1,13,1.0699,0.368662,0.368662,2.902118,2.8998,2.904585,0.001649,1.902118,4.530796,0.9995,0.999997,支持曾遭雷击,否
小号铁夹,1,14,1.0085,0.347624,0.347624,2.901127,2.896872,2.9055,0.002974,1.901127,4.528532,0.9995,0.999997,支持曾遭雷击,否
小号铁夹,1,15,0.948,0.323657,0.323657,2.929029,2.923551,2.934367,0.003693,1.929029,4.590872,0.9995,0.999998,支持曾遭雷击,否
小号铁夹,1,22,0.5058,0.192999,0.192999,2.620743,2.610731,2.630541,0.007559,1.620743,3.89355,0.9995,0.999951,支持曾遭雷击,否
小号铁夹,1,30,0.264,0.097795,0.097795,2.699529,2.690058,2.708805,0.006944,1.699529,4.07335,0.9995,0.999977,支持曾遭雷击,否
小号铁夹,1,37,0.1636,0.060954,0.060954,2.683992,2.666685,2.702004,0.013159,1.683992,4.037301,0.9995,0.999973,支持曾遭雷击,否
小号铁夹,1,44,0.0957,0.034542,0.034542,2.770528,2.751044,2.790149,0.014115,1.770528,4.233461,0.9995,0.999988,灰区/证据不足,是
小号铁夹,1,51,0.0554,0.018229,0.018229,3.039147,3.02113,3.056229,0.011549,2.039147,4.834601,0.9995,0.999999,灰区/证据不足,是
小号铁夹,1,58,0.0231,0.008813,0.008813,2.621101,2.611933,2.630114,0.006937,1.621101,3.894442,0.9995,0.999951,灰区/证据不足,是
小号铁夹,1,90,0.0011,0.000389,0.000389,2.824398,2.78515,2.863402,0.027706,1.824398,4.350895,0.9995,0.999993,灰区/证据不足,是
小号铁夹,2,1,1.7776,0.87411,0.87411,2.033612,2.02737,2.039831,0.006128,1.033612,2.521844,0.9995,0.994163,支持曾遭雷击,否
小号铁夹,2,2,1.5828,0.803269,0.803269,1.970448,1.964296,1.976476,0.006181,0.970448,2.371184,0.9995,0.991134,支持曾遭雷击,否
小号铁夹,2,3,1.4093,0.737632,0.737632,1.910574,1.904608,1.916424,0.006184,0.910574,2.227875,0.9995,0.987056,支持曾遭雷击,否
小号铁夹,2,4,1.3296,0.687933,0.687933,1.932746,1.927385,1.937978,0.005481,0.932746,2.281012,0.9995,0.988726,支持曾遭雷击,否
小号铁夹,2,5,1.2511,0.638238,0.638238,1.96024,1.955257,1.965077,0.005009,0.96024,2.346809,0.9995,0.990533,支持曾遭雷击,否
小号铁夹,2,6,1.1796,0.601659,0.601659,1.960579,1.957014,1.964133,0.003631,0.960579,2.34764,0.9995,0.990554,支持曾遭雷击,否
小号铁夹,2,7,1.1125,0.563319,0.563319,1.974903,1.972272,1.977571,0.002683,0.974903,2.381885,0.9995,0.991388,支持曾遭雷击,否
小号铁夹,2,8,1.0515,0.53494,0.53494,1.965641,1.964614,1.966786,0.001105,0.965641,2.359764,0.9995,0.990857,支持曾遭雷击,否
小号铁夹,2,9,0.989,0.49754,0.49754,1.987781,1.987104,1.988503,0.000704,0.987781,2.412653,0.9995,0.992082,支持曾遭雷击,否
小号铁夹,2,10,0.9283,0.455328,0.455328,2.038748,2.038045,2.039555,0.000741,1.038748,2.534149,0.9995,0.994364,支持曾遭雷击,否
小号铁夹,2,11,0.8699,0.412611,0.412611,2.108283,2.106842,2.109752,0.00138,1.108283,2.699319,0.9995,0.996526,支持曾遭雷击,否
小号铁夹,2,12,0.8167,0.376629,0.376629,2.168449,2.166446,2.170497,0.001868,1.168449,2.841673,0.9995,0.997756,支持曾遭雷击,否
小号铁夹,2,13,0.7733,0.368662,0.368662,2.097586,2.095911,2.09937,0.001649,1.097586,2.673952,0.9995,0.996252,支持曾遭雷击,否
小号铁夹,2,14,0.7289,0.347624,0.347624,2.096809,2.093733,2.099969,0.002974,1.096809,2.672093,0.9995,0.996231,支持曾遭雷击,否
小号铁夹,2,15,0.6852,0.323657,0.323657,2.117057,2.113098,2.120916,0.003693,1.117057,2.720083,0.9995,0.996737,支持曾遭雷击,否
小号铁夹,2,22,0.3656,0.192999,0.192999,1.894313,1.887077,1.901395,0.007559,0.894313,2.188844,0.9995,0.985696,支持曾遭雷击,否
小号铁夹,2,30,0.1908,0.097795,0.097795,1.951023,1.944178,1.957727,0.006944,0.951023,2.324723,0.9995,0.989957,支持曾遭雷击,否
小号铁夹,2,37,0.1183,0.060954,0.060954,1.940808,1.928293,1.953833,0.013159,0.940808,2.300068,0.9995,0.989278,支持曾遭雷击,否
小号铁夹,2,44,0.0691,0.034542,0.034542,2.000455,1.986386,2.014622,0.014115,1.000455,2.442507,0.9995,0.992707,灰区/证据不足,是
小号铁夹,2,51,0.0401,0.018229,0.018229,2.199816,2.186775,2.21218,0.011549,1.199816,2.915317,0.9995,0.998223,灰区/证据不足,是
小号铁夹,2,58,0.0167,0.008813,0.008813,1.894908,1.888281,1.901425,0.006937,0.894908,2.190294,0.9995,0.985749,灰区/证据不足,是
小号铁夹,2,90,0.0008,0.000389,0.000389,2.054108,2.025564,2.082474,0.027706,1.054108,2.568928,0.9995,0.994899,灰区/证据不足,是
小号铁夹,3,1,1.998,0.87411,0.87411,2.285754,2.278738,2.292745,0.006128,1.285754,3.117571,0.9995,0.999088,支持曾遭雷击,否
小号铁夹,3,2,1.779,0.803269,0.803269,2.2147,2.207786,2.221475,0.006181,1.2147,2.950646,0.9995,0.998414,支持曾遭雷击,否
小号铁夹,3,3,1.584,0.737632,0.737632,2.147414,2.140708,2.153988,0.006184,1.147414,2.791872,0.9995,0.99738,支持曾遭雷击,否
小号铁夹,3,4,1.4944,0.687933,0.687933,2.172304,2.166279,2.178185,0.005481,1.172304,2.850706,0.9995,0.997819,支持曾遭雷击,否
小号铁夹,3,5,1.4062,0.638238,0.638238,2.203253,2.197652,2.208689,0.005009,1.203253,2.92372,0.9995,0.998271,支持曾遭雷击,否
小号铁夹,3,6,1.3258,0.601659,0.601659,2.203574,2.199567,2.207569,0.003631,1.203574,2.924508,0.9995,0.998275,支持曾遭雷击,否
小号铁夹,3,7,1.2504,0.563319,0.563319,2.219702,2.216745,2.222701,0.002683,1.219702,2.962512,0.9995,0.998474,支持曾遭雷击,否
小号铁夹,3,8,1.1819,0.53494,0.53494,2.209407,2.208252,2.210694,0.001105,1.209407,2.938286,0.9995,0.99835,支持曾遭雷击,否
小号铁夹,3,9,1.1116,0.49754,0.49754,2.234194,2.233433,2.235005,0.000704,1.234194,2.996629,0.9995,0.998635,支持曾遭雷击,否
小号铁夹,3,10,1.0433,0.455328,0.455328,2.291313,2.290523,2.29222,0.000741,1.291313,3.130718,0.9995,0.999128,支持曾遭雷击,否
小号铁夹,3,11,0.9777,0.412611,0.412611,2.369546,2.367927,2.371197,0.00138,1.369546,3.313541,0.9995,0.999539,支持曾遭雷击,否
小号铁夹,3,12,0.918,0.376629,0.376629,2.437414,2.435163,2.439716,0.001868,1.437414,3.471348,0.9995,0.999741,支持曾遭雷击,否
小号铁夹,3,13,0.8692,0.368662,0.368662,2.357716,2.355833,2.359721,0.001649,1.357716,3.285953,0.9995,0.999492,支持曾遭雷击,否
小号铁夹,3,14,0.8192,0.347624,0.347624,2.356572,2.353116,2.360125,0.002974,1.356572,3.283261,0.9995,0.999487,支持曾遭雷击,否
小号铁夹,3,15,0.7701,0.323657,0.323657,2.379372,2.374922,2.383709,0.003693,1.379372,3.33639,0.9995,0.999576,支持曾遭雷击,否
小号铁夹,3,22,0.4109,0.192999,0.192999,2.12903,2.120897,2.136989,0.007559,1.12903,2.748332,0.9995,0.997005,支持曾遭雷击,否
小号铁夹,3,30,0.2145,0.097795,0.097795,2.193367,2.185672,2.200904,0.006944,1.193367,2.90035,0.9995,0.998136,支持曾遭雷击,否
小号铁夹,3,37,0.1329,0.060954,0.060954,2.180333,2.166274,2.194965,0.013159,1.180333,2.869276,0.9995,0.997943,支持曾遭雷击,否
小号铁夹,3,44,0.0777,0.034542,0.034542,2.249426,2.233606,2.265356,0.014115,1.249426,3.031831,0.9995,0.998785,灰区/证据不足,是
小号铁夹,3,51,0.045,0.018229,0.018229,2.468621,2.453987,2.482496,0.011549,1.468621,3.543115,0.9995,0.999802,灰区/证据不足,是
小号铁夹,3,58,0.0188,0.008813,0.008813,2.13319,2.125729,2.140526,0.006937,1.13319,2.758214,0.9995,0.997094,灰区/证据不足,是
小号铁夹,3,90,0.0009,0.000389,0.000389,2.310871,2.278759,2.342783,0.027706,1.310871,3.17379,0.9995,0.999248,灰区/证据不足,是
小号铁夹,4,1,2.1051,0.87411,0.87411,2.408279,2.400887,2.415644,0.006128,1.408279,3.40356,0.9995,0.999667,支持曾遭雷击,否
小号铁夹,4,2,1.8744,0.803269,0.803269,2.333464,2.32618,2.340603,0.006181,1.333464,3.229214,0.9995,0.999379,支持曾遭雷击,否
小号铁夹,4,3,1.6689,0.737632,0.737632,2.262512,2.255446,2.269439,0.006184,1.262512,3.06305,0.9995,0.998905,支持曾遭雷击,否
小号铁夹,4,4,1.5745,0.687933,0.687933,2.288739,2.282391,2.294936,0.005481,1.288739,3.124592,0.9995,0.99911,支持曾遭雷击,否
小号铁夹,4,5,1.4816,0.638238,0.638238,2.321391,2.31549,2.327118,0.005009,1.321391,3.201039,0.9995,0.999315,支持曾遭雷击,否
小号铁夹,4,6,1.3969,0.601659,0.601659,2.321747,2.317526,2.325956,0.003631,1.321747,3.201911,0.9995,0.999317,支持曾遭雷击,否
小号铁夹,4,7,1.3175,0.563319,0.563319,2.338818,2.335702,2.341978,0.002683,1.338818,3.241826,0.9995,0.999406,支持曾遭雷击,否
小号铁夹,4,8,1.2453,0.53494,0.53494,2.327925,2.326708,2.329281,0.001105,1.327925,3.216396,0.9995,0.999351,支持曾遭雷击,否
小号铁夹,4,9,1.1712,0.49754,0.49754,2.353983,2.353181,2.354838,0.000704,1.353983,3.277253,0.9995,0.999476,支持曾遭雷击,否
小号铁夹,4,10,1.0993,0.455328,0.455328,2.414302,2.413469,2.415257,0.000741,1.414302,3.4177,0.9995,0.999684,支持曾遭雷击,否
小号铁夹,4,11,1.0301,0.412611,0.412611,2.496542,2.494836,2.498282,0.00138,1.496542,3.608232,0.9995,0.999846,支持曾遭雷击,否
小号铁夹,4,12,0.9672,0.376629,0.376629,2.568047,2.565675,2.570472,0.001868,1.568047,3.772971,0.9995,0.999919,支持曾遭雷击,否
小号铁夹,4,13,0.9158,0.368662,0.368662,2.484119,2.482135,2.486231,0.001649,1.484119,3.579518,0.9995,0.999828,支持曾遭雷击,否
小号铁夹,4,14,0.8632,0.347624,0.347624,2.483146,2.479504,2.486889,0.002974,1.483146,3.57724,0.9995,0.999826,支持曾遭雷击,否
小号铁夹,4,15,0.8114,0.323657,0.323657,2.506977,2.502288,2.511546,0.003693,1.506977,3.632272,0.9995,0.99986,支持曾遭雷击,否
小号铁夹,4,22,0.4329,0.192999,0.192999,2.24302,2.234452,2.251406,0.007559,1.24302,3.017214,0.9995,0.998724,支持曾遭雷击,否
小号铁夹,4,30,0.226,0.097795,0.097795,2.310961,2.302853,2.318901,0.006944,1.310961,3.17656,0.9995,0.999255,支持曾遭雷击,否
小号铁夹,4,37,0.1401,0.060954,0.060954,2.298455,2.283634,2.31388,0.013159,1.298455,3.146887,0.9995,0.999175,支持曾遭雷击,否
小号铁夹,4,44,0.0819,0.034542,0.034542,2.371017,2.354342,2.387808,0.014115,1.371017,3.316242,0.9995,0.999544,灰区/证据不足,是
小号铁夹,4,51,0.0474,0.018229,0.018229,2.600281,2.584866,2.614896,0.011549,1.600281,3.846301,0.9995,0.99994,灰区/证据不足,是
小号铁夹,4,58,0.0198,0.008813,0.008813,2.246658,2.2388,2.254384,0.006937,1.246658,3.025804,0.9995,0.99876,灰区/证据不足,是
小号铁夹,4,90,0.0009,0.000389,0.000389,2.310871,2.278759,2.342783,0.027706,1.310871,3.17379,0.9995,0.999248,灰区/证据不足,是
小号铁夹,5,1,2.2346,0.87411,0.87411,2.55643,2.548583,2.564248,0.006128,1.55643,3.746103,0.9995,0.99991,支持曾遭雷击,否
小号铁夹,5,2,1.9897,0.803269,0.803269,2.477003,2.46927,2.484581,0.006181,1.477003,3.562911,0.9995,0.999817,支持曾遭雷击,否
小号铁夹,5,3,1.7715,0.737632,0.737632,2.401606,2.394106,2.408959,0.006184,1.401606,3.388041,0.9995,0.999648,支持曾遭雷击,否
小号铁夹,5,4,1.6714,0.687933,0.687933,2.429596,2.422857,2.436174,0.005481,1.429596,3.453102,0.9995,0.999723,支持曾遭雷击,否
小号铁夹,5,5,1.5727,0.638238,0.638238,2.464128,2.457863,2.470207,0.005009,1.464128,3.53317,0.9995,0.999795,支持曾遭雷击,否
小号铁夹,5,6,1.4828,0.601659,0.601659,2.464519,2.460038,2.468987,0.003631,1.464519,3.534124,0.9995,0.999795,支持曾遭雷击,否
小号铁夹,5,7,1.3985,0.563319,0.563319,2.482608,2.479301,2.485963,0.002683,1.482608,3.576006,0.9995,0.999826,支持曾遭雷击,否
小号铁夹,5,8,1.3219,0.53494,0.53494,2.471119,2.469827,2.472558,0.001105,1.471119,3.549453,0.9995,0.999807,支持曾遭雷击,否
小号铁夹,5,9,1.2432,0.49754,0.49754,2.498695,2.497844,2.499602,0.000704,1.498695,3.613212,0.9995,0.999849,支持曾遭雷击,否
小号铁夹,5,10,1.1669,0.455328,0.455328,2.562766,2.561882,2.56378,0.000741,1.562766,3.760848,0.9995,0.999915,支持曾遭雷击,否
小号铁夹,5,11,1.0935,0.412611,0.412611,2.650198,2.648387,2.652045,0.00138,1.650198,3.961177,0.9995,0.999963,支持曾遭雷击,否
小号铁夹,5,12,1.0267,0.376629,0.376629,2.726027,2.723509,2.728602,0.001868,1.726027,4.133833,0.9995,0.999982,支持曾遭雷击,否
小号铁夹,5,13,0.9721,0.368662,0.368662,2.636834,2.634728,2.639076,0.001649,1.636834,3.930636,0.9995,0.999958,支持曾遭雷击,否
小号铁夹,5,14,0.9163,0.347624,0.347624,2.635897,2.632031,2.639871,0.002974,1.635897,3.928461,0.9995,0.999957,支持曾遭雷击,否
小号铁夹,5,15,0.8613,0.323657,0.323657,2.661152,2.656175,2.666002,0.003693,1.661152,3.986116,0.9995,0.999966,支持曾遭雷击,否
小号铁夹,5,22,0.4595,0.192999,0.192999,2.380845,2.37175,2.389746,0.007559,1.380845,3.339662,0.9995,0.999581,支持曾遭雷击,否
小号铁夹,5,30,0.2399,0.097795,0.097795,2.453095,2.444488,2.461524,0.006944,1.453095,3.507515,0.9995,0.999774,支持曾遭雷击,否
小号铁夹,5,37,0.1487,0.060954,0.060954,2.439545,2.423814,2.455917,0.013159,1.439545,3.475612,0.9995,0.999745,支持曾遭雷击,否
小号铁夹,5,44,0.0869,0.034542,0.034542,2.515767,2.498074,2.533584,0.014115,1.515767,3.65172,0.9995,0.99987,灰区/证据不足,是
小号铁夹,5,51,0.0503,0.018229,0.018229,2.75937,2.743012,2.774879,0.011549,1.75937,4.208634,0.9995,0.999987,灰区/证据不足,是
小号铁夹,5,58,0.021,0.008813,0.008813,2.382819,2.374484,2.391013,0.006937,1.382819,3.344311,0.9995,0.999588,灰区/证据不足,是
小号铁夹,5,90,0.001,0.000389,0.000389,2.567635,2.531954,2.603092,0.027706,1.567635,3.768102,0.9995,0.999918,灰区/证据不足,是
小号铁夹,6,1,2.7097,0.87411,0.87411,3.099954,3.090439,3.109435,0.006128,2.099954,4.969534,0.9995,1.0,支持曾遭雷击,否
小号铁夹,6,2,2.4126,0.803269,0.803269,3.003476,2.9941,3.012665,0.006181,2.003476,4.75639,0.9995,0.999999,支持曾遭雷击,否
小号铁夹,6,3,2.1482,0.737632,0.737632,2.912294,2.9032,2.921211,0.006184,1.912294,4.553299,0.9995,0.999997,支持曾遭雷击,否
小号铁夹,6,4,2.0267,0.687933,0.687933,2.946071,2.937899,2.954047,0.005481,1.946071,4.628779,0.9995,0.999998,支持曾遭雷击,否
小号铁夹,6,5,1.907,0.638238,0.638238,2.987913,2.980318,2.995285,0.005009,1.987913,4.721942,0.9995,0.999999,支持曾遭雷击,否
小号铁夹,6,6,1.798,0.601659,0.601659,2.988404,2.98297,2.993822,0.003631,1.988404,4.723124,0.9995,0.999999,支持曾遭雷击,否
小号铁夹,6,7,1.6958,0.563319,0.563319,3.010373,3.006363,3.014441,0.002683,2.010373,4.771937,0.9995,0.999999,支持曾遭雷击,否
小号铁夹,6,8,1.6029,0.53494,0.53494,2.996411,2.994845,2.998156,0.001105,1.996411,4.741006,0.9995,0.999999,支持曾遭雷击,否
小号铁夹,6,9,1.5075,0.49754,0.49754,3.029909,3.028877,3.031009,0.000704,2.029909,4.815276,0.9995,0.999999,支持曾遭雷击,否
小号铁夹,6,10,1.4149,0.455328,0.455328,3.107428,3.106356,3.108657,0.000741,2.107428,4.986303,0.9995,1.0,支持曾遭雷击,否
小号铁夹,6,11,1.3259,0.412611,0.412611,3.213441,3.211245,3.21568,0.00138,2.213441,5.218275,0.9995,1.0,支持曾遭雷击,否
小号铁夹,6,12,1.245,0.376629,0.376629,3.305643,3.30259,3.308766,0.001868,2.305643,5.418196,0.9995,1.0,支持曾遭雷击,否
小号铁夹,6,13,1.1788,0.368662,0.368662,3.19751,3.194957,3.200229,0.001649,2.19751,5.183547,0.9995,1.0,支持曾遭雷击,否
小号铁夹,6,14,1.111,0.347624,0.347624,3.195986,3.191298,3.200804,0.002974,2.195986,5.180159,0.9995,1.0,支持曾遭雷击,否
小号铁夹,6,15,1.0444,0.323657,0.323657,3.226875,3.22084,3.232756,0.003693,2.226875,5.247389,0.9995,1.0,支持曾遭雷击,否
小号铁夹,6,22,0.5572,0.192999,0.192999,2.887066,2.876037,2.89786,0.007559,1.887066,4.496705,0.9995,0.999997,支持曾遭雷击,否
小号铁夹,6,30,0.2909,0.097795,0.097795,2.974595,2.964159,2.984816,0.006944,1.974595,4.692143,0.9995,0.999999,支持曾遭雷击,否
小号铁夹,6,37,0.1803,0.060954,0.060954,2.957969,2.938895,2.97782,0.013159,1.957969,4.654199,0.9995,0.999998,支持曾遭雷击,否
小号铁夹,6,44,0.1054,0.034542,0.034542,3.051345,3.029885,3.072954,0.014115,2.051345,4.860983,0.9995,0.999999,灰区/证据不足,是
小号铁夹,6,51,0.061,0.018229,0.018229,3.346353,3.326515,3.365161,0.011549,2.346353,5.504451,0.9995,1.0,灰区/证据不足,是
小号铁夹,6,58,0.0254,0.008813,0.008813,2.882076,2.871996,2.891987,0.006937,1.882076,4.485624,0.9995,0.999996,灰区/证据不足,是
小号铁夹,6,90,0.0012,0.000389,0.000389,3.081161,3.038345,3.123711,0.027706,2.081161,4.921314,0.9995,1.0,灰区/证据不足,是
小号铁夹,7,1,1.8645,0.87411,0.87411,2.133027,2.12648,2.139551,0.006128,1.133027,2.757842,0.9995,0.997091,支持曾遭雷击,否
小号铁夹,7,2,1.6601,0.803269,0.803269,2.06668,2.060228,2.073002,0.006181,1.06668,2.600497,0.9995,0.995346,支持曾遭雷击,否
小号铁夹,7,3,1.4781,0.737632,0.737632,2.003846,1.997588,2.009981,0.006184,1.003846,2.450912,0.9995,0.992875,支持曾遭雷击,否
小号铁夹,7,4,1.3946,0.687933,0.687933,2.027231,2.021609,2.03272,0.005481,1.027231,2.506666,0.9995,0.993906,支持曾遭雷击,否
小号铁夹,7,5,1.3122,0.638238,0.638238,2.055973,2.050746,2.061045,0.005009,1.055973,2.575075,0.9995,0.994989,支持曾遭雷击,否
小号铁夹,7,6,1.2372,0.601659,0.601659,2.056314,2.052576,2.060042,0.003631,1.056314,2.575912,0.9995,0.995001,支持曾遭雷击,否
小号铁夹,7,7,1.1669,0.563319,0.563319,2.071474,2.068714,2.074272,0.002683,1.071474,2.611955,0.9995,0.995499,支持曾遭雷击,否
小号铁夹,7,8,1.1029,0.53494,0.53494,2.061727,2.060649,2.062928,0.001105,1.061727,2.588807,0.9995,0.995185,支持曾遭雷击,否
小号铁夹,7,9,1.0373,0.49754,0.49754,2.084859,2.084149,2.085616,0.000704,1.084859,2.643757,0.9995,0.9959,支持曾遭雷击,否
小号铁夹,7,10,0.9736,0.455328,0.455328,2.138237,2.1375,2.139083,0.000741,1.138237,2.770263,0.9995,0.997199,支持曾遭雷击,否
小号铁夹,7,11,0.9124,0.412611,0.412611,2.211286,2.209774,2.212826,0.00138,1.211286,2.942709,0.9995,0.998373,支持曾遭雷击,否
小号铁夹,7,12,0.8567,0.376629,0.376629,2.274654,2.272553,2.276803,0.001868,1.274654,3.091652,0.9995,0.999005,支持曾遭雷击,否
小号铁夹,7,13,0.8111,0.368662,0.368662,2.200119,2.198362,2.20199,0.001649,1.200119,2.916396,0.9995,0.998229,支持曾遭雷击,否
小号铁夹,7,14,0.7645,0.347624,0.347624,2.199218,2.195992,2.202533,0.002974,1.199218,2.914254,0.9995,0.998217,支持曾遭雷击,否
小号铁夹,7,15,0.7187,0.323657,0.323657,2.220562,2.216409,2.224609,0.003693,1.220562,2.964516,0.9995,0.998484,支持曾遭雷击,否
小号铁夹,7,22,0.3834,0.192999,0.192999,1.986542,1.978953,1.993969,0.007559,0.986542,2.409587,0.9995,0.992015,支持曾遭雷击,否
小号铁夹,7,30,0.2002,0.097795,0.097795,2.047143,2.039961,2.054177,0.006944,1.047143,2.554022,0.9995,0.994676,支持曾遭雷击,否
小号铁夹,7,37,0.1241,0.060954,0.060954,2.035962,2.022834,2.049625,0.013159,1.035962,2.527159,0.9995,0.994251,支持曾遭雷击,否
小号铁夹,7,44,0.0725,0.034542,0.034542,2.098885,2.084124,2.113749,0.014115,1.098885,2.676571,0.9995,0.996281,灰区/证据不足,是
小号铁夹,7,51,0.042,0.018229,0.018229,2.304046,2.290388,2.316996,0.011549,1.304046,3.160102,0.9995,0.999211,灰区/证据不足,是
小号铁夹,7,58,0.0175,0.008813,0.008813,1.985682,1.978737,1.992511,0.006937,0.985682,2.407562,0.9995,0.99197,灰区/证据不足,是
小号铁夹,7,90,0.0008,0.000389,0.000389,2.054108,2.025564,2.082474,0.027706,1.054108,2.568928,0.9995,0.994899,灰区/证据不足,是
小号铁夹,8,1,2.3186,0.87411,0.87411,2.652527,2.644386,2.66064,0.006128,1.652527,3.966304,0.9995,0.999964,支持曾遭雷击,否
小号铁夹,8,2,2.0644,0.803269,0.803269,2.569998,2.561974,2.57786,0.006181,1.569998,3.777288,0.9995,0.999921,支持曾遭雷击,否
小号铁夹,8,3,1.8381,0.737632,0.737632,2.491895,2.484113,2.499524,0.006184,1.491895,3.597334,0.9995,0.999839,支持曾遭雷击,否
小号铁夹,8,4,1.7342,0.687933,0.687933,2.520884,2.513892,2.527709,0.005481,1.520884,3.664286,0.9995,0.999876,支持曾遭雷击,否
小号铁夹,8,5,1.6318,0.638238,0.638238,2.556726,2.550227,2.563035,0.005009,1.556726,3.746845,0.9995,0.99991,支持曾遭雷击,否
小号铁夹,8,6,1.5385,0.601659,0.601659,2.557096,2.552447,2.561732,0.003631,1.557096,3.747751,0.9995,0.999911,支持曾遭雷击,否
小号铁夹,8,7,1.4511,0.563319,0.563319,2.575984,2.572552,2.579464,0.002683,1.575984,3.791187,0.9995,0.999925,支持曾遭雷击,否
小号铁夹,8,8,1.3715,0.53494,0.53494,2.563839,2.562499,2.565332,0.001105,1.563839,3.763313,0.9995,0.999916,支持曾遭雷击,否
小号铁夹,8,9,1.2899,0.49754,0.49754,2.592557,2.591674,2.593498,0.000704,1.592557,3.829258,0.9995,0.999936,支持曾遭雷击,否
小号铁夹,8,10,1.2107,0.455328,0.455328,2.65896,2.658043,2.660012,0.000741,1.65896,3.981188,0.9995,0.999966,支持曾遭雷击,否
小号铁夹,8,11,1.1346,0.412611,0.412611,2.749808,2.747928,2.751724,0.00138,1.749808,4.187781,0.9995,0.999986,支持曾遭雷击,否
小号铁夹,8,12,1.0653,0.376629,0.376629,2.828515,2.825903,2.831187,0.001868,1.828515,4.365563,0.9995,0.999994,支持曾遭雷击,否
小号铁夹,8,13,1.0086,0.368662,0.368662,2.735841,2.733656,2.738166,0.001649,1.735841,4.156108,0.9995,0.999984,支持曾遭雷击,否
小号铁夹,8,14,0.9507,0.347624,0.347624,2.734855,2.730844,2.738978,0.002974,1.734855,4.153833,0.9995,0.999984,支持曾遭雷击,否
小号铁夹,8,15,0.8937,0.323657,0.323657,2.761258,2.756094,2.766291,0.003693,1.761258,4.213641,0.9995,0.999987,支持曾遭雷击,否
小号铁夹,8,22,0.4768,0.192999,0.192999,2.470483,2.461045,2.479719,0.007559,1.470483,3.547746,0.9995,0.999806,支持曾遭雷击,否
小号铁夹,8,30,0.2489,0.097795,0.097795,2.545124,2.536195,2.553869,0.006944,1.545124,3.720037,0.9995,0.9999,支持曾遭雷击,否
小号铁夹,8,37,0.1543,0.060954,0.060954,2.531418,2.515094,2.548406,0.013159,1.531418,3.687914,0.9995,0.999887,支持曾遭雷击,否
小号铁夹,8,44,0.0902,0.034542,0.034542,2.611303,2.592938,2.629796,0.014115,1.611303,3.871205,0.9995,0.999946,灰区/证据不足,是
小号铁夹,8,51,0.0522,0.018229,0.018229,2.863601,2.846625,2.879695,0.011549,1.863601,4.443549,0.9995,0.999996,灰区/证据不足,是
小号铁夹,8,58,0.0218,0.008813,0.008813,2.473593,2.464941,2.482099,0.006937,1.473593,3.555002,0.9995,0.999811,灰区/证据不足,是
小号铁夹,8,90,0.001,0.000389,0.000389,2.567635,2.531954,2.603092,0.027706,1.567635,3.768102,0.9995,0.999918,灰区/证据不足,是
小号铁夹,9,1,2.4314,0.87411,0.87411,2.781573,2.773035,2.79008,0.006128,1.781573,4.259447,0.9995,0.99999,支持曾遭雷击,否
小号铁夹,9,2,2.1649,0.803269,0.803269,2.695112,2.686698,2.703357,0.006181,1.695112,4.063366,0.9995,0.999976,支持曾遭雷击,否
小号铁夹,9,3,1.9276,0.737632,0.737632,2.613229,2.605068,2.62123,0.006184,1.613229,3.876441,0.9995,0.999947,支持曾遭雷击,否
小号铁夹,9,4,1.8186,0.687933,0.687933,2.64357,2.636238,2.650727,0.005481,1.64357,3.945888,0.9995,0.99996,支持曾遭雷击,否
小号铁夹,9,5,1.7112,0.638238,0.638238,2.681131,2.674315,2.687746,0.005009,1.681131,4.031608,0.9995,0.999972,支持曾遭雷击,否
小号铁夹,9,6,1.6134,0.601659,0.601659,2.681585,2.67671,2.686447,0.003631,1.681585,4.032707,0.9995,0.999972,支持曾遭雷击,否
小号铁夹,9,7,1.5217,0.563319,0.563319,2.701312,2.697714,2.704962,0.002683,1.701312,4.077648,0.9995,0.999977,支持曾遭雷击,否
小号铁夹,9,8,1.4383,0.53494,0.53494,2.688713,2.687308,2.690279,0.001105,1.688713,4.049009,0.9995,0.999974,支持曾遭雷击,否
小号铁夹,9,9,1.3527,0.49754,0.49754,2.718778,2.717852,2.719765,0.000704,1.718778,4.117389,0.9995,0.999981,支持曾遭雷击,否
小号铁夹,9,10,1.2696,0.455328,0.455328,2.788317,2.787356,2.789421,0.000741,1.788317,4.27492,0.9995,0.99999,支持曾遭雷击,否
小号铁夹,9,11,1.1898,0.412611,0.412611,2.88359,2.881619,2.885599,0.00138,1.88359,4.489306,0.9995,0.999996,支持曾遭雷击,否
小号铁夹,9,12,1.1171,0.376629,0.376629,2.966051,2.963312,2.968853,0.001868,1.966051,4.673493,0.9995,0.999999,支持曾遭雷击,否
小号铁夹,9,13,1.0577,0.368662,0.368662,2.869025,2.866734,2.871464,0.001649,1.869025,4.456631,0.9995,0.999996,支持曾遭雷击,否
小号铁夹,9,14,0.997,0.347624,0.347624,2.868045,2.863838,2.872369,0.002974,1.868045,4.454387,0.9995,0.999996,支持曾遭雷击,否
小号铁夹,9,15,0.9372,0.323657,0.323657,2.89566,2.890244,2.900937,0.003693,1.89566,4.516259,0.9995,0.999997,支持曾遭雷击,否
小号铁夹,9,22,0.5,0.192999,0.192999,2.590691,2.580794,2.600376,0.007559,1.590691,3.824698,0.9995,0.999935,支持曾遭雷击,否
小号铁夹,9,30,0.261,0.097795,0.097795,2.668853,2.659489,2.678023,0.006944,1.668853,4.003487,0.9995,0.999969,支持曾遭雷击,否
小号铁夹,9,37,0.1618,0.060954,0.060954,2.654461,2.637345,2.672275,0.013159,1.654461,3.969995,0.9995,0.999964,支持曾遭雷击,否
小号铁夹,9,44,0.0946,0.034542,0.034542,2.738683,2.719423,2.758079,0.014115,1.738683,4.161373,0.9995,0.999984,灰区/证据不足,是
小号铁夹,9,51,0.0548,0.018229,0.018229,3.006232,2.988411,3.023129,0.011549,2.006232,4.761726,0.9995,0.999999,灰区/证据不足,是
小号铁夹,9,58,0.0228,0.008813,0.008813,2.58706,2.578012,2.595957,0.006937,1.58706,3.816439,0.9995,0.999932,灰区/证据不足,是
小号铁夹,9,90,0.0011,0.000389,0.000389,2.824398,2.78515,2.863402,0.027706,1.824398,4.350895,0.9995,0.999993,灰区/证据不足,是
小号铁夹,10,1,1.6433,0.87411,0.87411,1.87997,1.8742,1.885719,0.006128,0.87997,2.154443,0.9995,0.984397,支持曾遭雷击,否
小号铁夹,10,2,1.4632,0.803269,0.803269,1.821556,1.81587,1.827129,0.006181,0.821556,2.013951,0.9995,0.977993,支持曾遭雷击,否
小号铁夹,10,3,1.3028,0.737632,0.737632,1.766193,1.760678,1.771601,0.006184,0.766193,1.880403,0.9995,0.969973,灰区/证据不足,否
小号铁夹,10,4,1.2291,0.687933,0.687933,1.786656,1.7817,1.791493,0.005481,0.786656,1.929817,0.9995,0.973185,灰区/证据不足,否
小号铁夹,10,5,1.1566,0.638238,0.638238,1.812176,1.80757,1.816648,0.005009,0.812176,1.991368,0.9995,0.97678,支持曾遭雷击,否
小号铁夹,10,6,1.0905,0.601659,0.601659,1.812488,1.809193,1.815774,0.003631,0.812488,1.992135,0.9995,0.976822,支持曾遭雷击,否
小号铁夹,10,7,1.0285,0.563319,0.563319,1.825787,1.823355,1.828254,0.002683,0.825787,2.024181,0.9995,0.978524,支持曾遭雷击,否
小号铁夹,10,8,0.9721,0.53494,0.53494,1.817213,1.816264,1.818272,0.001105,0.817213,2.003537,0.9995,0.97744,支持曾遭雷击,否
小号铁夹,10,9,0.9142,0.49754,0.49754,1.837441,1.836816,1.838108,0.000704,0.837441,2.052251,0.9995,0.979927,支持曾遭雷击,否
小号铁夹,10,10,0.8581,0.455328,0.455328,1.884574,1.883924,1.88532,0.000741,0.884574,2.165555,0.9995,0.984827,支持曾遭雷击,否
小号铁夹,10,11,0.8041,0.412611,0.412611,1.948811,1.947479,1.950169,0.00138,0.948811,2.319513,0.9995,0.989816,支持曾遭雷击,否
小号铁夹,10,12,0.755,0.376629,0.376629,2.004627,2.002775,2.00652,0.001868,1.004627,2.452843,0.9995,0.992913,支持曾遭雷击,否
小号铁夹,10,13,0.7149,0.368662,0.368662,1.939176,1.937627,1.940824,0.001649,0.939176,2.296453,0.9995,0.989175,支持曾遭雷击,否
小号铁夹,10,14,0.6738,0.347624,0.347624,1.938304,1.935461,1.941226,0.002974,0.938304,2.294355,0.9995,0.989115,支持曾遭雷击,否
小号铁夹,10,15,0.6334,0.323657,0.323657,1.957011,1.953351,1.960578,0.003693,0.957011,2.339107,0.9995,0.990335,支持曾遭雷击,否
小号铁夹,10,22,0.3379,0.192999,0.192999,1.750789,1.744101,1.757334,0.007559,0.750789,1.843157,0.9995,0.967347,灰区/证据不足,否
小号铁夹,10,30,0.1764,0.097795,0.097795,1.803776,1.797448,1.809974,0.006944,0.803776,1.971087,0.9995,0.975643,支持曾遭雷击,否
小号铁夹,10,37,0.1093,0.060954,0.060954,1.793156,1.781593,1.80519,0.013159,0.793156,1.945321,0.9995,0.974132,灰区/证据不足,否
小号铁夹,10,44,0.0639,0.034542,0.034542,1.849914,1.836904,1.863015,0.014115,0.849914,2.081976,0.9995,0.981328,灰区/证据不足,是
小号铁夹,10,51,0.037,0.018229,0.018229,2.029755,2.017722,2.041163,0.011549,1.029755,2.512463,0.9995,0.994005,灰区/证据不足,是
小号铁夹,10,58,0.0154,0.008813,0.008813,1.7474,1.741289,1.75341,0.006937,0.7474,1.834981,0.9995,0.966746,灰区/证据不足,是
小号铁夹,10,90,0.0007,0.000389,0.000389,1.797344,1.772368,1.822165,0.027706,0.797344,1.9546,0.9995,0.974685,灰区/证据不足,是
小号铁夹,11,1,2.4533,0.87411,0.87411,2.806627,2.798012,2.815211,0.006128,1.806627,4.316012,0.9995,0.999992,支持曾遭雷击,否
小号铁夹,11,2,2.1843,0.803269,0.803269,2.719263,2.710774,2.727582,0.006181,1.719263,4.118271,0.9995,0.999981,支持曾遭雷击,否
小号铁夹,11,3,1.9449,0.737632,0.737632,2.636682,2.628449,2.644755,0.006184,1.636682,3.9301,0.9995,0.999958,支持曾遭雷击,否
小号铁夹,11,4,1.8349,0.687933,0.687933,2.667264,2.659867,2.674486,0.005481,1.667264,3.999973,0.9995,0.999968,支持曾遭雷击,否
小号铁夹,11,5,1.7266,0.638238,0.638238,2.70526,2.698383,2.711935,0.005009,1.70526,4.086525,0.9995,0.999978,支持曾遭雷击,否
小号铁夹,11,6,1.6279,0.601659,0.601659,2.705685,2.700766,2.710591,0.003631,1.705685,4.087558,0.9995,0.999978,支持曾遭雷击,否
小号铁夹,11,7,1.5353,0.563319,0.563319,2.725455,2.721824,2.729137,0.002683,1.725455,4.132513,0.9995,0.999982,支持曾遭雷击,否
小号铁夹,11,8,1.4512,0.53494,0.53494,2.712828,2.71141,2.714408,0.001105,1.712828,4.103866,0.9995,0.99998,支持曾遭雷击,否
小号铁夹,11,9,1.3648,0.49754,0.49754,2.743098,2.742163,2.744094,0.000704,1.743098,4.172581,0.9995,0.999985,支持曾遭雷击,否
小号铁夹,11,10,1.2811,0.455328,0.455328,2.813574,2.812604,2.814687,0.000741,1.813574,4.331918,0.9995,0.999993,支持曾遭雷击,否
小号铁夹,11,11,1.2005,0.412611,0.412611,2.909523,2.907534,2.91155,0.00138,1.909523,4.547371,0.9995,0.999997,支持曾遭雷击,否
小号铁夹,11,12,1.1272,0.376629,0.376629,2.992868,2.990104,2.995695,0.001868,1.992868,4.733119,0.9995,0.999999,支持曾遭雷击,否
小号铁夹,11,13,1.0672,0.368662,0.368662,2.894794,2.892482,2.897255,0.001649,1.894794,4.5144,0.9995,0.999997,支持曾遭雷击,否
小号铁夹,11,14,1.0059,0.347624,0.347624,2.893648,2.889403,2.89801,0.002974,1.893648,4.511787,0.9995,0.999997,支持曾遭雷击,否
小号铁夹,11,15,0.9456,0.323657,0.323657,2.921613,2.916149,2.926938,0.003693,1.921613,4.57431,0.9995,0.999998,支持曾遭雷击,否
小号铁夹,11,22,0.5045,0.192999,0.192999,2.614007,2.604021,2.62378,0.007559,1.614007,3.878131,0.9995,0.999947,支持曾遭雷击,否
小号铁夹,11,30,0.2634,0.097795,0.097795,2.693394,2.683944,2.702649,0.006944,1.693394,4.05939,0.9995,0.999975,支持曾遭雷击,否
小号铁夹,11,37,0.1632,0.060954,0.060954,2.677429,2.660165,2.695397,0.013159,1.677429,4.022358,0.9995,0.999971,支持曾遭雷击,否
小号铁夹,11,44,0.0954,0.034542,0.034542,2.761843,2.74242,2.781403,0.014115,1.761843,4.213819,0.9995,0.999987,灰区/证据不足,是
小号铁夹,11,51,0.0553,0.018229,0.018229,3.033661,3.015677,3.050712,0.011549,2.033661,4.822469,0.9995,0.999999,灰区/证据不足,是
小号铁夹,11,58,0.023,0.008813,0.008813,2.609754,2.600626,2.618729,0.006937,1.609754,3.868463,0.9995,0.999945,灰区/证据不足,是
小号铁夹,11,90,0.0011,0.000389,0.000389,2.824398,2.78515,2.863402,0.027706,1.824398,4.350895,0.9995,0.999993,灰区/证据不足,是
小号铁夹,12,1,1.8224,0.87411,0.87411,2.084864,2.078465,2.09124,0.006128,1.084864,2.643685,0.9995,0.9959,支持曾遭雷击,否
小号铁夹,12,2,1.6227,0.803269,0.803269,2.02012,2.013813,2.0263,0.006181,1.02012,2.489708,0.9995,0.993608,支持曾遭雷击,否
小号铁夹,12,3,1.4448,0.737632,0.737632,1.958702,1.952585,1.964698,0.006184,0.958702,2.343105,0.9995,0.990438,支持曾遭雷击,否
小号铁夹,12,4,1.3631,0.687933,0.687933,1.981442,1.975946,1.986807,0.005481,0.981442,2.397462,0.9995,0.991745,支持曾遭雷击,否
小号铁夹,12,5,1.2826,0.638238,0.638238,2.009595,2.004486,2.014553,0.005009,1.009595,2.464648,0.9995,0.993143,支持曾遭雷击,否
小号铁夹,12,6,1.2093,0.601659,0.601659,2.009942,2.006288,2.013586,0.003631,1.009942,2.4655,0.9995,0.993159,支持曾遭雷击,否
小号铁夹,12,7,1.1406,0.563319,0.563319,2.024786,2.022089,2.027522,0.002683,1.024786,2.500887,0.9995,0.993806,支持曾遭雷击,否
小号铁夹,12,8,1.078,0.53494,0.53494,2.01518,2.014126,2.016353,0.001105,1.01518,2.478009,0.9995,0.993394,支持曾遭雷击,否
小号铁夹,12,9,1.0139,0.49754,0.49754,2.037827,2.037133,2.038567,0.000704,1.037827,2.531957,0.9995,0.994329,支持曾遭雷击,否
小号铁夹,12,10,0.9516,0.455328,0.455328,2.08992,2.0892,2.090747,0.000741,1.08992,2.65577,0.9995,0.996044,支持曾遭雷击,否
小号铁夹,12,11,0.8918,0.412611,0.412611,2.16136,2.159882,2.162866,0.00138,1.16136,2.824931,0.9995,0.997635,支持曾遭雷击,否
小号铁夹,12,12,0.8373,0.376629,0.376629,2.223144,2.221091,2.225244,0.001868,1.223144,2.970625,0.9995,0.998514,支持曾遭雷击,否
小号铁夹,12,13,0.7928,0.368662,0.368662,2.15048,2.148763,2.152308,0.001649,1.15048,2.799215,0.9995,0.997439,支持曾遭雷击,否
小号铁夹,12,14,0.7473,0.347624,0.347624,2.149739,2.146586,2.15298,0.002974,1.149739,2.797446,0.9995,0.997425,支持曾遭雷击,否
小号铁夹,12,15,0.7024,0.323657,0.323657,2.1702,2.166141,2.174155,0.003693,1.1702,2.84578,0.9995,0.997785,支持曾遭雷击,否
小号铁夹,12,22,0.3748,0.192999,0.192999,1.941982,1.934563,1.949242,0.007559,0.941982,2.303077,0.9995,0.989363,支持曾遭雷击,否
小号铁夹,12,30,0.1957,0.097795,0.097795,2.001128,1.994107,2.008004,0.006944,1.001128,2.444409,0.9995,0.992746,支持曾遭雷击,否
小号铁夹,12,37,0.1213,0.060954,0.060954,1.990026,1.977194,2.003381,0.013159,0.990026,2.417683,0.9995,0.99219,支持曾遭雷击,否
小号铁夹,12,44,0.0709,0.034542,0.034542,2.052565,2.03813,2.067101,0.014115,1.052565,2.566593,0.9995,0.994865,灰区/证据不足,是
小号铁夹,12,51,0.0411,0.018229,0.018229,2.254674,2.241308,2.267346,0.011549,1.254674,3.044359,0.9995,0.998834,灰区/证据不足,是
小号铁夹,12,58,0.0171,0.008813,0.008813,1.940295,1.933509,1.946968,0.006937,0.940295,2.299065,0.9995,0.989249,灰区/证据不足,是
小号铁夹,12,90,0.0008,0.000389,0.000389,2.054108,2.025564,2.082474,0.027706,1.054108,2.568928,0.9995,0.994899,灰区/证据不足,是
小号铁夹,13,1,1.6702,0.87411,0.87411,1.910744,1.904879,1.916588,0.006128,0.910744,2.228284,0.9995,0.987069,支持曾遭雷击,否
小号铁夹,13,2,1.4871,0.803269,0.803269,1.85131,1.84553,1.856974,0.006181,0.85131,2.085565,0.9995,0.981491,支持曾遭雷击,否
小号铁夹,13,3,1.3241,0.737632,0.737632,1.79507,1.789464,1.800566,0.006184,0.79507,1.950105,0.9995,0.974418,灰区/证据不足,否
小号铁夹,13,4,1.2492,0.687933,0.687933,1.815874,1.810837,1.82079,0.005481,0.815874,2.000271,0.9995,0.977264,支持曾遭雷击,否
小号铁夹,13,5,1.1755,0.638238,0.638238,1.841789,1.837107,1.846334,0.005009,0.841789,2.06268,0.9995,0.980428,支持曾遭雷击,否
小号铁夹,13,6,1.1083,0.601659,0.601659,1.842073,1.838724,1.845413,0.003631,0.842073,2.06338,0.9995,0.980462,支持曾遭雷击,否
小号铁夹,13,7,1.0453,0.563319,0.563319,1.85561,1.853138,1.858117,0.002683,0.85561,2.095951,0.9995,0.981957,支持曾遭雷击,否
小号铁夹,13,8,0.988,0.53494,0.53494,1.846936,1.845971,1.848012,0.001105,0.846936,2.075098,0.9995,0.981011,支持曾遭雷击,否
小号铁夹,13,9,0.9292,0.49754,0.49754,1.86759,1.866954,1.868268,0.000704,0.86759,2.124759,0.9995,0.983197,支持曾遭雷击,否
小号铁夹,13,10,0.8721,0.455328,0.455328,1.915321,1.914661,1.916079,0.000741,0.915321,2.239316,0.9995,0.987432,支持曾遭雷击,否
小号铁夹,13,11,0.8173,0.412611,0.412611,1.980802,1.979448,1.982182,0.00138,0.980802,2.395985,0.9995,0.991712,支持曾遭雷击,否
小号铁夹,13,12,0.7674,0.376629,0.376629,2.037551,2.035669,2.039475,0.001868,1.037551,2.531292,0.9995,0.994318,支持曾遭雷击,否
小号铁夹,13,13,0.7266,0.368662,0.368662,1.970912,1.969338,1.972587,0.001649,0.970912,2.372357,0.9995,0.991162,支持曾遭雷击,否
小号铁夹,13,14,0.6848,0.347624,0.347624,1.969947,1.967058,1.972917,0.002974,0.969947,2.37004,0.9995,0.991107,支持曾遭雷击,否
小号铁夹,13,15,0.6438,0.323657,0.323657,1.989144,1.985424,1.992769,0.003693,0.989144,2.41588,0.9995,0.992151,支持曾遭雷击,否
小号铁夹,13,22,0.3435,0.192999,0.192999,1.779805,1.773006,1.786459,0.007559,0.779805,1.913249,0.9995,0.972142,灰区/证据不足,否
小号铁夹,13,30,0.1793,0.097795,0.097795,1.83343,1.826998,1.83973,0.006944,0.83343,2.042528,0.9995,0.97945,支持曾遭雷击,否
小号铁夹,13,37,0.1111,0.060954,0.060954,1.822686,1.810933,1.834918,0.013159,0.822686,2.016492,0.9995,0.978126,支持曾遭雷击,否
小号铁夹,13,44,0.065,0.034542,0.034542,1.881759,1.868525,1.895086,0.014115,0.881759,2.15849,0.9995,0.984555,灰区/证据不足,是
小号铁夹,13,51,0.0376,0.018229,0.018229,2.06267,2.050442,2.074263,0.011549,1.06267,2.590759,0.9995,0.995212,灰区/证据不足,是
小号铁夹,13,58,0.0157,0.008813,0.008813,1.781441,1.77521,1.787567,0.006937,0.781441,1.917215,0.9995,0.972395,灰区/证据不足,是
小号铁夹,13,90,0.0007,0.000389,0.000389,1.797344,1.772368,1.822165,0.027706,0.797344,1.9546,0.9995,0.974685,灰区/证据不足,是
小号铁夹,14,1,2.946,0.87411,0.87411,3.370286,3.359941,3.380594,0.006128,2.370286,5.55695,0.9995,1.0,支持曾遭雷击,否
小号铁夹,14,2,2.623,0.803269,0.803269,3.265406,3.255212,3.275396,0.006181,2.265406,5.330793,0.9995,1.0,支持曾遭雷击,否
小号铁夹,14,3,2.3355,0.737632,0.737632,3.166215,3.156328,3.175909,0.006184,2.166215,5.114854,0.9995,1.0,支持曾遭雷击,否
小号铁夹,14,4,2.2034,0.687933,0.687933,3.202927,3.194043,3.211598,0.005481,2.202927,5.19509,0.9995,1.0,支持曾遭雷击,否
小号铁夹,14,5,2.0733,0.638238,0.638238,3.248474,3.240216,3.256489,0.005009,2.248474,5.294208,0.9995,1.0,支持曾遭雷击,否
小号铁夹,14,6,1.9548,0.601659,0.601659,3.249016,3.243109,3.254907,0.003631,2.249016,5.295505,0.9995,1.0,支持曾遭雷击,否
小号铁夹,14,7,1.8437,0.563319,0.563319,3.272925,3.268565,3.277347,0.002683,2.272925,5.347405,0.9995,1.0,支持曾遭雷击,否
小号铁夹,14,8,1.7426,0.53494,0.53494,3.257562,3.255859,3.259459,0.001105,2.257562,5.314173,0.9995,1.0,支持曾遭雷击,否
小号铁夹,14,9,1.6389,0.49754,0.49754,3.294009,3.292887,3.295205,0.000704,2.294009,5.393095,0.9995,1.0,支持曾遭雷击,否
小号铁夹,14,10,1.5383,0.455328,0.455328,3.378441,3.377276,3.379778,0.000741,2.378441,5.574872,0.9995,1.0,支持曾遭雷击,否
小号铁夹,14,11,1.4416,0.412611,0.412611,3.493851,3.491463,3.496285,0.00138,2.493851,5.820951,0.9995,1.0,支持曾遭雷击,否
小号铁夹,14,12,1.3535,0.376629,0.376629,3.593725,3.590406,3.59712,0.001868,2.593725,6.031652,0.9995,1.0,支持曾遭雷击,否
小号铁夹,14,13,1.2816,0.368662,0.368662,3.476357,3.47358,3.479312,0.001649,2.476357,5.783813,0.9995,1.0,支持曾遭雷击,否
小号铁夹,14,14,1.2079,0.347624,0.347624,3.474736,3.469639,3.479974,0.002974,2.474736,5.780288,0.9995,1.0,支持曾遭雷击,否
小号铁夹,14,15,1.1355,0.323657,0.323657,3.508346,3.501784,3.51474,0.003693,2.508346,5.851504,0.9995,1.0,支持曾遭雷击,否
小号铁夹,14,22,0.6058,0.192999,0.192999,3.138881,3.12689,3.150616,0.007559,2.138881,5.054839,0.9995,1.0,支持曾遭雷击,否
小号铁夹,14,30,0.3163,0.097795,0.097795,3.234322,3.222975,3.245436,0.006944,2.234322,5.263219,0.9995,1.0,支持曾遭雷击,否
小号铁夹,14,37,0.196,0.060954,0.060954,3.21554,3.194806,3.237119,0.013159,2.21554,5.221141,0.9995,1.0,支持曾遭雷击,否
小号铁夹,14,44,0.1146,0.034542,0.034542,3.317686,3.294353,3.341182,0.014115,2.317686,5.442006,0.9995,1.0,灰区/证据不足,是
小号铁夹,14,51,0.0664,0.018229,0.018229,3.642588,3.620994,3.663061,0.011549,2.642588,6.132071,0.9995,1.0,灰区/证据不足,是
小号铁夹,14,58,0.0277,0.008813,0.008813,3.143051,3.132058,3.15386,0.006937,2.143051,5.064112,0.9995,1.0,灰区/证据不足,是
小号铁夹,14,90,0.0013,0.000389,0.000389,3.337925,3.291541,3.38402,0.027706,2.337925,5.478624,0.9995,1.0,灰区/证据不足,是
小号铁夹,15,1,2.9701,0.87411,0.87411,3.397857,3.387428,3.408249,0.006128,2.397857,5.616028,0.9995,1.0,支持曾遭雷击,否
小号铁夹,15,2,2.6446,0.803269,0.803269,3.292296,3.282018,3.302369,0.006181,2.292296,5.388989,0.9995,1.0,支持曾遭雷击,否
小号铁夹,15,3,2.3547,0.737632,0.737632,3.192244,3.182276,3.202018,0.006184,2.192244,5.171707,0.9995,1.0,支持曾遭雷击,否
小号铁夹,15,4,2.2215,0.687933,0.687933,3.229238,3.220281,3.23798,0.005481,2.229238,5.252367,0.9995,1.0,支持曾遭雷击,否
小号铁夹,15,5,2.0903,0.638238,0.638238,3.27511,3.266784,3.283191,0.005009,2.27511,5.35195,0.9995,1.0,支持曾遭雷击,否
小号铁夹,15,6,1.9709,0.601659,0.601659,3.275776,3.26982,3.281715,0.003631,2.275776,5.353514,0.9995,1.0,支持曾遭雷击,否
小号铁夹,15,7,1.8588,0.563319,0.563319,3.29973,3.295335,3.304188,0.002683,2.29973,5.405386,0.9995,1.0,支持曾遭雷击,否
小号铁夹,15,8,1.7569,0.53494,0.53494,3.284294,3.282577,3.286207,0.001105,2.284294,5.37208,0.9995,1.0,支持曾遭雷击,否
小号铁夹,15,9,1.6524,0.49754,0.49754,3.321142,3.320011,3.322348,0.000704,2.321142,5.451671,0.9995,1.0,支持曾遭雷击,否
小号铁夹,15,10,1.551,0.455328,0.455328,3.406333,3.405158,3.407681,0.000741,2.406333,5.634601,0.9995,1.0,支持曾遭雷击,否
小号铁夹,15,11,1.4534,0.412611,0.412611,3.522449,3.520042,3.524904,0.00138,2.522449,5.881505,0.9995,1.0,支持曾遭雷击,否
小号铁夹,15,12,1.3646,0.376629,0.376629,3.623197,3.619851,3.62662,0.001868,2.623197,6.093431,0.9995,1.0,支持曾遭雷击,否
小号铁夹,15,13,1.2921,0.368662,0.368662,3.504838,3.502039,3.507818,0.001649,2.504838,5.844223,0.9995,1.0,支持曾遭雷击,否
小号铁夹,15,14,1.2178,0.347624,0.347624,3.503215,3.498077,3.508496,0.002974,2.503215,5.840701,0.9995,1.0,支持曾遭雷击,否
小号铁夹,15,15,1.1448,0.323657,0.323657,3.53708,3.530465,3.543526,0.003693,2.53708,5.912253,0.9995,1.0,支持曾遭雷击,否
小号铁夹,15,22,0.6108,0.192999,0.192999,3.164788,3.152698,3.17662,0.007559,2.164788,5.111561,0.9995,1.0,支持曾遭雷击,否
小号铁夹,15,30,0.3189,0.097795,0.097795,3.260909,3.249468,3.272113,0.006944,2.260909,5.320922,0.9995,1.0,支持曾遭雷击,否
小号铁夹,15,37,0.1976,0.060954,0.060954,3.241789,3.220886,3.263545,0.013159,2.241789,5.278182,0.9995,1.0,支持曾遭雷击,否
小号铁夹,15,44,0.1155,0.034542,0.034542,3.343741,3.320225,3.367421,0.014115,2.343741,5.498077,0.9995,1.0,灰区/证据不足,是
小号铁夹,15,51,0.0669,0.018229,0.018229,3.670017,3.64826,3.690644,0.011549,2.670017,6.189245,0.9995,1.0,灰区/证据不足,是
小号铁夹,15,58,0.0279,0.008813,0.008813,3.165745,3.154672,3.176632,0.006937,2.165745,5.113791,0.9995,1.0,灰区/证据不足,是
小号铁夹,15,90,0.0013,0.000389,0.000389,3.337925,3.291541,3.38402,0.027706,2.337925,5.478624,0.9995,1.0,灰区/证据不足,是
小号铁夹,16,1,2.7432,0.87411,0.87411,3.138279,3.128646,3.147877,0.006128,2.138279,5.053699,0.9995,1.0,支持曾遭雷击,否
小号铁夹,16,2,2.4425,0.803269,0.803269,3.040699,3.031207,3.050002,0.006181,2.040699,4.838837,0.9995,0.999999,支持曾遭雷击,否
小号铁夹,16,3,2.1747,0.737632,0.737632,2.94822,2.939013,2.957246,0.006184,1.94822,4.633502,0.9995,0.999998,支持曾遭雷击,否
小号铁夹,16,4,2.0517,0.687933,0.687933,2.982411,2.974139,2.990486,0.005481,1.982411,4.709677,0.9995,0.999999,支持曾遭雷击,否
小号铁夹,16,5,1.9306,0.638238,0.638238,3.02489,3.0172,3.032354,0.005009,2.02489,4.80396,0.9995,0.999999,支持曾遭雷击,否
小号铁夹,16,6,1.8203,0.601659,0.601659,3.025468,3.019967,3.030953,0.003631,2.025468,4.805336,0.9995,0.999999,支持曾遭雷击,否
小号铁夹,16,7,1.7168,0.563319,0.563319,3.047653,3.043593,3.05177,0.002683,2.047653,4.854469,0.9995,0.999999,支持曾遭雷击,否
小号铁夹,16,8,1.6227,0.53494,0.53494,3.033425,3.031839,3.035191,0.001105,2.033425,4.823052,0.9995,0.999999,支持曾遭雷击,否
小号铁夹,16,9,1.5261,0.49754,0.49754,3.067293,3.066248,3.068407,0.000704,2.067293,4.897901,0.9995,1.0,支持曾遭雷击,否
小号铁夹,16,10,1.4324,0.455328,0.455328,3.145861,3.144777,3.147106,0.000741,2.145861,5.070663,0.9995,1.0,支持曾遭雷击,否
小号铁夹,16,11,1.3423,0.412611,0.412611,3.253188,3.250965,3.255455,0.00138,2.253188,5.304676,0.9995,1.0,支持曾遭雷击,否
小号铁夹,16,12,1.2604,0.376629,0.376629,3.346532,3.343441,3.349693,0.001868,2.346532,5.506312,0.9995,1.0,支持曾遭雷击,否
小号铁夹,16,13,1.1933,0.368662,0.368662,3.236842,3.234257,3.239593,0.001649,2.236842,5.269171,0.9995,1.0,支持曾遭雷击,否
小号铁夹,16,14,1.1248,0.347624,0.347624,3.235684,3.230938,3.240562,0.002974,2.235684,5.26659,0.9995,1.0,支持曾遭雷击,否
小号铁夹,16,15,1.0573,0.323657,0.323657,3.266732,3.260622,3.272686,0.003693,2.266732,5.333916,0.9995,1.0,支持曾遭雷击,否
小号铁夹,16,22,0.5641,0.192999,0.192999,2.922818,2.911652,2.933745,0.007559,1.922818,4.576684,0.9995,0.999998,支持曾遭雷击,否
小号铁夹,16,30,0.2945,0.097795,0.097795,3.011407,3.000841,3.021754,0.006944,2.011407,4.773882,0.9995,0.999999,支持曾遭雷击,否
小号铁夹,16,37,0.1825,0.060954,0.060954,2.994062,2.974755,3.014155,0.013159,1.994062,4.734421,0.9995,0.999999,支持曾遭雷击,否
小号铁夹,16,44,0.1067,0.034542,0.034542,3.08898,3.067256,3.110856,0.014115,2.08898,4.943939,0.9995,1.0,灰区/证据不足,是
小号铁夹,16,51,0.0618,0.018229,0.018229,3.39024,3.370142,3.409295,0.011549,2.39024,5.598587,0.9995,1.0,灰区/证据不足,是
小号铁夹,16,58,0.0258,0.008813,0.008813,2.927463,2.917224,2.93753,0.006937,1.927463,4.587165,0.9995,0.999998,灰区/证据不足,是
小号铁夹,16,90,0.0012,0.000389,0.000389,3.081161,3.038345,3.123711,0.027706,2.081161,4.921314,0.9995,1.0,灰区/证据不足,是
小号铁夹,17,1,2.016,0.87411,0.87411,2.306347,2.299267,2.3134,0.006128,1.306347,3.165802,0.9995,0.999227,支持曾遭雷击,否
小号铁夹,17,2,1.795,0.803269,0.803269,2.234618,2.227642,2.241455,0.006181,1.234618,2.997517,0.9995,0.998639,支持曾遭雷击,否
小号铁夹,17,3,1.5982,0.737632,0.737632,2.166664,2.159898,2.173298,0.006184,1.166664,2.837366,0.9995,0.997726,支持曾遭雷击,否
小号铁夹,17,4,1.5078,0.687933,0.687933,2.191782,2.185703,2.197716,0.005481,1.191782,2.896667,0.9995,0.998114,支持曾遭雷击,否
小号铁夹,17,5,1.4188,0.638238,0.638238,2.222995,2.217344,2.22848,0.005009,1.222995,2.970211,0.9995,0.998512,支持曾遭雷击,否
小号铁夹,17,6,1.3377,0.601659,0.601659,2.223352,2.21931,2.227383,0.003631,1.223352,2.971086,0.9995,0.998516,支持曾遭雷击,否
小号铁夹,17,7,1.2617,0.563319,0.563319,2.239762,2.236778,2.242788,0.002683,1.239762,3.009703,0.9995,0.998692,支持曾遭雷击,否
小号铁夹,17,8,1.1925,0.53494,0.53494,2.229222,2.228057,2.230521,0.001105,1.229222,2.984933,0.9995,0.998582,支持曾遭雷击,否
小号铁夹,17,9,1.1216,0.49754,0.49754,2.254293,2.253525,2.255111,0.000704,1.254293,3.043869,0.9995,0.998832,支持曾遭雷击,否
小号铁夹,17,10,1.0527,0.455328,0.455328,2.311958,2.311161,2.312873,0.000741,1.311958,3.179056,0.9995,0.999261,支持曾遭雷击,否
小号铁夹,17,11,0.9865,0.412611,0.412611,2.390874,2.38924,2.39254,0.00138,1.390874,3.363214,0.9995,0.999615,支持曾遭雷击,否
小号铁夹,17,12,0.9263,0.376629,0.376629,2.459452,2.45718,2.461775,0.001868,1.459452,3.522431,0.9995,0.999786,支持曾遭雷击,否
小号铁夹,17,13,0.877,0.368662,0.368662,2.378874,2.376974,2.380896,0.001649,1.378874,3.335271,0.9995,0.999574,支持曾遭雷击,否
小号铁夹,17,14,0.8266,0.347624,0.347624,2.37786,2.374372,2.381444,0.002974,1.37786,3.332885,0.9995,0.99957,支持曾遭雷击,否
小号铁夹,17,15,0.777,0.323657,0.323657,2.400691,2.396201,2.405066,0.003693,1.400691,3.386008,0.9995,0.999645,支持曾遭雷击,否
小号铁夹,17,22,0.4146,0.192999,0.192999,2.148201,2.139994,2.156232,0.007559,1.148201,2.793688,0.9995,0.997394,支持曾遭雷击,否
小号铁夹,17,30,0.2164,0.097795,0.097795,2.212796,2.205032,2.220399,0.006944,1.212796,2.94613,0.9995,0.998391,支持曾遭雷击,否
小号铁夹,17,37,0.1341,0.060954,0.060954,2.20002,2.185834,2.214784,0.013159,1.20002,2.915691,0.9995,0.998225,支持曾遭雷击,否
小号铁夹,17,44,0.0784,0.034542,0.034542,2.269691,2.253729,2.285765,0.014115,1.269691,3.079393,0.9995,0.998963,灰区/证据不足,是
小号铁夹,17,51,0.0454,0.018229,0.018229,2.490565,2.4758,2.504563,0.011549,1.490565,3.59385,0.9995,0.999837,灰区/证据不足,是
小号铁夹,17,58,0.0189,0.008813,0.008813,2.144537,2.137036,2.151912,0.006937,1.144537,2.785059,0.9995,0.997324,灰区/证据不足,是
小号铁夹,17,90,0.0009,0.000389,0.000389,2.310871,2.278759,2.342783,0.027706,1.310871,3.17379,0.9995,0.999248,灰区/证据不足,是
小号铁夹,18,1,1.7173,0.87411,0.87411,1.964627,1.958597,1.970636,0.006128,0.964627,2.357274,0.9995,0.990795,支持曾遭雷击,否
小号铁夹,18,2,1.529,0.803269,0.803269,1.903472,1.897529,1.909295,0.006181,0.903472,2.210845,0.9995,0.986477,支持曾遭雷击,否
小号铁夹,18,3,1.3614,0.737632,0.737632,1.845637,1.839873,1.851288,0.006184,0.845637,2.071918,0.9995,0.980863,支持曾遭雷击,否
小号铁夹,18,4,1.2844,0.687933,0.687933,1.867042,1.861863,1.872096,0.005481,0.867042,2.123398,0.9995,0.98314,支持曾遭雷击,否
小号铁夹,18,5,1.2086,0.638238,0.638238,1.893651,1.888837,1.898323,0.005009,0.893651,2.187305,0.9995,0.98564,支持曾遭雷击,否
小号铁夹,18,6,1.1395,0.601659,0.601659,1.89393,1.890486,1.897364,0.003631,0.89393,2.187993,0.9995,0.985665,支持曾遭雷击,否
小号铁夹,18,7,1.0747,0.563319,0.563319,1.907801,1.905259,1.910378,0.002683,0.907801,2.221276,0.9995,0.986834,支持曾遭雷击,否
小号铁夹,18,8,1.0158,0.53494,0.53494,1.898905,1.897912,1.900011,0.001105,0.898905,2.199949,0.9995,0.986095,支持曾遭雷击,否
小号铁夹,18,9,0.9554,0.49754,0.49754,1.920249,1.919595,1.920946,0.000704,0.920249,2.251127,0.9995,0.987811,支持曾遭雷击,否
小号铁夹,18,10,0.8967,0.455328,0.455328,1.969348,1.968669,1.970127,0.000741,0.969348,2.368624,0.9995,0.991073,支持曾遭雷击,否
小号铁夹,18,11,0.8403,0.412611,0.412611,2.036545,2.035153,2.037964,0.00138,1.036545,2.5289,0.9995,0.994279,支持曾遭雷击,否
小号铁夹,18,12,0.789,0.376629,0.376629,2.094901,2.092967,2.09688,0.001868,1.094901,2.667582,0.9995,0.99618,支持曾遭雷击,否
小号铁夹,18,13,0.7471,0.368662,0.368662,2.026518,2.0249,2.028241,0.001649,1.026518,2.505023,0.9995,0.993878,支持曾遭雷击,否
小号铁夹,18,14,0.7041,0.347624,0.347624,2.025467,2.022496,2.02852,0.002974,1.025467,2.502505,0.9995,0.993834,支持曾遭雷击,否
小号铁夹,18,15,0.6619,0.323657,0.323657,2.045067,2.041243,2.048795,0.003693,1.045067,2.549159,0.9995,0.994601,支持曾遭雷击,否
小号铁夹,18,22,0.3532,0.192999,0.192999,1.830064,1.823073,1.836906,0.007559,0.830064,2.034414,0.9995,0.979045,支持曾遭雷击,否
小号铁夹,18,30,0.1844,0.097795,0.097795,1.88558,1.878965,1.892059,0.006944,0.88558,2.167896,0.9995,0.984917,支持曾遭雷击,否
小号铁夹,18,37,0.1143,0.060954,0.060954,1.875185,1.863093,1.887769,0.013159,0.875185,2.142748,0.9995,0.983933,支持曾遭雷击,否
小号铁夹,18,44,0.0668,0.034542,0.034542,1.933869,1.920269,1.947565,0.014115,0.933869,2.283412,0.9995,0.988797,灰区/证据不足,是
小号铁夹,18,51,0.0387,0.018229,0.018229,2.123014,2.110429,2.134947,0.011549,1.123014,2.733902,0.9995,0.996871,灰区/证据不足,是
小号铁夹,18,58,0.0161,0.008813,0.008813,1.826828,1.820438,1.83311,0.006937,0.826828,2.02664,0.9995,0.97865,灰区/证据不足,是
小号铁夹,18,90,0.0007,0.000389,0.000389,1.797344,1.772368,1.822165,0.027706,0.797344,1.9546,0.9995,0.974685,灰区/证据不足,是
小号铁夹,19,1,2.564,0.87411,0.87411,2.93327,2.924267,2.942241,0.006128,1.93327,4.600167,0.9995,0.999998,支持曾遭雷击,否
小号铁夹,19,2,2.2829,0.803269,0.803269,2.842011,2.833139,2.850706,0.006181,1.842011,4.395702,0.9995,0.999994,支持曾遭雷击,否
小号铁夹,19,3,2.0326,0.737632,0.737632,2.755576,2.746971,2.764013,0.006184,1.755576,4.200625,0.9995,0.999987,支持曾遭雷击,否
小号铁夹,19,4,1.9177,0.687933,0.687933,2.787625,2.779893,2.795172,0.005481,1.787625,4.27317,0.9995,0.99999,支持曾遭雷击,否
小号铁夹,19,5,1.8045,0.638238,0.638238,2.827315,2.820127,2.834291,0.005009,1.827315,4.362718,0.9995,0.999994,支持曾遭雷击,否
小号铁夹,19,6,1.7013,0.601659,0.601659,2.827681,2.82254,2.832808,0.003631,1.827681,4.36362,0.9995,0.999994,支持曾遭雷击,否
小号铁夹,19,7,1.6046,0.563319,0.563319,2.848476,2.844681,2.852325,0.002683,1.848476,4.410446,0.9995,0.999995,支持曾遭雷击,否
小号铁夹,19,8,1.5167,0.53494,0.53494,2.835272,2.83379,2.836923,0.001105,1.835272,4.380788,0.9995,0.999994,支持曾遭雷击,否
小号铁夹,19,9,1.4264,0.49754,0.49754,2.866907,2.865931,2.867948,0.000704,1.866907,4.451895,0.9995,0.999996,支持曾遭雷击,否
小号铁夹,19,10,1.3389,0.455328,0.455328,2.940515,2.939501,2.941679,0.000741,1.940515,4.616611,0.9995,0.999998,支持曾遭雷击,否
小号铁夹,19,11,1.2546,0.412611,0.412611,3.040639,3.038561,3.042758,0.00138,2.040639,4.839006,0.9995,0.999999,支持曾遭雷击,否
小号铁夹,19,12,1.178,0.376629,0.376629,3.127749,3.12486,3.130703,0.001868,2.127749,5.030916,0.9995,1.0,支持曾遭雷击,否
小号铁夹,19,13,1.1154,0.368662,0.368662,3.025537,3.023121,3.028109,0.001649,2.025537,4.805575,0.9995,0.999999,支持曾遭雷击,否
小号铁夹,19,14,1.0513,0.347624,0.347624,3.024249,3.019813,3.028808,0.002974,2.024249,4.802668,0.9995,0.999999,支持曾遭雷击,否
小号铁夹,19,15,0.9882,0.323657,0.323657,3.053234,3.047524,3.058799,0.003693,2.053234,4.866743,0.9995,0.999999,支持曾遭雷击,否
小号铁夹,19,22,0.5273,0.192999,0.192999,2.732143,2.721705,2.742357,0.007559,1.732143,4.147397,0.9995,0.999983,支持曾遭雷击,否
小号铁夹,19,30,0.2753,0.097795,0.097795,2.815077,2.805201,2.82475,0.006944,1.815077,4.334986,0.9995,0.999993,支持曾遭雷击,否
小号铁夹,19,37,0.1706,0.060954,0.060954,2.798832,2.780785,2.817615,0.013159,1.798832,4.297563,0.9995,0.999991,支持曾遭雷击,否
小号铁夹,19,44,0.0997,0.034542,0.034542,2.886329,2.86603,2.90677,0.014115,1.886329,4.494031,0.9995,0.999997,灰区/证据不足,是
小号铁夹,19,51,0.0578,0.018229,0.018229,3.170807,3.15201,3.188628,0.011549,2.170807,5.123984,0.9995,1.0,灰区/证据不足,是
小号铁夹,19,58,0.0241,0.008813,0.008813,2.734568,2.725004,2.743972,0.006937,1.734568,4.152985,0.9995,0.999984,灰区/证据不足,是
小号铁夹,19,90,0.0011,0.000389,0.000389,2.824398,2.78515,2.863402,0.027706,1.824398,4.350895,0.9995,0.999993,灰区/证据不足,是
小号铁夹,20,1,2.2116,0.87411,0.87411,2.530117,2.522351,2.537855,0.006128,1.530117,3.685533,0.9995,0.999886,支持曾遭雷击,否
小号铁夹,20,2,1.9692,0.803269,0.803269,2.451482,2.443829,2.458982,0.006181,1.451482,3.503826,0.9995,0.999771,支持曾遭雷击,否
小号铁夹,20,3,1.7533,0.737632,0.737632,2.376932,2.369509,2.384209,0.006184,1.376932,3.330615,0.9995,0.999567,支持曾遭雷击,否
小号铁夹,20,4,1.6542,0.687933,0.687933,2.404594,2.397924,2.411104,0.005481,1.404594,3.395023,0.9995,0.999657,支持曾遭雷击,否
小号铁夹,20,5,1.5565,0.638238,0.638238,2.438745,2.432546,2.444762,0.005009,1.438745,3.47435,0.9995,0.999744,支持曾遭雷击,否
小号铁夹,20,6,1.4676,0.601659,0.601659,2.439255,2.434821,2.443678,0.003631,1.439255,3.47558,0.9995,0.999745,支持曾遭雷击,否
小号铁夹,20,7,1.3841,0.563319,0.563319,2.457046,2.453773,2.460365,0.002683,1.457046,3.516843,0.9995,0.999782,支持曾遭雷击,否
小号铁夹,20,8,1.3083,0.53494,0.53494,2.445695,2.444417,2.447119,0.001105,1.445695,3.490563,0.9995,0.999759,支持曾遭雷击,否
小号铁夹,20,9,1.2304,0.49754,0.49754,2.472969,2.472126,2.473866,0.000704,1.472969,3.553737,0.9995,0.99981,支持曾遭雷击,否
小号铁夹,20,10,1.1549,0.455328,0.455328,2.536411,2.535537,2.537415,0.000741,1.536411,3.700203,0.9995,0.999892,支持曾遭雷击,否
小号铁夹,20,11,1.0822,0.412611,0.412611,2.622812,2.621019,2.624639,0.00138,1.622812,3.898568,0.9995,0.999952,支持曾遭雷击,否
小号铁夹,20,12,1.0161,0.376629,0.376629,2.697883,2.695391,2.700431,0.001868,1.697883,4.069866,0.9995,0.999976,支持曾遭雷击,否
小号铁夹,20,13,0.9621,0.368662,0.368662,2.609709,2.607624,2.611927,0.001649,1.609709,3.868562,0.9995,0.999945,支持曾遭雷击,否
小号铁夹,20,14,0.9068,0.347624,0.347624,2.608569,2.604743,2.612501,0.002974,1.608569,3.865918,0.9995,0.999945,支持曾遭雷击,否
小号铁夹,20,15,0.8524,0.323657,0.323657,2.633654,2.628728,2.638454,0.003693,1.633654,3.923306,0.9995,0.999956,支持曾遭雷击,否
小号铁夹,20,22,0.4548,0.192999,0.192999,2.356493,2.34749,2.365302,0.007559,1.356493,3.282906,0.9995,0.999486,支持曾遭雷击,否
小号铁夹,20,30,0.2374,0.097795,0.097795,2.427531,2.419014,2.435872,0.006944,1.427531,3.448231,0.9995,0.999718,支持曾遭雷击,否
小号铁夹,20,37,0.1472,0.060954,0.060954,2.414936,2.399364,2.431143,0.013159,1.414936,3.418508,0.9995,0.999685,支持曾遭雷击,否
小号铁夹,20,44,0.086,0.034542,0.034542,2.489712,2.472202,2.507344,0.014115,1.489712,3.59159,0.9995,0.999836,灰区/证据不足,是
小号铁夹,20,51,0.0498,0.018229,0.018229,2.731941,2.715745,2.747296,0.011549,1.731941,4.146484,0.9995,0.999983,灰区/证据不足,是
小号铁夹,20,58,0.0208,0.008813,0.008813,2.360125,2.35187,2.368242,0.006937,1.360125,3.291429,0.9995,0.999502,灰区/证据不足,是
小号铁夹,20,90,0.001,0.000389,0.000389,2.567635,2.531954,2.603092,0.027706,1.567635,3.768102,0.9995,0.999918,灰区/证据不足,是
普通钢筋,1,1,2.1603,0.879701,1.319551,2.455721,2.448381,2.462786,0.005866,0.955721,1.567708,0.9995,0.941525,灰区/证据不足,否
普通钢筋,1,2,1.9766,0.8242,1.236301,2.398203,2.390977,2.405166,0.005916,0.898203,1.474428,0.9995,0.929817,灰区/证据不足,否
普通钢筋,1,3,1.8085,0.771639,1.157458,2.343714,2.336432,2.350638,0.006061,0.843714,1.385914,0.9995,0.917113,灰区/证据不足,否
普通钢筋,1,4,1.7291,0.733709,1.100563,2.356658,2.35028,2.362657,0.005252,0.856658,1.40696,0.9995,0.92028,灰区/证据不足,否
普通钢筋,1,5,1.6499,0.694005,1.041008,2.37736,2.371465,2.38289,0.004806,0.87736,1.440597,0.9995,0.925151,灰区/证据不足,否
普通钢筋,1,6,1.5768,0.667011,1.000517,2.363978,2.359734,2.368015,0.003503,0.863978,1.418866,0.9995,0.922031,灰区/证据不足,否
普通钢筋,1,7,1.5072,0.636707,0.955061,2.367179,2.36411,2.370086,0.002524,0.867179,1.424072,0.9995,0.922787,灰区/证据不足,否
普通钢筋,1,8,1.4431,0.616443,0.924665,2.34101,2.340049,2.341958,0.000815,0.84101,1.381544,0.9995,0.916444,灰区/证据不足,否
普通钢筋,1,9,1.3765,0.584546,0.876819,2.354819,2.354162,2.355523,0.000578,0.854819,1.403992,0.9995,0.919839,灰区/证据不足,否
普通钢筋,1,10,1.3109,0.545404,0.818106,2.403539,2.402694,2.404444,0.000728,0.903539,1.483117,0.9995,0.930978,灰区/证据不足,否
普通钢筋,1,11,1.2469,0.503891,0.755837,2.474541,2.472889,2.476169,0.001325,0.974541,1.598225,0.9995,0.945004,灰区/证据不足,否
普通钢筋,1,12,1.1879,0.468935,0.703402,2.533187,2.530889,2.535527,0.001831,1.033187,1.693112,0.9995,0.954783,灰区/证据不足,否
普通钢筋,1,13,1.1389,0.467983,0.701975,2.433635,2.431669,2.435716,0.001663,0.933635,1.531937,0.9995,0.937231,灰区/证据不足,否
普通钢筋,1,14,1.0881,0.449898,0.674847,2.418549,2.415002,2.422237,0.002991,0.918549,1.507465,0.9995,0.934154,灰区/证据不足,否
普通钢筋,1,15,1.0375,0.427063,0.640595,2.429382,2.424963,2.433888,0.003674,0.929382,1.525032,0.9995,0.936374,灰区/证据不足,否
普通钢筋,1,22,0.641,0.291596,0.437394,2.198249,2.190251,2.206496,0.00739,0.698249,1.14894,0.9995,0.87471,灰区/证据不足,否
普通钢筋,1,30,0.3892,0.17249,0.258735,2.256359,2.248695,2.26402,0.006792,0.756359,1.243719,0.9995,0.893198,灰区/证据不足,否
普通钢筋,1,37,0.2693,0.123103,0.184655,2.187592,2.174273,2.201682,0.012529,0.687592,1.131486,0.9995,0.871075,灰区/证据不足,否
普通钢筋,1,44,0.1783,0.07988,0.11982,2.232106,2.217281,2.247529,0.013552,0.732106,1.204101,0.9995,0.885725,灰区/证据不足,否
普通钢筋,1,51,0.1172,0.048269,0.072403,2.428081,2.415212,2.44113,0.010674,0.928081,1.522831,0.9995,0.936099,灰区/证据不足,是
普通钢筋,1,58,0.0601,0.026721,0.040082,2.249161,2.244151,2.253899,0.004334,0.749161,1.232004,0.9995,0.891026,灰区/证据不足,是
普通钢筋,1,90,0.0057,0.002193,0.00329,2.598929,2.56815,2.629024,0.023423,1.098929,1.798643,0.9995,0.963962,灰区/证据不足,是
普通钢筋,2,1,3.4999,0.879701,1.319551,3.978512,3.96662,3.989957,0.005866,2.478512,3.96588,0.9995,0.999963,支持曾遭雷击,否
普通钢筋,2,2,3.2023,0.8242,1.236301,3.885341,3.873635,3.896622,0.005916,2.385341,3.823729,0.9995,0.999934,支持曾遭雷击,否
普通钢筋,2,3,2.9299,0.771639,1.157458,3.796984,3.785188,3.808203,0.006061,2.296984,3.688307,0.9995,0.999887,支持曾遭雷击,否
普通钢筋,2,4,2.8014,0.733709,1.100563,3.818137,3.807805,3.827857,0.005252,2.318137,3.720824,0.9995,0.999901,支持曾遭雷击,否
普通钢筋,2,5,2.6731,0.694005,1.041008,3.851701,3.842149,3.86066,0.004806,2.351701,3.772304,0.9995,0.999919,支持曾遭雷击,否
普通钢筋,2,6,2.5545,0.667011,1.000517,3.82977,3.822896,3.83631,0.003503,2.32977,3.738745,0.9995,0.999908,支持曾遭雷击,否
普通钢筋,2,7,2.4418,0.636707,0.955061,3.835044,3.830072,3.839753,0.002524,2.335044,3.746861,0.9995,0.99991,支持曾遭雷击,否
普通钢筋,2,8,2.338,0.616443,0.924665,3.792724,3.791169,3.79426,0.000815,2.292724,3.681936,0.9995,0.999884,支持曾遭雷击,否
普通钢筋,2,9,2.2301,0.584546,0.876819,3.815097,3.814033,3.816238,0.000578,2.315097,3.716294,0.9995,0.999899,支持曾遭雷击,否
普通钢筋,2,10,2.1238,0.545404,0.818106,3.893993,3.892624,3.89546,0.000728,2.393993,3.837143,0.9995,0.999938,支持曾遭雷击,否
普通钢筋,2,11,2.0202,0.503891,0.755837,4.009197,4.00652,4.011834,0.001325,2.509197,4.012745,0.9995,0.99997,支持曾遭雷击,否
普通钢筋,2,12,1.9245,0.468935,0.703402,4.10398,4.100258,4.107771,0.001831,2.60398,4.156437,0.9995,0.999984,支持曾遭雷击,否
普通钢筋,2,13,1.8451,0.467983,0.701975,3.942664,3.93948,3.946035,0.001663,2.442664,3.911447,0.9995,0.999954,支持曾遭雷击,否
普通钢筋,2,14,1.7628,0.449898,0.674847,3.918223,3.912476,3.924197,0.002991,2.418223,3.874117,0.9995,0.999946,支持曾遭雷击,否
普通钢筋,2,15,1.6808,0.427063,0.640595,3.935717,3.928557,3.943016,0.003674,2.435717,3.900792,0.9995,0.999952,支持曾遭雷击,否
普通钢筋,2,22,1.0385,0.291596,0.437394,3.561438,3.54848,3.574799,0.00739,2.061438,3.324404,0.9995,0.999557,支持曾遭雷击,否
普通钢筋,2,30,0.6305,0.17249,0.258735,3.655279,3.642862,3.667689,0.006792,2.155279,3.469856,0.9995,0.99974,支持曾遭雷击,否
普通钢筋,2,37,0.4364,0.123103,0.184655,3.544987,3.523404,3.56782,0.012529,2.044987,3.298432,0.9995,0.999514,支持曾遭雷击,否
普通钢筋,2,44,0.2889,0.07988,0.11982,3.616688,3.592666,3.641678,0.013552,2.116688,3.409555,0.9995,0.999675,支持曾遭雷击,否
普通钢筋,2,51,0.1899,0.048269,0.072403,3.934237,3.913385,3.95538,0.010674,2.434237,3.897956,0.9995,0.999951,灰区/证据不足,是
普通钢筋,2,58,0.0973,0.026721,0.040082,3.64132,3.633209,3.648991,0.004334,2.14132,3.448389,0.9995,0.999718,灰区/证据不足,是
普通钢筋,2,90,0.0093,0.002193,0.00329,4.240358,4.19014,4.28946,0.023423,2.740358,4.358096,0.9995,0.999993,灰区/证据不足,是
普通钢筋,3,1,1.8456,0.879701,1.319551,2.097986,2.091715,2.104022,0.005866,0.597986,0.98508,0.9995,0.837708,灰区/证据不足,否
普通钢筋,3,2,1.6887,0.8242,1.236301,2.048895,2.042722,2.054844,0.005916,0.548895,0.904693,0.9995,0.817186,灰区/证据不足,否
普通钢筋,3,3,1.545,0.771639,1.157458,2.002232,1.996012,2.008148,0.006061,0.502232,0.828194,0.9995,0.79622,灰区/证据不足,否
普通钢筋,3,4,1.4773,0.733709,1.100563,2.01347,2.008021,2.018595,0.005252,0.51347,0.846627,0.9995,0.801399,灰区/证据不足,否
普通钢筋,3,5,1.4096,0.694005,1.041008,2.031109,2.026072,2.035833,0.004806,0.531109,0.875549,0.9995,0.809362,灰区/证据不足,否
普通钢筋,3,6,1.3471,0.667011,1.000517,2.019606,2.015981,2.023055,0.003503,0.519606,0.856694,0.9995,0.804193,灰区/证据不足,否
普通钢筋,3,7,1.2877,0.636707,0.955061,2.022437,2.019815,2.02492,0.002524,0.522437,0.861338,0.9995,0.805474,灰区/证据不足,否
普通钢筋,3,8,1.2329,0.616443,0.924665,2.000021,1.999201,2.000831,0.000815,0.500021,0.824578,0.9995,0.795194,灰区/证据不足,否
普通钢筋,3,9,1.176,0.584546,0.876819,2.011818,2.011256,2.012419,0.000578,0.511818,0.843927,0.9995,0.800645,灰区/证据不足,否
普通钢筋,3,10,1.12,0.545404,0.818106,2.053523,2.052801,2.054296,0.000728,0.553523,0.912288,0.9995,0.819192,灰区/证据不足,否
普通钢筋,3,11,1.0653,0.503891,0.755837,2.114146,2.112734,2.115537,0.001325,0.614146,1.011535,0.9995,0.84412,灰区/证据不足,否
普通钢筋,3,12,1.0148,0.468935,0.703402,2.164053,2.16209,2.166051,0.001831,0.664053,1.093122,0.9995,0.86283,灰区/证据不足,否
普通钢筋,3,13,0.973,0.467983,0.701975,2.079135,2.077456,2.080913,0.001663,0.579135,0.954235,0.9995,0.830018,灰区/证据不足,否
普通钢筋,3,14,0.9296,0.449898,0.674847,2.066247,2.063216,2.069397,0.002991,0.566247,0.933128,0.9995,0.824623,灰区/证据不足,否
普通钢筋,3,15,0.8863,0.427063,0.640595,2.075337,2.071561,2.079185,0.003674,0.575337,0.948012,0.9995,0.828438,灰区/证据不足,否
普通钢筋,3,22,0.5476,0.291596,0.437394,1.877943,1.87111,1.884988,0.00739,0.377943,0.624025,0.9995,0.733694,灰区/证据不足,否
普通钢筋,3,30,0.3325,0.17249,0.258735,1.927645,1.921097,1.93419,0.006792,0.427645,0.705738,0.9995,0.759824,灰区/证据不足,否
普通钢筋,3,37,0.2301,0.123103,0.184655,1.86916,1.85778,1.8812,0.012529,0.36916,0.609555,0.9995,0.728922,灰区/证据不足,否
普通钢筋,3,44,0.1523,0.07988,0.11982,1.906617,1.893953,1.919791,0.013552,0.406617,0.671145,0.9995,0.748936,灰区/证据不足,否
普通钢筋,3,51,0.1001,0.048269,0.072403,2.073813,2.062822,2.084958,0.010674,0.573813,0.945476,0.9995,0.827792,灰区/证据不足,是
普通钢筋,3,58,0.0513,0.026721,0.040082,1.919833,1.915556,1.923877,0.004334,0.419833,0.692908,0.9995,0.755816,灰区/证据不足,是
普通钢筋,3,90,0.0049,0.002193,0.00329,2.234167,2.207708,2.260038,0.023423,0.734167,1.207252,0.9995,0.886332,灰区/证据不足,是
普通钢筋,4,1,4.9868,0.879701,1.319551,5.668746,5.651802,5.685054,0.005866,4.168746,6.416724,0.9995,1.0,支持曾遭雷击,否
普通钢筋,4,2,4.5627,0.8242,1.236301,5.535911,5.519231,5.551984,0.005916,4.035911,6.233518,0.9995,1.0,支持曾遭雷击,否
普通钢筋,4,3,4.1746,0.771639,1.157458,5.410045,5.393237,5.426029,0.006061,3.910045,6.058365,0.9995,1.0,支持曾遭雷击,否
普通钢筋,4,4,3.9914,0.733709,1.100563,5.440035,5.425313,5.453883,0.005252,3.940035,6.100367,0.9995,1.0,支持曾遭雷击,否
普通钢筋,4,5,3.8086,0.694005,1.041008,5.487856,5.474247,5.500621,0.004806,3.987856,6.167025,0.9995,1.0,支持曾遭雷击,否
普通钢筋,4,6,3.6397,0.667011,1.000517,5.456729,5.446934,5.466047,0.003503,3.956729,6.123875,0.9995,1.0,支持曾遭雷击,否
普通钢筋,4,7,3.4792,0.636707,0.955061,5.464364,5.45728,5.471075,0.002524,3.964364,6.134601,0.9995,1.0,支持曾遭雷击,否
普通钢筋,4,8,3.3312,0.616443,0.924665,5.403902,5.401686,5.406091,0.000815,3.903902,6.050317,0.9995,1.0,支持曾遭雷击,否
普通钢筋,4,9,3.1774,0.584546,0.876819,5.435671,5.434155,5.437297,0.000578,3.935671,6.094699,0.9995,1.0,支持曾遭雷击,否
普通钢筋,4,10,3.0261,0.545404,0.818106,5.548362,5.546412,5.550452,0.000728,4.048362,6.251334,0.9995,1.0,支持曾遭雷击,否
普通钢筋,4,11,2.8784,0.503891,0.755837,5.712342,5.708528,5.716099,0.001325,4.212342,6.477075,0.9995,1.0,支持曾遭雷击,否
普通钢筋,4,12,2.742,0.468935,0.703402,5.847292,5.841988,5.852693,0.001831,4.347292,6.660897,0.9995,1.0,支持曾遭雷击,否
普通钢筋,4,13,2.6289,0.467983,0.701975,5.617511,5.612974,5.622314,0.001663,4.117511,6.346813,0.9995,1.0,支持曾遭雷击,否
普通钢筋,4,14,2.5117,0.449898,0.674847,5.582823,5.574635,5.591336,0.002991,4.082823,6.298854,0.9995,1.0,支持曾遭雷击,否
普通钢筋,4,15,2.3948,0.427063,0.640595,5.6076,5.597399,5.618,0.003674,4.1076,6.332974,0.9995,1.0,支持曾遭雷击,否
普通钢筋,4,22,1.4797,0.291596,0.437394,5.074492,5.056028,5.09353,0.00739,3.574492,5.583988,0.9995,1.0,支持曾遭雷击,否
普通钢筋,4,30,0.8983,0.17249,0.258735,5.20783,5.19014,5.225512,0.006792,3.70783,5.773712,0.9995,1.0,支持曾遭雷击,否
普通钢筋,4,37,0.6217,0.123103,0.184655,5.050226,5.019478,5.082754,0.012529,3.550226,5.547979,0.9995,1.0,支持曾遭雷击,否
普通钢筋,4,44,0.4116,0.07988,0.11982,5.152747,5.118523,5.188351,0.013552,3.652747,5.693749,0.9995,1.0,支持曾遭雷击,否
普通钢筋,4,51,0.2706,0.048269,0.072403,5.606132,5.576419,5.63626,0.010674,4.106132,6.329181,0.9995,1.0,灰区/证据不足,是
普通钢筋,4,58,0.1387,0.026721,0.040082,5.190659,5.179096,5.201593,0.004334,3.690659,5.749777,0.9995,1.0,灰区/证据不足,是
普通钢筋,4,90,0.0132,0.002193,0.00329,6.018573,5.947295,6.088265,0.023423,4.518573,6.880468,0.9995,1.0,灰区/证据不足,是
普通钢筋,5,1,2.6512,0.879701,1.319551,3.013752,3.004744,3.022422,0.005866,1.513752,2.463605,0.9995,0.993123,支持曾遭雷击,否
普通钢筋,5,2,2.4258,0.8242,1.236301,2.943216,2.934348,2.951762,0.005916,1.443216,2.351337,0.9995,0.990647,支持曾遭雷击,否
普通钢筋,5,3,2.2194,0.771639,1.157458,2.876217,2.867281,2.884715,0.006061,1.376217,2.244423,0.9995,0.987597,支持曾遭雷击,否
普通钢筋,5,4,2.1221,0.733709,1.100563,2.892293,2.884466,2.899656,0.005252,1.392293,2.270116,0.9995,0.9884,支持曾遭雷击,否
普通钢筋,5,5,2.0249,0.694005,1.041008,2.917702,2.910467,2.924488,0.004806,1.417702,2.310678,0.9995,0.989575,支持曾遭雷击,否
普通钢筋,5,6,1.9351,0.667011,1.000517,2.90115,2.895943,2.906104,0.003503,1.40115,2.284285,0.9995,0.988823,支持曾遭雷击,否
普通钢筋,5,7,1.8497,0.636707,0.955061,2.905103,2.901337,2.908671,0.002524,1.405103,2.290605,0.9995,0.989007,支持曾遭雷击,否
普通钢筋,5,8,1.7711,0.616443,0.924665,2.873094,2.871916,2.874258,0.000815,1.373094,2.239496,0.9995,0.987438,支持曾遭雷击,否
普通钢筋,5,9,1.6893,0.584546,0.876819,2.889935,2.889129,2.890799,0.000578,1.389935,2.2664,0.9995,0.988287,支持曾遭雷击,否
普通钢筋,5,10,1.6088,0.545404,0.818106,2.949739,2.948702,2.95085,0.000728,1.449739,2.3618,0.9995,0.990907,支持曾遭雷击,否
普通钢筋,5,11,1.5303,0.503891,0.755837,3.036964,3.034936,3.038961,0.001325,1.536964,2.500557,0.9995,0.9938,支持曾遭雷击,否
普通钢筋,5,12,1.4578,0.468935,0.703402,3.108746,3.105927,3.111618,0.001831,1.608746,2.614397,0.9995,0.995531,支持曾遭雷击,否
普通钢筋,5,13,1.3977,0.467983,0.701975,2.986646,2.984234,2.9892,0.001663,1.486646,2.420565,0.9995,0.992252,支持曾遭雷击,否
普通钢筋,5,14,1.3354,0.449898,0.674847,2.968229,2.963876,2.972755,0.002991,1.468229,2.391237,0.9995,0.991604,支持曾遭雷击,否
普通钢筋,5,15,1.2732,0.427063,0.640595,2.981291,2.975868,2.98682,0.003674,1.481291,2.412021,0.9995,0.992068,支持曾遭雷击,否
普通钢筋,5,22,0.7867,0.291596,0.437394,2.697914,2.688097,2.708035,0.00739,1.197914,1.95862,0.9995,0.974921,灰区/证据不足,否
普通钢筋,5,30,0.4776,0.17249,0.258735,2.768852,2.759446,2.778253,0.006792,1.268852,2.072538,0.9995,0.980892,支持曾遭雷击,否
普通钢筋,5,37,0.3305,0.123103,0.184655,2.684735,2.668389,2.702027,0.012529,1.184735,1.937285,0.9995,0.973645,灰区/证据不足,否
普通钢筋,5,44,0.2188,0.07988,0.11982,2.739118,2.720926,2.758045,0.013552,1.239118,2.024626,0.9995,0.978547,支持曾遭雷击,否
普通钢筋,5,51,0.1439,0.048269,0.072403,2.981236,2.965435,2.997257,0.010674,1.481236,2.41172,0.9995,0.992061,灰区/证据不足,是
普通钢筋,5,58,0.0737,0.026721,0.040082,2.758122,2.751978,2.763932,0.004334,1.258122,2.055371,0.9995,0.980078,灰区/证据不足,是
普通钢筋,5,90,0.007,0.002193,0.00329,3.191667,3.153869,3.228626,0.023423,1.691667,2.744076,0.9995,0.996966,灰区/证据不足,是
普通钢筋,6,1,4.1007,0.879701,1.319551,4.661471,4.647538,4.674882,0.005866,3.161471,4.986454,0.9995,1.0,支持曾遭雷击,否
普通钢筋,6,2,3.752,0.8242,1.236301,4.552291,4.538575,4.565508,0.005916,3.052291,4.825923,0.9995,0.999999,支持曾遭雷击,否
普通钢筋,6,3,3.4329,0.771639,1.157458,4.448844,4.435022,4.461988,0.006061,2.948844,4.672875,0.9995,0.999999,支持曾遭雷击,否
普通钢筋,6,4,3.2823,0.733709,1.100563,4.473575,4.461469,4.484963,0.005252,2.973575,4.709618,0.9995,0.999999,支持曾遭雷击,否
普通钢筋,6,5,3.1319,0.694005,1.041008,4.512791,4.5016,4.523288,0.004806,3.012791,4.767701,0.9995,0.999999,支持曾遭雷击,否
普通钢筋,6,6,2.993,0.667011,1.000517,4.48718,4.479126,4.494843,0.003503,2.98718,4.729901,0.9995,0.999999,支持曾遭雷击,否
普通钢筋,6,7,2.861,0.636707,0.955061,4.493431,4.487606,4.498949,0.002524,2.993431,4.739205,0.9995,0.999999,支持曾遭雷击,否
普通钢筋,6,8,2.7393,0.616443,0.924665,4.443717,4.441894,4.445517,0.000815,2.943717,4.665559,0.9995,0.999998,支持曾遭雷击,否
普通钢筋,6,9,2.6129,0.584546,0.876819,4.469965,4.468718,4.471301,0.000578,2.969965,4.704497,0.9995,0.999999,支持曾遭雷击,否
普通钢筋,6,10,2.4884,0.545404,0.818106,4.562488,4.560884,4.564207,0.000728,3.062488,4.841273,0.9995,0.999999,支持曾遭雷击,否
普通钢筋,6,11,2.367,0.503891,0.755837,4.697441,4.694304,4.70053,0.001325,3.197441,5.039442,0.9995,1.0,支持曾遭雷击,否
普通钢筋,6,12,2.2548,0.468935,0.703402,4.808342,4.803981,4.812783,0.001831,3.308342,5.201095,0.9995,1.0,支持曾遭雷击,否
普通钢筋,6,13,2.1618,0.467983,0.701975,4.619398,4.615667,4.623347,0.001663,3.119398,4.925018,0.9995,1.0,支持曾遭雷击,否
普通钢筋,6,14,2.0654,0.449898,0.674847,4.59082,4.584087,4.59782,0.002991,3.09082,4.882934,0.9995,0.999999,支持曾遭雷击,否
普通钢筋,6,15,1.9693,0.427063,0.640595,4.611261,4.602872,4.619812,0.003674,3.111261,4.91296,0.9995,1.0,支持曾遭雷击,否
普通钢筋,6,22,1.2168,0.291596,0.437394,4.172901,4.157718,4.188556,0.00739,2.672901,4.260149,0.9995,0.99999,支持曾遭雷击,否
普通钢筋,6,30,0.7387,0.17249,0.258735,4.28256,4.268013,4.297101,0.006792,2.78256,4.424902,0.9995,0.999995,支持曾遭雷击,否
普通钢筋,6,37,0.5113,0.123103,0.184655,4.153419,4.128131,4.180171,0.012529,2.653419,4.230076,0.9995,0.999988,支持曾遭雷击,否
普通钢筋,6,44,0.3385,0.07988,0.11982,4.237622,4.209476,4.266902,0.013552,2.737622,4.356541,0.9995,0.999993,支持曾遭雷击,否
普通钢筋,6,51,0.2225,0.048269,0.072403,4.609624,4.585193,4.634397,0.010674,3.109624,4.909582,0.9995,1.0,灰区/证据不足,是
普通钢筋,6,58,0.114,0.026721,0.040082,4.266295,4.256791,4.275282,0.004334,2.766295,4.400746,0.9995,0.999995,灰区/证据不足,是
普通钢筋,6,90,0.0108,0.002193,0.00329,4.924287,4.865969,4.981308,0.023423,3.424287,5.362762,0.9995,1.0,灰区/证据不足,是
普通钢筋,7,1,2.8413,0.879701,1.319551,3.229848,3.220194,3.23914,0.005866,1.729848,2.805632,0.9995,0.997489,支持曾遭雷击,否
普通钢筋,7,2,2.5996,0.8242,1.236301,3.154087,3.144584,3.163245,0.005916,1.654087,2.686057,0.9995,0.996385,支持曾遭雷击,否
普通钢筋,7,3,2.3785,0.771639,1.157458,3.082401,3.072825,3.091508,0.006061,1.582401,2.572576,0.9995,0.994953,支持曾遭雷击,否
普通钢筋,7,4,2.2742,0.733709,1.100563,3.099596,3.091208,3.107487,0.005252,1.599596,2.599845,0.9995,0.995337,支持曾遭雷击,否
普通钢筋,7,5,2.17,0.694005,1.041008,3.126778,3.119024,3.134051,0.004806,1.626778,2.642895,0.9995,0.99589,支持曾遭雷击,否
普通钢筋,7,6,2.0738,0.667011,1.000517,3.109093,3.103512,3.114402,0.003503,1.609093,2.614923,0.9995,0.995538,支持曾遭雷击,否
普通钢筋,7,7,1.9823,0.636707,0.955061,3.113362,3.109326,3.117185,0.002524,1.613362,2.621698,0.9995,0.995625,支持曾遭雷击,否
普通钢筋,7,8,1.898,0.616443,0.924665,3.078952,3.07769,3.080199,0.000815,1.578952,2.567189,0.9995,0.994874,支持曾遭雷击,否
普通钢筋,7,9,1.8104,0.584546,0.876819,3.097104,3.09624,3.09803,0.000578,1.597104,2.595961,0.9995,0.995284,支持曾遭雷击,否
普通钢筋,7,10,1.7241,0.545404,0.818106,3.161142,3.160031,3.162333,0.000728,1.661142,2.697295,0.9995,0.996505,支持曾遭雷击,否
普通钢筋,7,11,1.64,0.503891,0.755837,3.25467,3.252496,3.25681,0.001325,1.75467,2.844821,0.9995,0.997778,支持曾遭雷击,否
普通钢筋,7,12,1.5623,0.468935,0.703402,3.331592,3.32857,3.334669,0.001831,1.831592,2.965722,0.9995,0.99849,支持曾遭雷击,否
普通钢筋,7,13,1.4978,0.467983,0.701975,3.200543,3.197958,3.203279,0.001663,1.700543,2.759509,0.9995,0.997106,支持曾遭雷击,否
普通钢筋,7,14,1.4311,0.449898,0.674847,3.180944,3.176279,3.185795,0.002991,1.680944,2.728557,0.9995,0.996819,支持曾遭雷击,否
普通钢筋,7,15,1.3645,0.427063,0.640595,3.195077,3.189265,3.201002,0.003674,1.695077,2.750856,0.9995,0.997028,支持曾遭雷击,否
普通钢筋,7,22,0.8431,0.291596,0.437394,2.891332,2.880812,2.902179,0.00739,1.391332,2.268538,0.9995,0.988352,支持曾遭雷击,否
普通钢筋,7,30,0.5118,0.17249,0.258735,2.967124,2.957045,2.977198,0.006792,1.467124,2.3894,0.9995,0.991562,支持曾遭雷击,否
普通钢筋,7,37,0.3542,0.123103,0.184655,2.877256,2.859738,2.895788,0.012529,1.377256,2.245866,0.9995,0.987644,支持曾遭雷击,否
普通钢筋,7,44,0.2345,0.07988,0.11982,2.935664,2.916166,2.955948,0.013552,1.435664,2.339013,0.9995,0.990333,支持曾遭雷击,否
普通钢筋,7,51,0.1542,0.048269,0.072403,3.194625,3.177693,3.211793,0.010674,1.694625,2.749866,0.9995,0.997019,灰区/证据不足,是
普通钢筋,7,58,0.079,0.026721,0.040082,2.956468,2.949882,2.962695,0.004334,1.456468,2.372487,0.9995,0.991166,灰区/证据不足,是
普通钢筋,7,90,0.0075,0.002193,0.00329,3.419644,3.379145,3.459242,0.023423,1.919644,3.101798,0.9995,0.999038,灰区/证据不足,是
普通钢筋,8,1,3.5893,0.879701,1.319551,4.080137,4.067942,4.091875,0.005866,2.580137,4.120156,0.9995,0.999981,支持曾遭雷击,否
普通钢筋,8,2,3.284,0.8242,1.236301,3.984468,3.972463,3.996037,0.005916,2.484468,3.974942,0.9995,0.999965,支持曾遭雷击,否
普通钢筋,8,3,3.0047,0.771639,1.157458,3.893921,3.881823,3.905426,0.006061,2.393921,3.836843,0.9995,0.999938,支持曾遭雷击,否
普通钢筋,8,4,2.8729,0.733709,1.100563,3.915588,3.904991,3.925555,0.005252,2.415588,3.869992,0.9995,0.999946,支持曾遭雷击,否
普通钢筋,8,5,2.7413,0.694005,1.041008,3.949971,3.940176,3.959158,0.004806,2.449971,3.922474,0.9995,0.999956,支持曾遭雷击,否
普通钢筋,8,6,2.6197,0.667011,1.000517,3.92752,3.92047,3.934226,0.003503,2.42752,3.88829,0.9995,0.99995,支持曾遭雷击,否
普通钢筋,8,7,2.5042,0.636707,0.955061,3.933048,3.927949,3.937878,0.002524,2.433048,3.896759,0.9995,0.999951,支持曾遭雷击,否
普通钢筋,8,8,2.3977,0.616443,0.924665,3.88957,3.887975,3.891146,0.000815,2.38957,3.83038,0.9995,0.999936,支持曾遭雷击,否
普通钢筋,8,9,2.287,0.584546,0.876819,3.912438,3.911347,3.913608,0.000578,2.412438,3.865329,0.9995,0.999945,支持曾遭雷击,否
普通钢筋,8,10,2.1781,0.545404,0.818106,3.993552,3.992148,3.995056,0.000728,2.493552,3.988964,0.9995,0.999967,支持曾遭雷击,否
普通钢筋,8,11,2.0718,0.503891,0.755837,4.1116,4.108855,4.114305,0.001325,2.6116,4.167968,0.9995,0.999985,支持曾遭雷击,否
普通钢筋,8,12,1.9736,0.468935,0.703402,4.208686,4.204868,4.212573,0.001831,2.708686,4.314347,0.9995,0.999992,支持曾遭雷击,否
普通钢筋,8,13,1.8922,0.467983,0.701975,4.043308,4.040043,4.046765,0.001663,2.543308,4.064537,0.9995,0.999976,支持曾遭雷击,否
普通钢筋,8,14,1.8078,0.449898,0.674847,4.018246,4.012352,4.024373,0.002991,2.518246,4.026452,0.9995,0.999972,支持曾遭雷击,否
普通钢筋,8,15,1.7237,0.427063,0.640595,4.03617,4.028828,4.043655,0.003674,2.53617,4.053642,0.9995,0.999975,支持曾遭雷击,否
普通钢筋,8,22,1.065,0.291596,0.437394,3.652318,3.639028,3.666019,0.00739,2.152318,3.465256,0.9995,0.999735,支持曾遭雷击,否
普通钢筋,8,30,0.6466,0.17249,0.258735,3.748617,3.735884,3.761345,0.006792,2.248617,3.613876,0.9995,0.999849,支持曾遭雷击,否
普通钢筋,8,37,0.4475,0.123103,0.184655,3.635155,3.613023,3.658569,0.012529,2.135155,3.438254,0.9995,0.999707,支持曾遭雷击,否
普通钢筋,8,44,0.2962,0.07988,0.11982,3.708075,3.683447,3.733697,0.013552,2.208075,3.550777,0.9995,0.999808,支持曾遭雷击,否
普通钢筋,8,51,0.1948,0.048269,0.072403,4.035752,4.014362,4.057441,0.010674,2.535752,4.052376,0.9995,0.999975,灰区/证据不足,是
普通钢筋,8,58,0.0998,0.026721,0.040082,3.734879,3.726559,3.742747,0.004334,2.234879,3.592856,0.9995,0.999836,灰区/证据不足,是
普通钢筋,8,90,0.0095,0.002193,0.00329,4.331549,4.28025,4.381706,0.023423,2.831549,4.494385,0.9995,0.999997,灰区/证据不足,是
普通钢筋,9,1,3.685,0.879701,1.319551,4.188924,4.176404,4.200975,0.005866,2.688924,4.284394,0.9995,0.999991,支持曾遭雷击,否
普通钢筋,9,2,3.3716,0.8242,1.236301,4.090752,4.078427,4.10263,0.005916,2.590752,4.136222,0.9995,0.999982,支持曾遭雷击,否
普通钢筋,9,3,3.0848,0.771639,1.157458,3.997726,3.985306,4.009538,0.006061,2.497726,3.995104,0.9995,0.999968,支持曾遭雷击,否
普通钢筋,9,4,2.9495,0.733709,1.100563,4.019989,4.00911,4.030222,0.005252,2.519989,4.028989,0.9995,0.999972,支持曾遭雷击,否
普通钢筋,9,5,2.8144,0.694005,1.041008,4.055301,4.045245,4.064734,0.004806,2.555301,4.082602,0.9995,0.999978,支持曾遭雷击,否
普通钢筋,9,6,2.6896,0.667011,1.000517,4.032315,4.025077,4.039201,0.003503,2.532315,4.047797,0.9995,0.999974,支持曾遭雷击,否
普通钢筋,9,7,2.5709,0.636707,0.955061,4.037806,4.032571,4.042764,0.002524,2.537806,4.056165,0.9995,0.999975,支持曾遭雷击,否
普通钢筋,9,8,2.4616,0.616443,0.924665,3.993229,3.991592,3.994847,0.000815,2.493229,3.988472,0.9995,0.999967,支持曾遭雷击,否
普通钢筋,9,9,2.3479,0.584546,0.876819,4.016621,4.015501,4.017822,0.000578,2.516621,4.024035,0.9995,0.999971,支持曾遭雷击,否
普通钢筋,9,10,2.2361,0.545404,0.818106,4.099895,4.098454,4.10144,0.000728,2.599895,4.150275,0.9995,0.999983,支持曾遭雷击,否
普通钢筋,9,11,2.127,0.503891,0.755837,4.221148,4.218329,4.223924,0.001325,2.721148,4.333093,0.9995,0.999993,支持曾遭雷击,否
普通钢筋,9,12,2.0262,0.468935,0.703402,4.320855,4.316935,4.324846,0.001831,2.820855,4.482524,0.9995,0.999996,支持曾遭雷击,否
普通钢筋,9,13,1.9426,0.467983,0.701975,4.151005,4.147652,4.154554,0.001663,2.651005,4.227468,0.9995,0.999988,支持曾遭雷击,否
普通钢筋,9,14,1.856,0.449898,0.674847,4.125381,4.11933,4.131671,0.002991,2.625381,4.188747,0.9995,0.999986,支持曾遭雷击,否
普通钢筋,9,15,1.7697,0.427063,0.640595,4.143882,4.136344,4.151567,0.003674,2.643882,4.216653,0.9995,0.999988,支持曾遭雷击,否
普通钢筋,9,22,1.0934,0.291596,0.437394,3.749713,3.736069,3.76378,0.00739,2.249713,3.61554,0.9995,0.99985,支持曾遭雷击,否
普通钢筋,9,30,0.6638,0.17249,0.258735,3.848333,3.835261,3.861399,0.006792,2.348333,3.76702,0.9995,0.999917,支持曾遭雷击,否
普通钢筋,9,37,0.4594,0.123103,0.184655,3.731822,3.709101,3.755859,0.012529,2.231822,3.587495,0.9995,0.999833,支持曾遭雷击,否
普通钢筋,9,44,0.3041,0.07988,0.11982,3.806974,3.781689,3.833279,0.013552,2.306974,3.70291,0.9995,0.999893,支持曾遭雷击,否
普通钢筋,9,51,0.2,0.048269,0.072403,4.143483,4.121522,4.16575,0.010674,2.643483,4.215361,0.9995,0.999988,灰区/证据不足,是
普通钢筋,9,58,0.1025,0.026721,0.040082,3.835923,3.827378,3.844004,0.004334,2.335923,3.748152,0.9995,0.999911,灰区/证据不足,是
普通钢筋,9,90,0.0097,0.002193,0.00329,4.422739,4.370361,4.473952,0.023423,2.922739,4.629973,0.9995,0.999998,灰区/证据不足,是
普通钢筋,10,1,2.3858,0.879701,1.319551,2.712059,2.703952,2.719861,0.005866,1.212059,1.981379,0.9995,0.976226,支持曾遭雷击,否
普通钢筋,10,2,2.1829,0.8242,1.236301,2.648506,2.640526,2.656196,0.005916,1.148506,1.879141,0.9995,0.969887,灰区/证据不足,否
普通钢筋,10,3,1.9973,0.771639,1.157458,2.588388,2.580346,2.596035,0.006061,1.088388,1.782228,0.9995,0.962644,灰区/证据不足,否
普通钢筋,10,4,1.9096,0.733709,1.100563,2.602668,2.595625,2.609294,0.005252,1.102668,1.805276,0.9995,0.964484,灰区/证据不足,否
普通钢筋,10,5,1.8222,0.694005,1.041008,2.625629,2.619118,2.631736,0.004806,1.125629,1.8423,0.9995,0.967284,灰区/证据不足,否
普通钢筋,10,6,1.7414,0.667011,1.000517,2.61075,2.606064,2.615209,0.003503,1.11075,1.818328,0.9995,0.965493,灰区/证据不足,否
普通钢筋,10,7,1.6646,0.636707,0.955061,2.614389,2.610999,2.617599,0.002524,1.114389,1.824201,0.9995,0.965939,灰区/证据不足,否
普通钢筋,10,8,1.5938,0.616443,0.924665,2.585476,2.584416,2.586524,0.000815,1.085476,1.777571,0.9995,0.962263,灰区/证据不足,否
普通钢筋,10,9,1.5202,0.584546,0.876819,2.600651,2.599925,2.601428,0.000578,1.100651,1.802054,0.9995,0.964232,灰区/证据不足,否
普通钢筋,10,10,1.4478,0.545404,0.818106,2.654545,2.653612,2.655545,0.000728,1.154545,1.88891,0.9995,0.970548,灰区/证据不足,否
普通钢筋,10,11,1.3771,0.503891,0.755837,2.73293,2.731105,2.734728,0.001325,1.23293,2.014956,0.9995,0.978045,支持曾遭雷击,否
普通钢筋,10,12,1.3119,0.468935,0.703402,2.797616,2.795078,2.8002,0.001831,1.297616,2.118716,0.9995,0.982943,支持曾遭雷击,否
普通钢筋,10,13,1.2578,0.467983,0.701975,2.687704,2.685533,2.690002,0.001663,1.187704,1.942269,0.9995,0.973948,灰区/证据不足,否
普通钢筋,10,14,1.2017,0.449898,0.674847,2.671051,2.667133,2.675124,0.002991,1.171051,1.915469,0.9995,0.972284,灰区/证据不足,否
普通钢筋,10,15,1.1458,0.427063,0.640595,2.682975,2.678094,2.68795,0.003674,1.182975,1.934648,0.9995,0.973483,灰区/证据不足,否
普通钢筋,10,22,0.7079,0.291596,0.437394,2.427677,2.418843,2.436784,0.00739,0.927677,1.522232,0.9995,0.936025,灰区/证据不足,否
普通钢筋,10,30,0.4298,0.17249,0.258735,2.491735,2.483271,2.500195,0.006792,0.991735,1.626018,0.9995,0.948027,灰区/证据不足,否
普通钢筋,10,37,0.2975,0.123103,0.184655,2.416667,2.401954,2.432233,0.012529,0.916667,1.504286,0.9995,0.933746,灰区/证据不足,否
普通钢筋,10,44,0.1969,0.07988,0.11982,2.464956,2.448584,2.481988,0.013552,0.964956,1.582531,0.9995,0.943236,灰区/证据不足,否
普通钢筋,10,51,0.1295,0.048269,0.072403,2.682905,2.668686,2.697323,0.010674,1.182905,1.934396,0.9995,0.973468,灰区/证据不足,是
普通钢筋,10,58,0.0663,0.026721,0.040082,2.481187,2.47566,2.486414,0.004334,0.981187,1.608972,0.9995,0.946189,灰区/证据不足,是
普通钢筋,10,90,0.0063,0.002193,0.00329,2.872501,2.838482,2.905763,0.023423,1.372501,2.237592,0.9995,0.987376,灰区/证据不足,是
锈蚀钢筋,1,1,4.8101,0.871267,1.306901,5.520809,5.497956,5.54099,0.007795,4.020809,6.212199,0.9995,1.0,支持曾遭雷击,否
锈蚀钢筋,1,2,4.2192,0.792209,1.188313,5.32587,5.30426,5.345149,0.007677,3.82587,5.94011,0.9995,1.0,支持曾遭雷击,否
锈蚀钢筋,1,3,3.7009,0.719798,1.079698,5.141578,5.121082,5.159967,0.007563,3.641578,5.679585,0.9995,1.0,支持曾遭雷击,否
锈蚀钢筋,1,4,3.4663,0.664218,0.996327,5.218616,5.199616,5.235504,0.006877,3.718616,5.789018,0.9995,1.0,支持曾遭雷击,否
锈蚀钢筋,1,5,3.237,0.609734,0.914601,5.308875,5.291425,5.324448,0.00622,3.808875,5.916496,0.9995,1.0,支持曾遭雷击,否
锈蚀钢筋,1,6,3.0296,0.568723,0.853085,5.32702,5.313175,5.338972,0.004843,3.82702,5.942221,0.9995,1.0,支持曾遭雷击,否
锈蚀钢筋,1,7,2.8366,0.526863,0.790295,5.383941,5.372561,5.393571,0.003902,3.883941,6.022177,0.9995,1.0,支持曾遭雷击,否
锈蚀钢筋,1,8,2.6624,0.495041,0.742562,5.378136,5.369564,5.385032,0.002876,3.878136,6.014157,0.9995,1.0,支持曾遭雷击,否
锈蚀钢筋,1,9,2.4848,0.455572,0.683358,5.454239,5.448096,5.45949,0.002089,3.954239,6.120536,0.9995,1.0,支持曾遭雷击,否
锈蚀钢筋,1,10,2.3139,0.412522,0.618783,5.609153,5.60416,5.613199,0.001611,4.109153,6.3353,0.9995,1.0,支持曾遭雷击,否
锈蚀钢筋,1,11,2.1508,0.369876,0.554814,5.814923,5.809096,5.820147,0.001901,4.314923,6.616958,0.9995,1.0,支持曾遭雷击,否
锈蚀钢筋,1,12,2.0036,0.334058,0.501087,5.997759,5.991244,6.003898,0.00211,4.497759,6.863773,0.9995,1.0,支持曾遭雷击,否
锈蚀钢筋,1,13,1.8842,0.323541,0.485312,5.823676,5.818847,5.828668,0.001686,4.323676,6.628856,0.9995,1.0,支持曾遭雷击,否
锈蚀钢筋,1,14,1.7629,0.301859,0.452788,5.840148,5.831606,5.849185,0.00301,4.340148,6.651102,0.9995,1.0,支持曾遭雷击,否
锈蚀钢筋,1,15,1.6444,0.278082,0.417123,5.91337,5.902123,5.924461,0.003777,4.41337,6.750058,0.9995,1.0,支持曾遭雷击,否
锈蚀钢筋,1,22,0.8094,0.153955,0.230932,5.257388,5.235839,5.281448,0.008675,3.757388,5.843449,0.9995,1.0,支持曾遭雷击,否
锈蚀钢筋,1,30,0.389,0.071664,0.107495,5.428137,5.404643,5.454859,0.009251,3.928137,6.08293,0.9995,1.0,支持曾遭雷击,否
锈蚀钢筋,1,37,0.227,0.04147,0.062205,5.47381,5.431783,5.521912,0.016466,3.97381,6.143783,0.9995,1.0,灰区/证据不足,是
锈蚀钢筋,1,44,0.124,0.021819,0.032728,5.683125,5.633911,5.740854,0.018818,4.183125,6.431057,0.9995,1.0,灰区/证据不足,是
锈蚀钢筋,1,51,0.067,0.01069,0.016036,6.2673,6.21323,6.336034,0.019594,4.7673,7.213364,0.9995,1.0,灰区/证据不足,是
锈蚀钢筋,1,58,0.0249,0.004799,0.007198,5.189,5.138858,5.251092,0.021629,3.689,5.7422,0.9995,1.0,灰区/证据不足,是
锈蚀钢筋,1,90,0.0008,0.000151,0.000227,5.297357,5.163618,5.435919,0.051403,3.797357,5.865025,0.9995,1.0,灰区/证据不足,是
锈蚀钢筋,2,1,4.2406,0.871267,1.306901,4.867163,4.847016,4.884955,0.007795,3.367163,5.285783,0.9995,1.0,支持曾遭雷击,否
锈蚀钢筋,2,2,3.7196,0.792209,1.188313,4.695228,4.676177,4.712224,0.007677,3.195228,5.035667,0.9995,1.0,支持曾遭雷击,否
锈蚀钢筋,2,3,3.2626,0.719798,1.079698,4.532657,4.514589,4.548869,0.007563,3.032657,4.796779,0.9995,0.999999,支持曾遭雷击,否
锈蚀钢筋,2,4,3.0559,0.664218,0.996327,4.600747,4.583996,4.615636,0.006877,3.100747,4.897208,0.9995,1.0,支持曾遭雷击,否
锈蚀钢筋,2,5,2.8537,0.609734,0.914601,4.68024,4.664856,4.693969,0.00622,3.18024,5.013928,0.9995,1.0,支持曾遭雷击,否
锈蚀钢筋,2,6,2.6709,0.568723,0.853085,4.696309,4.684103,4.706846,0.004843,3.196309,5.037584,0.9995,1.0,支持曾遭雷击,否
锈蚀钢筋,2,7,2.5007,0.526863,0.790295,4.746394,4.736362,4.754883,0.003902,3.246394,5.110806,0.9995,1.0,支持曾遭雷击,否
锈蚀钢筋,2,8,2.3471,0.495041,0.742562,4.741219,4.733662,4.747299,0.002876,3.241219,5.103333,0.9995,1.0,支持曾遭雷击,否
锈蚀钢筋,2,9,2.1906,0.455572,0.683358,4.808458,4.803042,4.813087,0.002089,3.308458,5.201256,0.9995,1.0,支持曾遭雷击,否
锈蚀钢筋,2,10,2.0399,0.412522,0.618783,4.944946,4.940545,4.948513,0.001611,3.444946,5.398741,0.9995,1.0,支持曾遭雷击,否
锈蚀钢筋,2,11,1.8961,0.369876,0.554814,5.126314,5.121176,5.130919,0.001901,3.626314,5.658524,0.9995,1.0,支持曾遭雷击,否
锈蚀钢筋,2,12,1.7663,0.334058,0.501087,5.287404,5.28166,5.292815,0.00211,3.787404,5.886728,0.9995,1.0,支持曾遭雷击,否
锈蚀钢筋,2,13,1.6611,0.323541,0.485312,5.134119,5.129862,5.138521,0.001686,3.634119,5.669643,0.9995,1.0,支持曾遭雷击,否
锈蚀钢筋,2,14,1.5541,0.301859,0.452788,5.148434,5.140903,5.156401,0.00301,3.648434,5.689932,0.9995,1.0,支持曾遭雷击,否
锈蚀钢筋,2,15,1.4497,0.278082,0.417123,5.213216,5.203301,5.222994,0.003777,3.713216,5.781792,0.9995,1.0,支持曾遭雷击,否
锈蚀钢筋,2,22,0.7136,0.153955,0.230932,4.635128,4.616129,4.65634,0.008675,3.135128,4.947471,0.9995,1.0,支持曾遭雷击,否
锈蚀钢筋,2,30,0.343,0.071664,0.107495,4.786249,4.765533,4.809812,0.009251,3.286249,5.168151,0.9995,1.0,支持曾遭雷击,否
锈蚀钢筋,2,37,0.2001,0.04147,0.062205,4.825151,4.788105,4.867554,0.016466,3.325151,5.222765,0.9995,1.0,灰区/证据不足,是
锈蚀钢筋,2,44,0.1093,0.021819,0.032728,5.0094,4.96602,5.060285,0.018818,3.5094,5.487314,0.9995,1.0,灰区/证据不足,是
锈蚀钢筋,2,51,0.0591,0.01069,0.016036,5.52832,5.480625,5.588949,0.019594,4.02832,6.217711,0.9995,1.0,灰区/证据不足,是
锈蚀钢筋,2,58,0.022,0.004799,0.007198,4.584659,4.540356,4.639519,0.021629,3.084659,4.870224,0.9995,0.999999,灰区/证据不足,是
锈蚀钢筋,2,90,0.0007,0.000151,0.000227,4.635188,4.518165,4.756429,0.051403,3.135188,4.924488,0.9995,1.0,灰区/证据不足,是
锈蚀钢筋,3,1,4.722,0.871267,1.306901,5.419692,5.397258,5.439503,0.007795,3.919692,6.07149,0.9995,1.0,支持曾遭雷击,否
锈蚀钢筋,3,2,4.1419,0.792209,1.188313,5.228295,5.207081,5.24722,0.007677,3.728295,5.802552,0.9995,1.0,支持曾遭雷击,否
锈蚀钢筋,3,3,3.6331,0.719798,1.079698,5.047385,5.027264,5.065437,0.007563,3.547385,5.545202,0.9995,1.0,支持曾遭雷击,否
锈蚀钢筋,3,4,3.4028,0.664218,0.996327,5.123015,5.104363,5.139594,0.006877,3.623015,5.653291,0.9995,1.0,支持曾遭雷击,否
锈蚀钢筋,3,5,3.1777,0.609734,0.914601,5.21162,5.194489,5.226907,0.00622,3.71162,5.779222,0.9995,1.0,支持曾遭雷击,否
锈蚀钢筋,3,6,2.9741,0.568723,0.853085,5.229433,5.215842,5.241166,0.004843,3.729433,5.804631,0.9995,1.0,支持曾遭雷击,否
锈蚀钢筋,3,7,2.7847,0.526863,0.790295,5.285434,5.274262,5.294887,0.003902,3.785434,5.883803,0.9995,1.0,支持曾遭雷击,否
锈蚀钢筋,3,8,2.6136,0.495041,0.742562,5.279558,5.271143,5.286328,0.002876,3.779558,5.875624,0.9995,1.0,支持曾遭雷击,否
锈蚀钢筋,3,9,2.4393,0.455572,0.683358,5.354365,5.348334,5.359519,0.002089,3.854365,5.980886,0.9995,1.0,支持曾遭雷击,否
锈蚀钢筋,3,10,2.2715,0.412522,0.618783,5.506371,5.501469,5.510342,0.001611,4.006371,6.193079,0.9995,1.0,支持曾遭雷击,否
锈蚀钢筋,3,11,2.1114,0.369876,0.554814,5.708401,5.70268,5.713529,0.001901,4.208401,6.471651,0.9995,1.0,支持曾遭雷击,否
锈蚀钢筋,3,12,1.9669,0.334058,0.501087,5.887898,5.881502,5.893924,0.00211,4.387898,6.71585,0.9995,1.0,支持曾遭雷击,否
锈蚀钢筋,3,13,1.8497,0.323541,0.485312,5.717043,5.712303,5.721945,0.001686,4.217043,6.483488,0.9995,1.0,支持曾遭雷击,否
锈蚀钢筋,3,14,1.7306,0.301859,0.452788,5.733144,5.724759,5.742016,0.00301,4.233144,6.505403,0.9995,1.0,支持曾遭雷击,否
锈蚀钢筋,3,15,1.6142,0.278082,0.417123,5.804769,5.793729,5.815656,0.003777,4.304769,6.602954,0.9995,1.0,支持曾遭雷击,否
锈蚀钢筋,3,22,0.7946,0.153955,0.230932,5.161256,5.140101,5.184876,0.008675,3.661256,5.707331,0.9995,1.0,支持曾遭雷击,否
锈蚀钢筋,3,30,0.3819,0.071664,0.107495,5.329063,5.305997,5.355298,0.009251,3.829063,5.944224,0.9995,1.0,支持曾遭雷击,否
锈蚀钢筋,3,37,0.2229,0.04147,0.062205,5.374943,5.333676,5.422177,0.016466,3.874943,6.005941,0.9995,1.0,灰区/证据不足,是
锈蚀钢筋,3,44,0.1217,0.021819,0.032728,5.577712,5.529411,5.634371,0.018818,4.077712,6.286248,0.9995,1.0,灰区/证据不足,是
锈蚀钢筋,3,51,0.0658,0.01069,0.016036,6.15505,6.101948,6.222552,0.019594,4.65505,7.065602,0.9995,1.0,灰区/证据不足,是
锈蚀钢筋,3,58,0.0245,0.004799,0.007198,5.105642,5.056306,5.166737,0.021629,3.605642,5.623909,0.9995,1.0,灰区/证据不足,是
锈蚀钢筋,3,90,0.0008,0.000151,0.000227,5.297357,5.163618,5.435919,0.051403,3.797357,5.865025,0.9995,1.0,灰区/证据不足,是
锈蚀钢筋,4,1,4.5911,0.871267,1.306901,5.269451,5.247639,5.288713,0.007795,3.769451,5.86064,0.9995,1.0,支持曾遭雷击,否
锈蚀钢筋,4,2,4.0271,0.792209,1.188313,5.083384,5.062757,5.101784,0.007677,3.583384,5.596632,0.9995,1.0,支持曾遭雷击,否
锈蚀钢筋,4,3,3.5324,0.719798,1.079698,4.907485,4.887922,4.925036,0.007563,3.407485,5.344118,0.9995,1.0,支持曾遭雷击,否
锈蚀钢筋,4,4,3.3085,0.664218,0.996327,4.981044,4.962908,4.997163,0.006877,3.481044,5.450183,0.9995,1.0,支持曾遭雷击,否
锈蚀钢筋,4,5,3.0896,0.609734,0.914601,5.06713,5.050475,5.081994,0.00622,3.56713,5.57366,0.9995,1.0,支持曾遭雷击,否
锈蚀钢筋,4,6,2.8917,0.568723,0.853085,5.084547,5.071332,5.095955,0.004843,3.584547,5.598724,0.9995,1.0,支持曾遭雷击,否
锈蚀钢筋,4,7,2.7075,0.526863,0.790295,5.138906,5.128044,5.148097,0.003902,3.638906,5.676302,0.9995,1.0,支持曾遭雷击,否
锈蚀钢筋,4,8,2.5412,0.495041,0.742562,5.133308,5.125126,5.13989,0.002876,3.633308,5.66843,0.9995,1.0,支持曾遭雷击,否
锈蚀钢筋,4,9,2.3717,0.455572,0.683358,5.20598,5.200116,5.210992,0.002089,3.70598,5.771681,0.9995,1.0,支持曾遭雷击,否
锈蚀钢筋,4,10,2.2085,0.412522,0.618783,5.353652,5.348886,5.357513,0.001611,3.853652,5.979909,0.9995,1.0,支持曾遭雷击,否
锈蚀钢筋,4,11,2.0528,0.369876,0.554814,5.54997,5.544407,5.554955,0.001901,4.04997,6.253513,0.9995,1.0,支持曾遭雷击,否
锈蚀钢筋,4,12,1.9124,0.334058,0.501087,5.724753,5.718534,5.730612,0.00211,4.224753,6.494012,0.9995,1.0,支持曾遭雷击,否
锈蚀钢筋,4,13,1.7984,0.323541,0.485312,5.558486,5.553877,5.563251,0.001686,4.058486,6.265306,0.9995,1.0,支持曾遭雷击,否
锈蚀钢筋,4,14,1.6826,0.301859,0.452788,5.57413,5.565976,5.582755,0.00301,4.07413,6.286843,0.9995,1.0,支持曾遭雷击,否
锈蚀钢筋,4,15,1.5695,0.278082,0.417123,5.644025,5.63329,5.654611,0.003777,4.144025,6.38312,0.9995,1.0,支持曾遭雷击,否
锈蚀钢筋,4,22,0.7726,0.153955,0.230932,5.018357,4.997788,5.041323,0.008675,3.518357,5.503419,0.9995,1.0,支持曾遭雷击,否
锈蚀钢筋,4,30,0.3713,0.071664,0.107495,5.18115,5.158724,5.206656,0.009251,3.68115,5.73543,0.9995,1.0,支持曾遭雷击,否
锈蚀钢筋,4,37,0.2167,0.04147,0.062205,5.225438,5.185319,5.271359,0.016466,3.725438,5.795744,0.9995,1.0,灰区/证据不足,是
锈蚀钢筋,4,44,0.1183,0.021819,0.032728,5.421885,5.374933,5.47696,0.018818,3.921885,6.070223,0.9995,1.0,灰区/证据不足,是
锈蚀钢筋,4,51,0.064,0.01069,0.016036,5.986675,5.935025,6.052331,0.019594,4.486675,6.841605,0.9995,1.0,灰区/证据不足,是
锈蚀钢筋,4,58,0.0238,0.004799,0.007198,4.959767,4.91184,5.019116,0.021629,3.459767,5.415352,0.9995,1.0,灰区/证据不足,是
锈蚀钢筋,4,90,0.0007,0.000151,0.000227,4.635188,4.518165,4.756429,0.051403,3.135188,4.924488,0.9995,1.0,灰区/证据不足,是
锈蚀钢筋,5,1,3.7214,0.871267,1.306901,4.27125,4.253569,4.286863,0.007795,2.77125,4.407871,0.9995,0.999995,支持曾遭雷击,否
锈蚀钢筋,5,2,3.2643,0.792209,1.188313,4.120506,4.103787,4.135421,0.007677,2.620506,4.181075,0.9995,0.999985,支持曾遭雷击,否
锈蚀钢筋,5,3,2.8632,0.719798,1.079698,3.97778,3.961923,3.992006,0.007563,2.47778,3.964655,0.9995,0.999963,支持曾遭雷击,否
锈蚀钢筋,5,4,2.6818,0.664218,0.996327,4.037528,4.022828,4.050594,0.006877,2.537528,4.055513,0.9995,0.999975,支持曾遭雷击,否
锈蚀钢筋,5,5,2.5043,0.609734,0.914601,4.107203,4.093703,4.119251,0.00622,2.607203,4.161095,0.9995,0.999984,支持曾遭雷击,否
锈蚀钢筋,5,6,2.3439,0.568723,0.853085,4.121337,4.110625,4.130584,0.004843,2.621337,4.182551,0.9995,0.999986,支持曾遭雷击,否
锈蚀钢筋,5,7,2.1946,0.526863,0.790295,4.165408,4.156604,4.172858,0.003902,2.665408,4.249109,0.9995,0.999989,支持曾遭雷击,否
锈蚀钢筋,5,8,2.0598,0.495041,0.742562,4.160864,4.154232,4.166199,0.002876,2.660864,4.242307,0.9995,0.999989,支持曾遭雷击,否
锈蚀钢筋,5,9,1.9224,0.455572,0.683358,4.219748,4.214995,4.22381,0.002089,2.719748,4.330974,0.9995,0.999993,支持曾遭雷击,否
锈蚀钢筋,5,10,1.7902,0.412522,0.618783,4.339646,4.335783,4.342776,0.001611,2.839646,4.510604,0.9995,0.999997,支持曾遭雷击,否
锈蚀钢筋,5,11,1.664,0.369876,0.554814,4.498806,4.494298,4.502848,0.001901,2.998806,4.747186,0.9995,0.999999,支持曾遭雷击,否
锈蚀钢筋,5,12,1.5501,0.334058,0.501087,4.640211,4.63517,4.64496,0.00211,3.140211,4.955568,0.9995,1.0,支持曾遭雷击,否
锈蚀钢筋,5,13,1.4577,0.323541,0.485312,4.505452,4.501716,4.509314,0.001686,3.005452,4.757022,0.9995,0.999999,支持曾遭雷击,否
锈蚀钢筋,5,14,1.3639,0.301859,0.452788,4.518338,4.511729,4.52533,0.00301,3.018338,4.776025,0.9995,0.999999,支持曾遭雷击,否
锈蚀钢筋,5,15,1.2722,0.278082,0.417123,4.574915,4.566213,4.583495,0.003777,3.074915,4.859465,0.9995,0.999999,支持曾遭雷击,否
锈蚀钢筋,5,22,0.6262,0.153955,0.230932,4.067429,4.050757,4.086042,0.008675,2.567429,4.100683,0.9995,0.999979,支持曾遭雷击,否
锈蚀钢筋,5,30,0.301,0.071664,0.107495,4.200178,4.181998,4.220855,0.009251,2.700178,4.301007,0.9995,0.999991,支持曾遭雷击,否
锈蚀钢筋,5,37,0.1756,0.04147,0.062205,4.234365,4.201855,4.271576,0.016466,2.734365,4.351137,0.9995,0.999993,灰区/证据不足,是
锈蚀钢筋,5,44,0.0959,0.021819,0.032728,4.395256,4.357194,4.439903,0.018818,2.895256,4.590798,0.9995,0.999998,灰区/证据不足,是
锈蚀钢筋,5,51,0.0518,0.01069,0.016036,4.845465,4.803661,4.898605,0.019594,3.345465,5.251072,0.9995,1.0,灰区/证据不足,是
锈蚀钢筋,5,58,0.0193,0.004799,0.007198,4.021996,3.983131,4.070124,0.021629,2.521996,4.029776,0.9995,0.999972,灰区/证据不足,是
锈蚀钢筋,5,90,0.0006,0.000151,0.000227,3.973018,3.872713,4.076939,0.051403,2.473018,3.943345,0.9995,0.99996,灰区/证据不足,是
锈蚀钢筋,6,1,4.6704,0.871267,1.306901,5.360468,5.338279,5.380063,0.007795,3.860468,5.988627,0.9995,1.0,支持曾遭雷击,否
锈蚀钢筋,6,2,4.0966,0.792209,1.188313,5.171113,5.150131,5.189831,0.007677,3.671113,5.721528,0.9995,1.0,支持曾遭雷击,否
锈蚀钢筋,6,3,3.5933,0.719798,1.079698,4.992092,4.972191,5.009946,0.007563,3.492092,5.465939,0.9995,1.0,支持曾遭雷击,否
锈蚀钢筋,6,4,3.3656,0.664218,0.996327,5.067009,5.048561,5.083407,0.006877,3.567009,5.573388,0.9995,1.0,支持曾遭雷击,否
锈蚀钢筋,6,5,3.1429,0.609734,0.914601,5.154546,5.137603,5.169666,0.00622,3.654546,5.698254,0.9995,1.0,支持曾遭雷击,否
锈蚀钢筋,6,6,2.9416,0.568723,0.853085,5.172288,5.158845,5.183892,0.004843,3.672288,5.723649,0.9995,1.0,支持曾遭雷击,否
锈蚀钢筋,6,7,2.7542,0.526863,0.790295,5.227544,5.216495,5.236893,0.003902,3.727544,5.802062,0.9995,1.0,支持曾遭雷击,否
锈蚀钢筋,6,8,2.585,0.495041,0.742562,5.221785,5.213462,5.228481,0.002876,3.721785,5.794014,0.9995,1.0,支持曾遭雷击,否
锈蚀钢筋,6,9,2.4126,0.455572,0.683358,5.295757,5.289792,5.300855,0.002089,3.795757,5.898502,0.9995,1.0,支持曾遭雷击,否
锈蚀钢筋,6,10,2.2467,0.412522,0.618783,5.446253,5.441405,5.450181,0.001611,3.946253,6.109428,0.9995,1.0,支持曾遭雷击,否
锈蚀钢筋,6,11,2.0883,0.369876,0.554814,5.645948,5.640289,5.65102,0.001901,4.145948,6.385949,0.9995,1.0,支持曾遭雷击,否
锈蚀钢筋,6,12,1.9454,0.334058,0.501087,5.823538,5.817212,5.829498,0.00211,4.323538,6.628645,0.9995,1.0,支持曾遭雷击,否
锈蚀钢筋,6,13,1.8294,0.323541,0.485312,5.6543,5.649612,5.659148,0.001686,4.1543,6.39744,0.9995,1.0,支持曾遭雷击,否
锈蚀钢筋,6,14,1.7116,0.301859,0.452788,5.670201,5.661907,5.678975,0.00301,4.170201,6.41918,0.9995,1.0,支持曾遭雷击,否
锈蚀钢筋,6,15,1.5966,0.278082,0.417123,5.741478,5.730558,5.752247,0.003777,4.241478,6.516696,0.9995,1.0,支持曾遭雷击,否
锈蚀钢筋,6,22,0.7859,0.153955,0.230932,5.104746,5.083823,5.128107,0.008675,3.604746,5.626917,0.9995,1.0,支持曾遭雷击,否
锈蚀钢筋,6,30,0.3777,0.071664,0.107495,5.270456,5.247644,5.296402,0.009251,3.770456,5.861738,0.9995,1.0,支持曾遭雷击,否
锈蚀钢筋,6,37,0.2204,0.04147,0.062205,5.314659,5.273855,5.361363,0.016466,3.814659,5.921437,0.9995,1.0,灰区/证据不足,是
锈蚀钢筋,6,44,0.1204,0.021819,0.032728,5.518131,5.470346,5.574184,0.018818,4.018131,6.203925,0.9995,1.0,灰区/证据不足,是
锈蚀钢筋,6,51,0.0651,0.01069,0.016036,6.08957,6.037034,6.156355,0.019594,4.58957,6.978827,0.9995,1.0,灰区/证据不足,是
锈蚀钢筋,6,58,0.0242,0.004799,0.007198,5.043124,4.994392,5.103471,0.021629,3.543124,5.534767,0.9995,1.0,灰区/证据不足,是
锈蚀钢筋,6,90,0.0008,0.000151,0.000227,5.297357,5.163618,5.435919,0.051403,3.797357,5.865025,0.9995,1.0,灰区/证据不足,是
锈蚀钢筋,7,1,2.2293,0.871267,1.306901,2.558687,2.548095,2.56804,0.007795,1.058687,1.734255,0.9995,0.958564,灰区/证据不足,否
锈蚀钢筋,7,2,1.9555,0.792209,1.188313,2.468416,2.4584,2.477351,0.007677,0.968416,1.588253,0.9995,0.943885,灰区/证据不足,否
锈蚀钢筋,7,3,1.7152,0.719798,1.079698,2.382889,2.37339,2.391412,0.007563,0.882889,1.449551,0.9995,0.926408,灰区/证据不足,否
锈蚀钢筋,7,4,1.6065,0.664218,0.996327,2.418633,2.409827,2.42646,0.006877,0.918633,1.50757,0.9995,0.934168,灰区/证据不足,否
锈蚀钢筋,7,5,1.5002,0.609734,0.914601,2.460418,2.452331,2.467636,0.00622,0.960418,1.575317,0.9995,0.942408,灰区/证据不足,否
锈蚀钢筋,7,6,1.4041,0.568723,0.853085,2.468864,2.462447,2.474403,0.004843,0.968864,1.58901,0.9995,0.943971,灰区/证据不足,否
锈蚀钢筋,7,7,1.3147,0.526863,0.790295,2.495335,2.490061,2.499798,0.003902,0.995335,1.631877,0.9995,0.948647,灰区/证据不足,否
锈蚀钢筋,7,8,1.2339,0.495041,0.742562,2.492519,2.488546,2.495715,0.002876,0.992519,1.627325,0.9995,0.948166,灰区/证据不足,否
锈蚀钢筋,7,9,1.1516,0.455572,0.683358,2.52781,2.524963,2.530243,0.002089,1.02781,1.684418,0.9995,0.95395,灰区/证据不足,否
锈蚀钢筋,7,10,1.0724,0.412522,0.618783,2.599618,2.597304,2.601493,0.001611,1.099618,1.800385,0.9995,0.9641,灰区/证据不足,否
锈蚀钢筋,7,11,0.9968,0.369876,0.554814,2.694958,2.692257,2.697379,0.001901,1.194958,1.953934,0.9995,0.974645,灰区/证据不足,否
锈蚀钢筋,7,12,0.9286,0.334058,0.501087,2.779756,2.776737,2.782601,0.00211,1.279756,2.090089,0.9995,0.981695,支持曾遭雷击,否
锈蚀钢筋,7,13,0.8733,0.323541,0.485312,2.699191,2.696953,2.701505,0.001686,1.199191,1.960741,0.9995,0.975045,支持曾遭雷击,否
锈蚀钢筋,7,14,0.817,0.301859,0.452788,2.706564,2.702605,2.710752,0.00301,1.206564,1.972584,0.9995,0.975729,支持曾遭雷击,否
锈蚀钢筋,7,15,0.7621,0.278082,0.417123,2.740562,2.735349,2.745702,0.003777,1.240562,2.027191,0.9995,0.978679,支持曾遭雷击,否
锈蚀钢筋,7,22,0.3751,0.153955,0.230932,2.43643,2.426443,2.44758,0.008675,0.93643,1.536409,0.9995,0.937781,灰区/证据不足,否
锈蚀钢筋,7,30,0.1803,0.071664,0.107495,2.515921,2.505031,2.528306,0.009251,1.015921,1.665113,0.9995,0.952055,灰区/证据不足,否
锈蚀钢筋,7,37,0.1052,0.04147,0.062205,2.536761,2.517285,2.559054,0.016466,1.036761,1.698621,0.9995,0.955305,灰区/证据不足,是
锈蚀钢筋,7,44,0.0575,0.021819,0.032728,2.63532,2.612499,2.66209,0.018818,1.13532,1.857523,0.9995,0.968382,灰区/证据不足,是
锈蚀钢筋,7,51,0.0311,0.01069,0.016036,2.90915,2.884051,2.941054,0.019594,1.40915,2.296407,0.9995,0.989174,灰区/证据不足,是
锈蚀钢筋,7,58,0.0115,0.004799,0.007198,2.396526,2.373368,2.425203,0.021629,0.896526,1.471404,0.9995,0.929409,灰区/证据不足,是
锈蚀钢筋,7,90,0.0004,0.000151,0.000227,2.648679,2.581809,2.717959,0.051403,1.148679,1.876284,0.9995,0.969692,灰区/证据不足,是
锈蚀钢筋,8,1,2.5442,0.871267,1.306901,2.920114,2.908027,2.930789,0.007795,1.420114,2.314458,0.9995,0.989679,支持曾遭雷击,否
锈蚀钢筋,8,2,2.2316,0.792209,1.188313,2.816935,2.805505,2.827132,0.007677,1.316935,2.149574,0.9995,0.984206,支持曾遭雷击,否
锈蚀钢筋,8,3,1.9575,0.719798,1.079698,2.719511,2.70867,2.729237,0.007563,1.219511,1.993327,0.9995,0.976887,支持曾遭雷击,否
锈蚀钢筋,8,4,1.8334,0.664218,0.996327,2.760237,2.750188,2.76917,0.006877,1.260237,2.058723,0.9995,0.98024,支持曾遭雷击,否
锈蚀钢筋,8,5,1.7121,0.609734,0.914601,2.807947,2.798718,2.816184,0.00622,1.307947,2.135213,0.9995,0.983628,支持曾遭雷击,否
锈蚀钢筋,8,6,1.6025,0.568723,0.853085,2.817715,2.810392,2.824037,0.004843,1.317715,2.150879,0.9995,0.984257,支持曾遭雷击,否
锈蚀钢筋,8,7,1.5004,0.526863,0.790295,2.847799,2.841779,2.852892,0.003902,1.347799,2.199032,0.9995,0.986062,支持曾遭雷击,否
锈蚀钢筋,8,8,1.4082,0.495041,0.742562,2.84461,2.840076,2.848258,0.002876,1.34461,2.193945,0.9995,0.98588,支持曾遭雷击,否
锈蚀钢筋,8,9,1.3143,0.455572,0.683358,2.884943,2.881694,2.88772,0.002089,1.384943,2.25842,0.9995,0.98804,支持曾遭雷击,否
锈蚀钢筋,8,10,1.2239,0.412522,0.618783,2.966871,2.96423,2.969011,0.001611,1.466871,2.389086,0.9995,0.991555,支持曾遭雷击,否
锈蚀钢筋,8,11,1.1376,0.369876,0.554814,3.075626,3.072544,3.078389,0.001901,1.575626,2.561909,0.9995,0.994795,支持曾遭雷击,否
锈蚀钢筋,8,12,1.0597,0.334058,0.501087,3.172203,3.168757,3.175449,0.00211,1.672203,2.714762,0.9995,0.996684,支持曾遭雷击,否
锈蚀钢筋,8,13,0.9966,0.323541,0.485312,3.080286,3.077732,3.082927,0.001686,1.580286,2.569299,0.9995,0.994905,支持曾遭雷击,否
锈蚀钢筋,8,14,0.9324,0.301859,0.452788,3.088862,3.084344,3.093641,0.00301,1.588862,2.582879,0.9995,0.995101,支持曾遭雷击,否
锈蚀钢筋,8,15,0.8697,0.278082,0.417123,3.127498,3.12155,3.133364,0.003777,1.627498,2.644056,0.9995,0.995904,支持曾遭雷击,否
锈蚀钢筋,8,22,0.4281,0.153955,0.230932,2.780687,2.769289,2.793412,0.008675,1.280687,2.091478,0.9995,0.981757,支持曾遭雷击,否
锈蚀钢筋,8,30,0.2058,0.071664,0.107495,2.87175,2.85932,2.885887,0.009251,1.37175,2.237205,0.9995,0.987364,支持曾遭雷击,否
锈蚀钢筋,8,37,0.1201,0.04147,0.062205,2.896055,2.87382,2.921505,0.016466,1.396055,2.275704,0.9995,0.988568,灰区/证据不足,是
锈蚀钢筋,8,44,0.0656,0.021819,0.032728,3.006556,2.980521,3.037097,0.018818,1.506556,2.451522,0.9995,0.992887,灰区/证据不足,是
锈蚀钢筋,8,51,0.0354,0.01069,0.016036,3.311379,3.282811,3.347695,0.019594,1.811379,2.932909,0.9995,0.998321,灰区/证据不足,是
锈蚀钢筋,8,58,0.0132,0.004799,0.007198,2.750795,2.724214,2.783712,0.021629,1.250795,2.043038,0.9995,0.979476,灰区/证据不足,是
锈蚀钢筋,8,90,0.0004,0.000151,0.000227,2.648679,2.581809,2.717959,0.051403,1.148679,1.876284,0.9995,0.969692,灰区/证据不足,是
锈蚀钢筋,9,1,2.1026,0.871267,1.306901,2.413266,2.403277,2.422088,0.007795,0.913266,1.498853,0.9995,0.933044,灰区/证据不足,否
锈蚀钢筋,9,2,1.8443,0.792209,1.188313,2.328049,2.318602,2.336476,0.007677,0.828049,1.360427,0.9995,0.913153,灰区/证据不足,否
锈蚀钢筋,9,3,1.6177,0.719798,1.079698,2.247435,2.238475,2.255473,0.007563,0.747435,1.229168,0.9995,0.890496,灰区/证据不足,否
锈蚀钢筋,9,4,1.5152,0.664218,0.996327,2.281178,2.272872,2.28856,0.006877,0.781178,1.284153,0.9995,0.900456,灰区/证据不足,否
锈蚀钢筋,9,5,1.415,0.609734,0.914601,2.320685,2.313057,2.327493,0.00622,0.820685,1.348464,0.9995,0.911245,灰区/证据不足,否
锈蚀钢筋,9,6,1.3243,0.568723,0.853085,2.328549,2.322497,2.333774,0.004843,0.828549,1.361266,0.9995,0.913285,灰区/证据不足,否
锈蚀钢筋,9,7,1.24,0.526863,0.790295,2.353553,2.348578,2.357762,0.003902,0.853553,1.401923,0.9995,0.919531,灰区/证据不足,否
锈蚀钢筋,9,8,1.1638,0.495041,0.742562,2.350914,2.347167,2.353929,0.002876,0.850914,1.39764,0.9995,0.918889,灰区/证据不足,否
锈蚀钢筋,9,9,1.0862,0.455572,0.683358,2.384254,2.381569,2.386549,0.002089,0.884254,1.451808,0.9995,0.926722,灰区/证据不足,否
锈蚀钢筋,9,10,1.0115,0.412522,0.618783,2.451989,2.449807,2.453758,0.001611,0.951989,1.56169,0.9995,0.94082,灰区/证据不足,否
锈蚀钢筋,9,11,0.9401,0.369876,0.554814,2.541663,2.539116,2.543947,0.001901,1.041663,1.706812,0.9995,0.956071,灰区/证据不足,否
锈蚀钢筋,9,12,0.8758,0.334058,0.501087,2.6217,2.618852,2.624383,0.00211,1.1217,1.83599,0.9995,0.96682,灰区/证据不足,否
锈蚀钢筋,9,13,0.8236,0.323541,0.485312,2.545579,2.543468,2.547761,0.001686,1.045579,1.713139,0.9995,0.956657,灰区/证据不足,否
锈蚀钢筋,9,14,0.7706,0.301859,0.452788,2.552849,2.549115,2.5568,0.00301,1.052849,1.72488,0.9995,0.957725,灰区/证据不足,否
锈蚀钢筋,9,15,0.7188,0.278082,0.417123,2.584852,2.579936,2.5897,0.003777,1.084852,1.776548,0.9995,0.962179,灰区/证据不足,否
锈蚀钢筋,9,22,0.3538,0.153955,0.230932,2.298078,2.288658,2.308594,0.008675,0.798078,1.311651,0.9995,0.905181,灰区/证据不足,否
锈蚀钢筋,9,30,0.1701,0.071664,0.107495,2.373589,2.363315,2.385274,0.009251,0.873589,1.434426,0.9995,0.924275,灰区/证据不足,否
锈蚀钢筋,9,37,0.0992,0.04147,0.062205,2.392079,2.373713,2.4131,0.016466,0.892079,1.464307,0.9995,0.928445,灰区/证据不足,是
锈蚀钢筋,9,44,0.0542,0.021819,0.032728,2.484076,2.462564,2.509309,0.018818,0.984076,1.613338,0.9995,0.946664,灰区/证据不足,是
锈蚀钢筋,9,51,0.0293,0.01069,0.016036,2.740774,2.717129,2.770833,0.019594,1.240774,2.027028,0.9995,0.97867,灰区/证据不足,是
锈蚀钢筋,9,58,0.0109,0.004799,0.007198,2.27149,2.24954,2.298671,0.021629,0.77149,1.268144,0.9995,0.897627,灰区/证据不足,是
锈蚀钢筋,9,90,0.0003,0.000151,0.000227,1.986509,1.936357,2.038469,0.051403,0.486509,0.801632,0.9995,0.788617,灰区/证据不足,是
锈蚀钢筋,10,1,2.9231,0.871267,1.306901,3.354998,3.34111,3.367262,0.007795,1.854998,3.002256,0.9995,0.99866,支持曾遭雷击,否
锈蚀钢筋,10,2,2.564,0.792209,1.188313,3.236521,3.223389,3.248237,0.007677,1.736521,2.816087,0.9995,0.997569,支持曾遭雷击,否
锈蚀钢筋,10,3,2.249,0.719798,1.079698,3.124486,3.11203,3.13566,0.007563,1.624486,2.63919,0.9995,0.995845,支持曾遭雷击,否
锈蚀钢筋,10,4,2.1064,0.664218,0.996327,3.171247,3.159701,3.181509,0.006877,1.671247,2.713148,0.9995,0.996668,支持曾遭雷击,否
锈蚀钢筋,10,5,1.9671,0.609734,0.914601,3.226163,3.215558,3.235626,0.00622,1.726163,2.799818,0.9995,0.997443,支持曾遭雷击,否
锈蚀钢筋,10,6,1.8411,0.568723,0.853085,3.237251,3.228838,3.244514,0.004843,1.737251,2.817332,0.9995,0.997579,支持曾遭雷击,否
锈蚀钢筋,10,7,1.7238,0.526863,0.790295,3.271818,3.264902,3.277669,0.003902,1.771818,2.87177,0.9995,0.997959,支持曾遭雷击,否
锈蚀钢筋,10,8,1.6179,0.495041,0.742562,3.268211,3.263002,3.272402,0.002876,1.768211,2.866118,0.9995,0.997922,支持曾遭雷击,否
锈蚀钢筋,10,9,1.51,0.455572,0.683358,3.314513,3.310779,3.317703,0.002089,1.814513,2.938909,0.9995,0.998353,支持曾遭雷击,否
锈蚀钢筋,10,10,1.4061,0.412522,0.618783,3.408544,3.40551,3.411003,0.001611,1.908544,3.08628,0.9995,0.998987,支持曾遭雷击,否
锈蚀钢筋,10,11,1.307,0.369876,0.554814,3.533618,3.530076,3.536792,0.001901,2.033618,3.281352,0.9995,0.999483,支持曾遭雷击,否
锈蚀钢筋,10,12,1.2175,0.334058,0.501087,3.644576,3.640617,3.648306,0.00211,2.144576,3.453484,0.9995,0.999723,支持曾遭雷击,否
锈蚀钢筋,10,13,1.145,0.323541,0.485312,3.53896,3.536026,3.541994,0.001686,2.03896,3.289662,0.9995,0.999498,支持曾遭雷击,否
锈蚀钢筋,10,14,1.0713,0.301859,0.452788,3.549011,3.543819,3.554502,0.00301,2.049011,3.305264,0.9995,0.999526,支持曾遭雷击,否
锈蚀钢筋,10,15,0.9993,0.278082,0.417123,3.593548,3.586714,3.600288,0.003777,2.093548,3.374393,0.9995,0.99963,支持曾遭雷击,否
锈蚀钢筋,10,22,0.4919,0.153955,0.230932,3.195094,3.181998,3.209716,0.008675,1.695094,2.750729,0.9995,0.997027,支持曾遭雷击,否
锈蚀钢筋,10,30,0.2364,0.071664,0.107495,3.298744,3.284467,3.314984,0.009251,1.798744,2.913907,0.9995,0.998215,支持曾遭雷击,否
锈蚀钢筋,10,37,0.138,0.04147,0.062205,3.32769,3.302141,3.356933,0.016466,1.82769,2.958816,0.9995,0.998456,灰区/证据不足,是
锈蚀钢筋,10,44,0.0753,0.021819,0.032728,3.451124,3.421238,3.48618,0.018818,1.951124,3.151623,0.9995,0.999188,灰区/证据不足,是
锈蚀钢筋,10,51,0.0407,0.01069,0.016036,3.807151,3.774305,3.848904,0.019594,2.307151,3.702309,0.9995,0.999893,灰区/证据不足,是
锈蚀钢筋,10,58,0.0151,0.004799,0.007198,3.146743,3.116335,3.184397,0.021629,1.646743,2.673518,0.9995,0.996247,灰区/证据不足,是
锈蚀钢筋,10,90,0.0005,0.000151,0.000227,3.310848,3.227261,3.397449,0.051403,1.810848,2.925576,0.9995,0.998281,灰区/证据不足,是
