样品类型,样品编号,测量天数,观测剩磁(mT),保留率R,动态阈值(mT),反推初值点估计(mT),反推初值下界(mT),反推初值上界(mT),区间相对宽度,三区域判定,辅助概率,高风险提示
小号铁钉,1,1,2.1788,0.875958,0.875958,2.487333,2.480031,2.4944,0.005777,支持曾遭雷击,1.0,否
小号铁钉,1,2,1.9523,0.808559,0.808559,2.414542,2.407396,2.42145,0.005821,支持曾遭雷击,1.0,否
小号铁钉,1,3,1.7493,0.745802,0.745802,2.34553,2.338356,2.352492,0.006027,支持曾遭雷击,1.0,否
小号铁钉,1,4,1.6555,0.698656,0.698656,2.36955,2.36322,2.375705,0.005269,支持曾遭雷击,1.0,否
小号铁钉,1,5,1.5628,0.651078,0.651078,2.400327,2.394465,2.406007,0.004808,支持曾遭雷击,1.0,否
小号铁钉,1,6,1.4781,0.616501,0.616501,2.397562,2.393314,2.401635,0.003471,支持曾遭雷击,1.0,否
小号铁钉,1,7,1.3985,0.57979,0.57979,2.412079,2.408947,2.415082,0.002543,支持曾遭雷击,1.0,否
小号铁钉,1,8,1.3258,0.553038,0.553038,2.397304,2.396073,2.39847,0.001,支持曾遭雷击,1.0,否
小号铁钉,1,9,1.251,0.516667,0.516667,2.421288,2.420508,2.422114,0.000663,支持曾遭雷击,1.0,否
小号铁钉,1,10,1.1781,0.474942,0.474942,2.480511,2.479638,2.481415,0.000716,支持曾遭雷击,1.0,否
小号铁钉,1,11,1.1079,0.432305,0.432305,2.562776,2.561031,2.564511,0.001358,支持曾遭雷击,1.0,否
小号铁钉,1,12,1.0437,0.396366,0.396366,2.633174,2.630774,2.635619,0.00184,支持曾遭雷击,1.0,否
小号铁钉,1,13,0.9911,0.389712,0.389712,2.543158,2.541091,2.545323,0.001664,支持曾遭雷击,1.0,否
小号铁钉,1,14,0.9371,0.369112,0.369112,2.538795,2.535056,2.54267,0.002999,支持曾遭雷击,1.0,否
小号铁钉,1,15,0.8838,0.345197,0.345197,2.560277,2.555599,2.56512,0.003719,支持曾遭雷击,1.0,否
小号铁钉,1,22,0.4879,0.212358,0.212358,2.297533,2.288977,2.306167,0.007482,支持曾遭雷击,1.0,否
小号铁钉,1,30,0.2638,0.111506,0.111506,2.365802,2.357829,2.373945,0.006812,支持曾遭雷击,1.0,否
小号铁钉,1,37,0.1678,0.071699,0.071699,2.340329,2.325771,2.3553,0.012617,支持曾遭雷击,1.0,否
小号铁钉,1,44,0.1009,0.041917,0.041917,2.407113,2.391391,2.423545,0.013358,灰区/证据不足,1.0,是
小号铁钉,1,51,0.0602,0.022821,0.022821,2.637914,2.623402,2.652524,0.01104,灰区/证据不足,1.0,是
小号铁钉,1,58,0.0263,0.011383,0.011383,2.31056,2.30372,2.31739,0.005916,灰区/证据不足,1.0,是
小号铁钉,1,90,0.0014,0.00058,0.00058,2.413728,2.379502,2.44427,0.026833,灰区/证据不足,1.0,是
小号铁钉,2,1,3.3088,0.875958,0.875958,3.777349,3.76626,3.788081,0.005777,支持曾遭雷击,1.0,否
小号铁钉,2,2,2.9648,0.808559,0.808559,3.66677,3.655917,3.67726,0.005821,支持曾遭雷击,1.0,否
小号铁钉,2,3,2.6566,0.745802,0.745802,3.562073,3.551178,3.572646,0.006027,支持曾遭雷击,1.0,否
小号铁钉,2,4,2.5142,0.698656,0.698656,3.598624,3.589011,3.607972,0.005269,支持曾遭雷击,1.0,否
小号铁钉,2,5,2.3734,0.651078,0.651078,3.645339,3.636437,3.653965,0.004808,支持曾遭雷击,1.0,否
小号铁钉,2,6,2.2448,0.616501,0.616501,3.641193,3.634741,3.647378,0.003471,支持曾遭雷击,1.0,否
小号铁钉,2,7,2.1238,0.57979,0.57979,3.663049,3.658292,3.667608,0.002543,支持曾遭雷击,1.0,否
小号铁钉,2,8,2.0134,0.553038,0.553038,3.640618,3.638749,3.64239,0.001,支持曾遭雷击,1.0,否
小号铁钉,2,9,1.8998,0.516667,0.516667,3.677029,3.675843,3.678283,0.000663,支持曾遭雷击,1.0,否
小号铁钉,2,10,1.7892,0.474942,0.474942,3.767193,3.765868,3.768566,0.000716,支持曾遭雷击,1.0,否
小号铁钉,2,11,1.6825,0.432305,0.432305,3.891931,3.889281,3.894566,0.001358,支持曾遭雷击,1.0,否
小号铁钉,2,12,1.585,0.396366,0.396366,3.998832,3.995187,4.002544,0.00184,支持曾遭雷击,1.0,否
小号铁钉,2,13,1.5051,0.389712,0.389712,3.86208,3.85894,3.865367,0.001664,支持曾遭雷击,1.0,否
小号铁钉,2,14,1.4231,0.369112,0.369112,3.855468,3.84979,3.861353,0.002999,支持曾遭雷击,1.0,否
小号铁钉,2,15,1.3422,0.345197,0.345197,3.888214,3.88111,3.89557,0.003719,支持曾遭雷击,1.0,否
小号铁钉,2,22,0.741,0.212358,0.212358,3.489386,3.476393,3.5025,0.007482,支持曾遭雷击,1.0,否
小号铁钉,2,30,0.4007,0.111506,0.111506,3.593544,3.581433,3.605913,0.006812,支持曾遭雷击,1.0,否
小号铁钉,2,37,0.2548,0.071699,0.071699,3.55373,3.531624,3.576463,0.012617,支持曾遭雷击,1.0,否
小号铁钉,2,44,0.1533,0.041917,0.041917,3.65719,3.633303,3.682155,0.013358,灰区/证据不足,1.0,是
小号铁钉,2,51,0.0915,0.022821,0.022821,4.009454,3.987397,4.031661,0.01104,灰区/证据不足,1.0,是
小号铁钉,2,58,0.04,0.011383,0.011383,3.514159,3.503757,3.524548,0.005916,灰区/证据不足,1.0,是
小号铁钉,2,90,0.0022,0.00058,0.00058,3.793002,3.739217,3.840996,0.026833,灰区/证据不足,1.0,是
小号铁钉,3,1,2.8798,0.875958,0.875958,3.2876,3.277948,3.29694,0.005777,支持曾遭雷击,1.0,否
小号铁钉,3,2,2.5805,0.808559,0.808559,3.19148,3.182034,3.20061,0.005821,支持曾遭雷击,1.0,否
小号铁钉,3,3,2.3122,0.745802,0.745802,3.100288,3.090806,3.109491,0.006027,支持曾遭雷击,1.0,否
小号铁钉,3,4,2.1882,0.698656,0.698656,3.132014,3.123647,3.14015,0.005269,支持曾遭雷击,1.0,否
小号铁钉,3,5,2.0657,0.651078,0.651078,3.172739,3.16499,3.180246,0.004808,支持曾遭雷击,1.0,否
小号铁钉,3,6,1.9538,0.616501,0.616501,3.169175,3.163559,3.174558,0.003471,支持曾遭雷击,1.0,否
小号铁钉,3,7,1.8484,0.57979,0.57979,3.188049,3.183909,3.192018,0.002543,支持曾遭雷击,1.0,否
小号铁钉,3,8,1.7524,0.553038,0.553038,3.16868,3.167053,3.170221,0.001,支持曾遭雷击,1.0,否
小号铁钉,3,9,1.6535,0.516667,0.516667,3.20032,3.199288,3.201411,0.000663,支持曾遭雷击,1.0,否
小号铁钉,3,10,1.5572,0.474942,0.474942,3.278713,3.277559,3.279908,0.000716,支持曾遭雷击,1.0,否
小号铁钉,3,11,1.4643,0.432305,0.432305,3.387194,3.384888,3.389488,0.001358,支持曾遭雷击,1.0,否
小号铁钉,3,12,1.3795,0.396366,0.396366,3.480371,3.477199,3.483603,0.00184,支持曾遭雷击,1.0,否
小号铁钉,3,13,1.31,0.389712,0.389712,3.361454,3.358722,3.364315,0.001664,支持曾遭雷击,1.0,否
小号铁钉,3,14,1.2386,0.369112,0.369112,3.35562,3.350678,3.360742,0.002999,支持曾遭雷击,1.0,否
小号铁钉,3,15,1.1682,0.345197,0.345197,3.384154,3.377971,3.390556,0.003719,支持曾遭雷击,1.0,否
小号铁钉,3,22,0.6449,0.212358,0.212358,3.036849,3.025541,3.048262,0.007482,支持曾遭雷击,1.0,否
小号铁钉,3,30,0.3487,0.111506,0.111506,3.1272,3.11666,3.137963,0.006812,支持曾遭雷击,1.0,否
小号铁钉,3,37,0.2217,0.071699,0.071699,3.09208,3.072846,3.11186,0.012617,支持曾遭雷击,1.0,否
小号铁钉,3,44,0.1334,0.041917,0.041917,3.182447,3.161661,3.204172,0.013358,灰区/证据不足,1.0,是
小号铁钉,3,51,0.0796,0.022821,0.022821,3.488006,3.468817,3.507325,0.01104,灰区/证据不足,1.0,是
小号铁钉,3,58,0.0348,0.011383,0.011383,3.057319,3.048269,3.066357,0.005916,灰区/证据不足,1.0,是
小号铁钉,3,90,0.0019,0.00058,0.00058,3.275774,3.229324,3.317223,0.026833,灰区/证据不足,1.0,是
小号铁钉,4,1,2.6183,0.875958,0.875958,2.989069,2.980294,2.997562,0.005777,支持曾遭雷击,1.0,否
小号铁钉,4,2,2.3461,0.808559,0.808559,2.901582,2.892993,2.909882,0.005821,支持曾遭雷击,1.0,否
小号铁钉,4,3,2.1023,0.745802,0.745802,2.818846,2.810224,2.827213,0.006027,支持曾遭雷击,1.0,否
小号铁钉,4,4,1.9895,0.698656,0.698656,2.84761,2.840004,2.855008,0.005269,支持曾遭雷击,1.0,否
小号铁钉,4,5,1.8781,0.651078,0.651078,2.884601,2.877556,2.891426,0.004808,支持曾遭雷击,1.0,否
小号铁钉,4,6,1.7763,0.616501,0.616501,2.88126,2.876154,2.886154,0.003471,支持曾遭雷击,1.0,否
小号铁钉,4,7,1.6806,0.57979,0.57979,2.898634,2.89487,2.902242,0.002543,支持曾遭雷击,1.0,否
小号铁钉,4,8,1.5932,0.553038,0.553038,2.880815,2.879336,2.882217,0.001,支持曾遭雷击,1.0,否
小号铁钉,4,9,1.5033,0.516667,0.516667,2.90961,2.908672,2.910603,0.000663,支持曾遭雷击,1.0,否
小号铁钉,4,10,1.4158,0.474942,0.474942,2.980992,2.979944,2.982079,0.000716,支持曾遭雷击,1.0,否
小号铁钉,4,11,1.3314,0.432305,0.432305,3.079772,3.077675,3.081858,0.001358,支持曾遭雷击,1.0,否
小号铁钉,4,12,1.2543,0.396366,0.396366,3.164501,3.161617,3.167439,0.00184,支持曾遭雷击,1.0,否
小号铁钉,4,13,1.191,0.389712,0.389712,3.056101,3.053616,3.058702,0.001664,支持曾遭雷击,1.0,否
小号铁钉,4,14,1.1261,0.369112,0.369112,3.050834,3.046341,3.055491,0.002999,支持曾遭雷击,1.0,否
小号铁钉,4,15,1.0621,0.345197,0.345197,3.076793,3.071172,3.082614,0.003719,支持曾遭雷击,1.0,否
小号铁钉,4,22,0.5864,0.212358,0.212358,2.761371,2.751089,2.771749,0.007482,支持曾遭雷击,1.0,否
小号铁钉,4,30,0.3171,0.111506,0.111506,2.843806,2.834221,2.853593,0.006812,支持曾遭雷击,1.0,否
小号铁钉,4,37,0.2016,0.071699,0.071699,2.811742,2.794252,2.829729,0.012617,支持曾遭雷击,1.0,否
小号铁钉,4,44,0.1213,0.041917,0.041917,2.893784,2.874884,2.913538,0.013358,灰区/证据不足,1.0,是
小号铁钉,4,51,0.0724,0.022821,0.022821,3.172508,3.155055,3.190079,0.01104,灰区/证据不足,1.0,是
小号铁钉,4,58,0.0317,0.011383,0.011383,2.784971,2.776728,2.793204,0.005916,灰区/证据不足,1.0,是
小号铁钉,4,90,0.0017,0.00058,0.00058,2.930956,2.889395,2.968042,0.026833,灰区/证据不足,1.0,是
小号铁钉,5,1,1.7502,0.875958,0.875958,1.99804,1.992175,2.003717,0.005777,支持曾遭雷击,1.0,否
小号铁钉,5,2,1.5683,0.808559,0.808559,1.939623,1.933882,1.945172,0.005821,支持曾遭雷击,1.0,否
小号铁钉,5,3,1.4052,0.745802,0.745802,1.884147,1.878384,1.88974,0.006027,支持曾遭雷击,1.0,否
小号铁钉,5,4,1.3299,0.698656,0.698656,1.903512,1.898427,1.908457,0.005269,支持曾遭雷击,1.0,否
小号铁钉,5,5,1.2554,0.651078,0.651078,1.928187,1.923478,1.932749,0.004808,支持曾遭雷击,1.0,否
小号铁钉,5,6,1.1874,0.616501,0.616501,1.92603,1.922617,1.929302,0.003471,支持曾遭雷击,1.0,否
小号铁钉,5,7,1.1234,0.57979,0.57979,1.937597,1.935081,1.940009,0.002543,支持曾遭雷击,1.0,否
小号铁钉,5,8,1.065,0.553038,0.553038,1.925727,1.924738,1.926664,0.001,支持曾遭雷击,1.0,否
小号铁钉,5,9,1.0049,0.516667,0.516667,1.944966,1.944339,1.945629,0.000663,支持曾遭雷击,1.0,否
小号铁钉,5,10,0.9464,0.474942,0.474942,1.992662,1.991961,1.993388,0.000716,支持曾遭雷击,1.0,否
小号铁钉,5,11,0.8899,0.432305,0.432305,2.058502,2.0571,2.059896,0.001358,支持曾遭雷击,1.0,否
小号铁钉,5,12,0.8384,0.396366,0.396366,2.115218,2.11329,2.117182,0.00184,支持曾遭雷击,1.0,否
小号铁钉,5,13,0.7961,0.389712,0.389712,2.042789,2.041128,2.044528,0.001664,支持曾遭雷击,1.0,否
小号铁钉,5,14,0.7528,0.369112,0.369112,2.039489,2.036485,2.042602,0.002999,支持曾遭雷击,1.0,否
小号铁钉,5,15,0.7099,0.345197,0.345197,2.056507,2.052749,2.060397,0.003719,支持曾遭雷击,1.0,否
小号铁钉,5,22,0.392,0.212358,0.212358,1.845937,1.839063,1.852874,0.007482,支持曾遭雷击,1.0,否
小号铁钉,5,30,0.2119,0.111506,0.111506,1.900354,1.89395,1.906895,0.006812,支持曾遭雷击,1.0,否
小号铁钉,5,37,0.1348,0.071699,0.071699,1.880074,1.868379,1.8921,0.012617,支持曾遭雷击,1.0,否
小号铁钉,5,44,0.0811,0.041917,0.041917,1.934756,1.922119,1.947963,0.013358,灰区/证据不足,1.0,是
小号铁钉,5,51,0.0484,0.022821,0.022821,2.120848,2.10918,2.132594,0.01104,灰区/证据不足,1.0,是
小号铁钉,5,58,0.0212,0.011383,0.011383,1.862504,1.856991,1.86801,0.005916,灰区/证据不足,1.0,是
小号铁钉,5,90,0.0012,0.00058,0.00058,2.06891,2.039573,2.095088,0.026833,灰区/证据不足,1.0,是
小号铁钉,6,1,1.7501,0.875958,0.875958,1.997926,1.992061,2.003603,0.005777,支持曾遭雷击,1.0,否
小号铁钉,6,2,1.5682,0.808559,0.808559,1.9395,1.933759,1.945048,0.005821,支持曾遭雷击,1.0,否
小号铁钉,6,3,1.4052,0.745802,0.745802,1.884147,1.878384,1.88974,0.006027,支持曾遭雷击,1.0,否
小号铁钉,6,4,1.3298,0.698656,0.698656,1.903369,1.898284,1.908313,0.005269,支持曾遭雷击,1.0,否
小号铁钉,6,5,1.2554,0.651078,0.651078,1.928187,1.923478,1.932749,0.004808,支持曾遭雷击,1.0,否
小号铁钉,6,6,1.1874,0.616501,0.616501,1.92603,1.922617,1.929302,0.003471,支持曾遭雷击,1.0,否
小号铁钉,6,7,1.1233,0.57979,0.57979,1.937425,1.934909,1.939836,0.002543,支持曾遭雷击,1.0,否
小号铁钉,6,8,1.065,0.553038,0.553038,1.925727,1.924738,1.926664,0.001,支持曾遭雷击,1.0,否
小号铁钉,6,9,1.0049,0.516667,0.516667,1.944966,1.944339,1.945629,0.000663,支持曾遭雷击,1.0,否
小号铁钉,6,10,0.9464,0.474942,0.474942,1.992662,1.991961,1.993388,0.000716,支持曾遭雷击,1.0,否
小号铁钉,6,11,0.8899,0.432305,0.432305,2.058502,2.0571,2.059896,0.001358,支持曾遭雷击,1.0,否
小号铁钉,6,12,0.8384,0.396366,0.396366,2.115218,2.11329,2.117182,0.00184,支持曾遭雷击,1.0,否
小号铁钉,6,13,0.7961,0.389712,0.389712,2.042789,2.041128,2.044528,0.001664,支持曾遭雷击,1.0,否
小号铁钉,6,14,0.7527,0.369112,0.369112,2.039218,2.036214,2.04233,0.002999,支持曾遭雷击,1.0,否
小号铁钉,6,15,0.7099,0.345197,0.345197,2.056507,2.052749,2.060397,0.003719,支持曾遭雷击,1.0,否
小号铁钉,6,22,0.3919,0.212358,0.212358,1.845466,1.838594,1.852402,0.007482,支持曾遭雷击,1.0,否
小号铁钉,6,30,0.2119,0.111506,0.111506,1.900354,1.89395,1.906895,0.006812,支持曾遭雷击,1.0,否
小号铁钉,6,37,0.1348,0.071699,0.071699,1.880074,1.868379,1.8921,0.012617,支持曾遭雷击,1.0,否
小号铁钉,6,44,0.0811,0.041917,0.041917,1.934756,1.922119,1.947963,0.013358,灰区/证据不足,1.0,是
小号铁钉,6,51,0.0484,0.022821,0.022821,2.120848,2.10918,2.132594,0.01104,灰区/证据不足,1.0,是
小号铁钉,6,58,0.0212,0.011383,0.011383,1.862504,1.856991,1.86801,0.005916,灰区/证据不足,1.0,是
小号铁钉,6,90,0.0012,0.00058,0.00058,2.06891,2.039573,2.095088,0.026833,灰区/证据不足,1.0,是
小号铁钉,7,1,1.5581,0.875958,0.875958,1.778738,1.773516,1.783791,0.005777,支持曾遭雷击,1.0,否
小号铁钉,7,2,1.3961,0.808559,0.808559,1.726652,1.721541,1.731592,0.005821,支持曾遭雷击,1.0,否
小号铁钉,7,3,1.251,0.745802,0.745802,1.67739,1.672259,1.682369,0.006027,支持曾遭雷击,1.0,否
小号铁钉,7,4,1.1839,0.698656,0.698656,1.694539,1.690013,1.698941,0.005269,支持曾遭雷击,1.0,否
小号铁钉,7,5,1.1176,0.651078,0.651078,1.716538,1.712346,1.7206,0.004808,支持曾遭雷击,1.0,否
小号铁钉,7,6,1.0571,0.616501,0.616501,1.714676,1.711638,1.717589,0.003471,支持曾遭雷击,1.0,否
小号铁钉,7,7,1.0001,0.57979,0.57979,1.724934,1.722694,1.727081,0.002543,支持曾遭雷击,1.0,否
小号铁钉,7,8,0.9481,0.553038,0.553038,1.714349,1.713469,1.715183,0.001,支持曾遭雷击,1.0,否
小号铁钉,7,9,0.8946,0.516667,0.516667,1.731482,1.730924,1.732073,0.000663,支持曾遭雷击,1.0,否
小号铁钉,7,10,0.8425,0.474942,0.474942,1.773899,1.773275,1.774545,0.000716,支持曾遭雷击,1.0,否
小号铁钉,7,11,0.7923,0.432305,0.432305,1.832735,1.831487,1.833976,0.001358,支持曾遭雷击,1.0,否
小号铁钉,7,12,0.7464,0.396366,0.396366,1.883109,1.881393,1.884857,0.00184,支持曾遭雷击,1.0,否
小号铁钉,7,13,0.7088,0.389712,0.389712,1.818778,1.817299,1.820326,0.001664,支持曾遭雷击,1.0,否
小号铁钉,7,14,0.6701,0.369112,0.369112,1.815438,1.812764,1.818209,0.002999,支持曾遭雷击,1.0,否
小号铁钉,7,15,0.632,0.345197,0.345197,1.830838,1.827493,1.834302,0.003719,支持曾遭雷击,1.0,否
小号铁钉,7,22,0.3489,0.212358,0.212358,1.642978,1.63686,1.649153,0.007482,支持曾遭雷击,1.0,否
小号铁钉,7,30,0.1887,0.111506,0.111506,1.692293,1.686589,1.698118,0.006812,支持曾遭雷击,1.0,否
小号铁钉,7,37,0.12,0.071699,0.071699,1.673656,1.663245,1.684362,0.012617,支持曾遭雷击,1.0,否
小号铁钉,7,44,0.0722,0.041917,0.041917,1.722434,1.711184,1.734192,0.013358,灰区/证据不足,1.0,是
小号铁钉,7,51,0.0431,0.022821,0.022821,1.888606,1.878216,1.899066,0.01104,灰区/证据不足,1.0,是
小号铁钉,7,58,0.0188,0.011383,0.011383,1.651655,1.646766,1.656538,0.005916,灰区/证据不足,1.0,是
小号铁钉,7,90,0.001,0.00058,0.00058,1.724092,1.699644,1.745907,0.026833,灰区/证据不足,1.0,是
小号铁钉,8,1,3.143,0.875958,0.875958,3.588071,3.577537,3.598265,0.005777,支持曾遭雷击,1.0,否
小号铁钉,8,2,2.8163,0.808559,0.808559,3.48311,3.472801,3.493074,0.005821,支持曾遭雷击,1.0,否
小号铁钉,8,3,2.5235,0.745802,0.745802,3.383607,3.373258,3.393651,0.006027,支持曾遭雷击,1.0,否
小号铁钉,8,4,2.3882,0.698656,0.698656,3.418277,3.409146,3.427157,0.005269,支持曾遭雷击,1.0,否
小号铁钉,8,5,2.2545,0.651078,0.651078,3.462719,3.454263,3.470912,0.004808,支持曾遭雷击,1.0,否
小号铁钉,8,6,2.1323,0.616501,0.616501,3.458712,3.452583,3.464587,0.003471,支持曾遭雷击,1.0,否
小号铁钉,8,7,2.0173,0.57979,0.57979,3.479361,3.474843,3.483693,0.002543,支持曾遭雷击,1.0,否
小号铁钉,8,8,1.9125,0.553038,0.553038,3.458172,3.456396,3.459854,0.001,支持曾遭雷击,1.0,否
小号铁钉,8,9,1.8046,0.516667,0.516667,3.492771,3.491645,3.493962,0.000663,支持曾遭雷击,1.0,否
小号铁钉,8,10,1.6995,0.474942,0.474942,3.578328,3.577069,3.579632,0.000716,支持曾遭雷击,1.0,否
小号铁钉,8,11,1.5981,0.432305,0.432305,3.696698,3.694181,3.699201,0.001358,支持曾遭雷击,1.0,否
小号铁钉,8,12,1.5056,0.396366,0.396366,3.798512,3.79505,3.802038,0.00184,支持曾遭雷击,1.0,否
小号铁钉,8,13,1.4297,0.389712,0.389712,3.668604,3.665622,3.671726,0.001664,支持曾遭雷击,1.0,否
小号铁钉,8,14,1.3518,0.369112,0.369112,3.662302,3.656908,3.667892,0.002999,支持曾遭雷击,1.0,否
小号铁钉,8,15,1.2749,0.345197,0.345197,3.693253,3.686505,3.70024,0.003719,支持曾遭雷击,1.0,否
小号铁钉,8,22,0.7039,0.212358,0.212358,3.314682,3.302339,3.327138,0.007482,支持曾遭雷击,1.0,否
小号铁钉,8,30,0.3806,0.111506,0.111506,3.413284,3.40178,3.425032,0.006812,支持曾遭雷击,1.0,否
小号铁钉,8,37,0.242,0.071699,0.071699,3.375206,3.354212,3.396798,0.012617,支持曾遭雷击,1.0,否
小号铁钉,8,44,0.1456,0.041917,0.041917,3.473495,3.450808,3.497207,0.013358,灰区/证据不足,1.0,是
小号铁钉,8,51,0.0869,0.022821,0.022821,3.807886,3.786938,3.828976,0.01104,灰区/证据不足,1.0,是
小号铁钉,8,58,0.038,0.011383,0.011383,3.338451,3.328569,3.348321,0.005916,灰区/证据不足,1.0,是
小号铁钉,8,90,0.0021,0.00058,0.00058,3.620592,3.569253,3.666405,0.026833,灰区/证据不足,1.0,是
小号铁钉,9,1,2.6231,0.875958,0.875958,2.994549,2.985758,3.003057,0.005777,支持曾遭雷击,1.0,否
小号铁钉,9,2,2.3505,0.808559,0.808559,2.907023,2.898419,2.91534,0.005821,支持曾遭雷击,1.0,否
小号铁钉,9,3,2.1061,0.745802,0.745802,2.823941,2.815304,2.832324,0.006027,支持曾遭雷击,1.0,否
小号铁钉,9,4,1.9932,0.698656,0.698656,2.852906,2.845285,2.860317,0.005269,支持曾遭雷击,1.0,否
小号铁钉,9,5,1.8816,0.651078,0.651078,2.889977,2.882919,2.896815,0.004808,支持曾遭雷击,1.0,否
小号铁钉,9,6,1.7796,0.616501,0.616501,2.886612,2.881497,2.891516,0.003471,支持曾遭雷击,1.0,否
小号铁钉,9,7,1.6837,0.57979,0.57979,2.903981,2.90021,2.907596,0.002543,支持曾遭雷击,1.0,否
小号铁钉,9,8,1.5962,0.553038,0.553038,2.88624,2.884758,2.887644,0.001,支持曾遭雷击,1.0,否
小号铁钉,9,9,1.5061,0.516667,0.516667,2.91503,2.91409,2.916024,0.000663,支持曾遭雷击,1.0,否
小号铁钉,9,10,1.4184,0.474942,0.474942,2.986467,2.985416,2.987555,0.000716,支持曾遭雷击,1.0,否
小号铁钉,9,11,1.3338,0.432305,0.432305,3.085324,3.083223,3.087413,0.001358,支持曾遭雷击,1.0,否
小号铁钉,9,12,1.2566,0.396366,0.396366,3.170304,3.167415,3.173247,0.00184,支持曾遭雷击,1.0,否
小号铁钉,9,13,1.1932,0.389712,0.389712,3.061746,3.059257,3.064352,0.001664,支持曾遭雷击,1.0,否
小号铁钉,9,14,1.1282,0.369112,0.369112,3.056524,3.052022,3.061189,0.002999,支持曾遭雷击,1.0,否
小号铁钉,9,15,1.064,0.345197,0.345197,3.082297,3.076666,3.088129,0.003719,支持曾遭雷击,1.0,否
小号铁钉,9,22,0.5875,0.212358,0.212358,2.766551,2.756249,2.776948,0.007482,支持曾遭雷击,1.0,否
小号铁钉,9,30,0.3176,0.111506,0.111506,2.84829,2.83869,2.858093,0.006812,支持曾遭雷击,1.0,否
小号铁钉,9,37,0.202,0.071699,0.071699,2.817321,2.799796,2.835343,0.012617,支持曾遭雷击,1.0,否
小号铁钉,9,44,0.1215,0.041917,0.041917,2.898555,2.879624,2.918342,0.013358,灰区/证据不足,1.0,是
小号铁钉,9,51,0.0725,0.022821,0.022821,3.17689,3.159413,3.194485,0.01104,灰区/证据不足,1.0,是
小号铁钉,9,58,0.0317,0.011383,0.011383,2.784971,2.776728,2.793204,0.005916,灰区/证据不足,1.0,是
小号铁钉,9,90,0.0017,0.00058,0.00058,2.930956,2.889395,2.968042,0.026833,灰区/证据不足,1.0,是
小号铁钉,10,1,2.8329,0.875958,0.875958,3.234058,3.224564,3.243247,0.005777,支持曾遭雷击,1.0,否
小号铁钉,10,2,2.5384,0.808559,0.808559,3.139412,3.13012,3.148393,0.005821,支持曾遭雷击,1.0,否
小号铁钉,10,3,2.2745,0.745802,0.745802,3.049739,3.040411,3.058791,0.006027,支持曾遭雷击,1.0,否
小号铁钉,10,4,2.1526,0.698656,0.698656,3.081059,3.072828,3.089062,0.005269,支持曾遭雷击,1.0,否
小号铁钉,10,5,2.0321,0.651078,0.651078,3.121132,3.11351,3.128517,0.004808,支持曾遭雷击,1.0,否
小号铁钉,10,6,1.9219,0.616501,0.616501,3.117431,3.111907,3.122726,0.003471,支持曾遭雷击,1.0,否
小号铁钉,10,7,1.8183,0.57979,0.57979,3.136134,3.132061,3.140038,0.002543,支持曾遭雷击,1.0,否
小号铁钉,10,8,1.7238,0.553038,0.553038,3.116965,3.115365,3.118482,0.001,支持曾遭雷击,1.0,否
小号铁钉,10,9,1.6265,0.516667,0.516667,3.148062,3.147047,3.149135,0.000663,支持曾遭雷击,1.0,否
小号铁钉,10,10,1.5319,0.474942,0.474942,3.225443,3.224309,3.226619,0.000716,支持曾遭雷击,1.0,否
小号铁钉,10,11,1.4405,0.432305,0.432305,3.332141,3.329872,3.334397,0.001358,支持曾遭雷击,1.0,否
小号铁钉,10,12,1.3571,0.396366,0.396366,3.423858,3.420737,3.427037,0.00184,支持曾遭雷击,1.0,否
小号铁钉,10,13,1.2886,0.389712,0.389712,3.306542,3.303854,3.309356,0.001664,支持曾遭雷击,1.0,否
小号铁钉,10,14,1.2184,0.369112,0.369112,3.300894,3.296033,3.305933,0.002999,支持曾遭雷击,1.0,否
小号铁钉,10,15,1.1491,0.345197,0.345197,3.328823,3.322741,3.335121,0.003719,支持曾遭雷击,1.0,否
小号铁钉,10,22,0.6344,0.212358,0.212358,2.987404,2.97628,2.998631,0.007482,支持曾遭雷击,1.0,否
小号铁钉,10,30,0.343,0.111506,0.111506,3.076081,3.065714,3.086668,0.006812,支持曾遭雷击,1.0,否
小号铁钉,10,37,0.2181,0.071699,0.071699,3.04187,3.022948,3.061329,0.012617,支持曾遭雷击,1.0,否
小号铁钉,10,44,0.1313,0.041917,0.041917,3.132348,3.11189,3.153731,0.013358,灰区/证据不足,1.0,是
小号铁钉,10,51,0.0783,0.022821,0.022821,3.431041,3.412166,3.450044,0.01104,灰区/证据不足,1.0,是
小号铁钉,10,58,0.0342,0.011383,0.011383,3.004606,2.995712,3.013489,0.005916,灰区/证据不足,1.0,是
小号铁钉,10,90,0.0019,0.00058,0.00058,3.275774,3.229324,3.317223,0.026833,灰区/证据不足,1.0,是
小号铁钉,11,1,1.4846,0.875958,0.875958,1.69483,1.689854,1.699645,0.005777,支持曾遭雷击,1.0,否
小号铁钉,11,2,1.3302,0.808559,0.808559,1.645149,1.64028,1.649855,0.005821,支持曾遭雷击,1.0,否
小号铁钉,11,3,1.192,0.745802,0.745802,1.59828,1.593392,1.603024,0.006027,支持曾遭雷击,1.0,否
小号铁钉,11,4,1.128,0.698656,0.698656,1.614528,1.610216,1.618723,0.005269,支持曾遭雷击,1.0,否
小号铁钉,11,5,1.0649,0.651078,0.651078,1.635595,1.631601,1.639465,0.004808,支持曾遭雷击,1.0,否
小号铁钉,11,6,1.0072,0.616501,0.616501,1.633736,1.630841,1.636511,0.003471,支持曾遭雷击,1.0,否
小号铁钉,11,7,0.9529,0.57979,0.57979,1.643525,1.641391,1.645571,0.002543,支持曾遭雷击,1.0,否
小号铁钉,11,8,0.9034,0.553038,0.553038,1.633523,1.632684,1.634317,0.001,支持曾遭雷击,1.0,否
小号铁钉,11,9,0.8524,0.516667,0.516667,1.649805,1.649273,1.650368,0.000663,支持曾遭雷击,1.0,否
小号铁钉,11,10,0.8028,0.474942,0.474942,1.69031,1.689715,1.690926,0.000716,支持曾遭雷击,1.0,否
小号铁钉,11,11,0.7549,0.432305,0.432305,1.746222,1.745033,1.747404,0.001358,支持曾遭雷击,1.0,否
小号铁钉,11,12,0.7112,0.396366,0.396366,1.794302,1.792667,1.795968,0.00184,支持曾遭雷击,1.0,否
小号铁钉,11,13,0.6753,0.389712,0.389712,1.732817,1.731408,1.734292,0.001664,支持曾遭雷击,1.0,否
小号铁钉,11,14,0.6385,0.369112,0.369112,1.729827,1.727279,1.732467,0.002999,支持曾遭雷击,1.0,否
小号铁钉,11,15,0.6022,0.345197,0.345197,1.744511,1.741324,1.747811,0.003719,支持曾遭雷击,1.0,否
小号铁钉,11,22,0.3325,0.212358,0.212358,1.56575,1.55992,1.571635,0.007482,支持曾遭雷击,1.0,否
小号铁钉,11,30,0.1798,0.111506,0.111506,1.612476,1.607042,1.618026,0.006812,支持曾遭雷击,1.0,否
小号铁钉,11,37,0.1143,0.071699,0.071699,1.594157,1.584241,1.604355,0.012617,支持曾遭雷击,1.0,否
小号铁钉,11,44,0.0688,0.041917,0.041917,1.641322,1.630602,1.652526,0.013358,灰区/证据不足,1.0,是
小号铁钉,11,51,0.041,0.022821,0.022821,1.796586,1.786702,1.806537,0.01104,灰区/证据不足,1.0,是
小号铁钉,11,58,0.0179,0.011383,0.011383,1.572586,1.567931,1.577235,0.005916,灰区/证据不足,1.0,是
小号铁钉,11,90,0.001,0.00058,0.00058,1.724092,1.699644,1.745907,0.026833,灰区/证据不足,1.0,是
小号铁钉,12,1,3.3464,0.875958,0.875958,3.820273,3.809058,3.831127,0.005777,支持曾遭雷击,1.0,否
小号铁钉,12,2,2.9986,0.808559,0.808559,3.708573,3.697596,3.719182,0.005821,支持曾遭雷击,1.0,否
小号铁钉,12,3,2.6869,0.745802,0.745802,3.602701,3.591681,3.613394,0.006027,支持曾遭雷击,1.0,否
小号铁钉,12,4,2.5428,0.698656,0.698656,3.639559,3.629837,3.649014,0.005269,支持曾遭雷击,1.0,否
小号铁钉,12,5,2.4004,0.651078,0.651078,3.686809,3.677805,3.695532,0.004808,支持曾遭雷击,1.0,否
小号铁钉,12,6,2.2703,0.616501,0.616501,3.682556,3.67603,3.688811,0.003471,支持曾遭雷击,1.0,否
小号铁钉,12,7,2.1479,0.57979,0.57979,3.704615,3.699805,3.709227,0.002543,支持曾遭雷击,1.0,否
小号铁钉,12,8,2.0363,0.553038,0.553038,3.682026,3.680136,3.683817,0.001,支持曾遭雷击,1.0,否
小号铁钉,12,9,1.9214,0.516667,0.516667,3.718836,3.717636,3.720104,0.000663,支持曾遭雷击,1.0,否
小号铁钉,12,10,1.8095,0.474942,0.474942,3.809935,3.808595,3.811323,0.000716,支持曾遭雷击,1.0,否
小号铁钉,12,11,1.7016,0.432305,0.432305,3.936113,3.933433,3.938778,0.001358,支持曾遭雷击,1.0,否
小号铁钉,12,12,1.6031,0.396366,0.396366,4.044497,4.040811,4.048252,0.00184,支持曾遭雷击,1.0,否
小号铁钉,12,13,1.5222,0.389712,0.389712,3.905958,3.902783,3.909283,0.001664,支持曾遭雷击,1.0,否
小号铁钉,12,14,1.4393,0.369112,0.369112,3.899357,3.893614,3.905309,0.002999,支持曾遭雷击,1.0,否
小号铁钉,12,15,1.3574,0.345197,0.345197,3.932247,3.925062,3.939686,0.003719,支持曾遭雷击,1.0,否
小号铁钉,12,22,0.7494,0.212358,0.212358,3.528942,3.515801,3.542204,0.007482,支持曾遭雷击,1.0,否
小号铁钉,12,30,0.4052,0.111506,0.111506,3.633901,3.621654,3.646408,0.006812,支持曾遭雷击,1.0,否
小号铁钉,12,37,0.2577,0.071699,0.071699,3.594176,3.571819,3.617168,0.012617,支持曾遭雷击,1.0,否
小号铁钉,12,44,0.155,0.041917,0.041917,3.697746,3.673594,3.722988,0.013358,灰区/证据不足,1.0,是
小号铁钉,12,51,0.0925,0.022821,0.022821,4.053273,4.030975,4.075723,0.01104,灰区/证据不足,1.0,是
小号铁钉,12,58,0.0405,0.011383,0.011383,3.558086,3.547554,3.568605,0.005916,灰区/证据不足,1.0,是
小号铁钉,12,90,0.0022,0.00058,0.00058,3.793002,3.739217,3.840996,0.026833,灰区/证据不足,1.0,是
小号铁钉,13,1,3.0768,0.875958,0.875958,3.512496,3.502185,3.522476,0.005777,支持曾遭雷击,1.0,否
小号铁钉,13,2,2.757,0.808559,0.808559,3.40977,3.399677,3.419524,0.005821,支持曾遭雷击,1.0,否
小号铁钉,13,3,2.4704,0.745802,0.745802,3.312409,3.302278,3.322241,0.006027,支持曾遭雷击,1.0,否
小号铁钉,13,4,2.3379,0.698656,0.698656,3.346282,3.337343,3.354975,0.005269,支持曾遭雷击,1.0,否
小号铁钉,13,5,2.207,0.651078,0.651078,3.389763,3.381485,3.397784,0.004808,支持曾遭雷击,1.0,否
小号铁钉,13,6,2.0874,0.616501,0.616501,3.385881,3.379881,3.391633,0.003471,支持曾遭雷击,1.0,否
小号铁钉,13,7,1.9749,0.57979,0.57979,3.406232,3.401808,3.410472,0.002543,支持曾遭雷击,1.0,否
小号铁钉,13,8,1.8722,0.553038,0.553038,3.385301,3.383563,3.386948,0.001,支持曾遭雷击,1.0,否
小号铁钉,13,9,1.7666,0.516667,0.516667,3.419223,3.41812,3.420389,0.000663,支持曾遭雷击,1.0,否
小号铁钉,13,10,1.6638,0.474942,0.474942,3.503161,3.501929,3.504438,0.000716,支持曾遭雷击,1.0,否
小号铁钉,13,11,1.5645,0.432305,0.432305,3.618975,3.616511,3.621426,0.001358,支持曾遭雷击,1.0,否
小号铁钉,13,12,1.4739,0.396366,0.396366,3.718535,3.715146,3.721987,0.00184,支持曾遭雷击,1.0,否
小号铁钉,13,13,1.3996,0.389712,0.389712,3.591367,3.588448,3.594424,0.001664,支持曾遭雷击,1.0,否
小号铁钉,13,14,1.3233,0.369112,0.369112,3.58509,3.57981,3.590562,0.002999,支持曾遭雷击,1.0,否
小号铁钉,13,15,1.2481,0.345197,0.345197,3.615616,3.60901,3.622456,0.003719,支持曾遭雷击,1.0,否
小号铁钉,13,22,0.6891,0.212358,0.212358,3.244988,3.232905,3.257183,0.007482,支持曾遭雷击,1.0,否
小号铁钉,13,30,0.3726,0.111506,0.111506,3.341539,3.330277,3.35304,0.006812,支持曾遭雷击,1.0,否
小号铁钉,13,37,0.2369,0.071699,0.071699,3.304076,3.283524,3.325212,0.012617,支持曾遭雷击,1.0,否
小号铁钉,13,44,0.1426,0.041917,0.041917,3.401926,3.379707,3.425149,0.013358,灰区/证据不足,1.0,是
小号铁钉,13,51,0.085,0.022821,0.022821,3.724629,3.704139,3.745259,0.01104,灰区/证据不足,1.0,是
小号铁钉,13,58,0.0372,0.011383,0.011383,3.268168,3.258494,3.27783,0.005916,灰区/证据不足,1.0,是
小号铁钉,13,90,0.002,0.00058,0.00058,3.448183,3.399288,3.491814,0.026833,灰区/证据不足,1.0,是
小号铁钉,14,1,1.8606,0.875958,0.875958,2.124074,2.117838,2.130109,0.005777,支持曾遭雷击,1.0,否
小号铁钉,14,2,1.6672,0.808559,0.808559,2.06194,2.055837,2.067839,0.005821,支持曾遭雷击,1.0,否
小号铁钉,14,3,1.4939,0.745802,0.745802,2.00308,1.996953,2.009025,0.006027,支持曾遭雷击,1.0,否
小号铁钉,14,4,1.4138,0.698656,0.698656,2.0236,2.018194,2.028857,0.005269,支持曾遭雷击,1.0,否
小号铁钉,14,5,1.3347,0.651078,0.651078,2.049985,2.044979,2.054836,0.004808,支持曾遭雷击,1.0,否
小号铁钉,14,6,1.2623,0.616501,0.616501,2.047522,2.043894,2.051,0.003471,支持曾遭雷击,1.0,否
小号铁钉,14,7,1.1943,0.57979,0.57979,2.059883,2.057208,2.062447,0.002543,支持曾遭雷击,1.0,否
小号铁钉,14,8,1.1322,0.553038,0.553038,2.047238,2.046187,2.048234,0.001,支持曾遭雷击,1.0,否
小号铁钉,14,9,1.0683,0.516667,0.516667,2.067676,2.067009,2.068381,0.000663,支持曾遭雷击,1.0,否
小号铁钉,14,10,1.0061,0.474942,0.474942,2.118362,2.117617,2.119134,0.000716,支持曾遭雷击,1.0,否
小号铁钉,14,11,0.9461,0.432305,0.432305,2.188503,2.187013,2.189985,0.001358,支持曾遭雷击,1.0,否
小号铁钉,14,12,0.8913,0.396366,0.396366,2.248681,2.246631,2.250768,0.00184,支持曾遭雷击,1.0,否
小号铁钉,14,13,0.8464,0.389712,0.389712,2.171859,2.170093,2.173707,0.001664,支持曾遭雷击,1.0,否
小号铁钉,14,14,0.8003,0.369112,0.369112,2.168176,2.164983,2.171485,0.002999,支持曾遭雷击,1.0,否
小号铁钉,14,15,0.7547,0.345197,0.345197,2.186287,2.182293,2.190424,0.003719,支持曾遭雷击,1.0,否
小号铁钉,14,22,0.4167,0.212358,0.212358,1.96225,1.954943,1.969624,0.007482,支持曾遭雷击,1.0,否
小号铁钉,14,30,0.2253,0.111506,0.111506,2.020528,2.013718,2.027482,0.006812,支持曾遭雷击,1.0,否
小号铁钉,14,37,0.1433,0.071699,0.071699,1.998624,1.986192,2.01141,0.012617,支持曾遭雷击,1.0,否
小号铁钉,14,44,0.0862,0.041917,0.041917,2.056424,2.042992,2.070462,0.013358,灰区/证据不足,1.0,是
小号铁钉,14,51,0.0514,0.022821,0.022821,2.252305,2.239915,2.26478,0.01104,灰区/证据不足,1.0,是
小号铁钉,14,58,0.0225,0.011383,0.011383,1.976715,1.970863,1.982558,0.005916,灰区/证据不足,1.0,是
小号铁钉,14,90,0.0012,0.00058,0.00058,2.06891,2.039573,2.095088,0.026833,灰区/证据不足,1.0,是
小号铁钉,15,1,1.8008,0.875958,0.875958,2.055806,2.049771,2.061647,0.005777,支持曾遭雷击,1.0,否
小号铁钉,15,2,1.6136,0.808559,0.808559,1.995649,1.989742,2.001358,0.005821,支持曾遭雷击,1.0,否
小号铁钉,15,3,1.4459,0.745802,0.745802,1.938719,1.93279,1.944474,0.006027,支持曾遭雷击,1.0,否
小号铁钉,15,4,1.3683,0.698656,0.698656,1.958475,1.953243,1.963562,0.005269,支持曾遭雷击,1.0,否
小号铁钉,15,5,1.2917,0.651078,0.651078,1.983941,1.979096,1.988635,0.004808,支持曾遭雷击,1.0,否
小号铁钉,15,6,1.2217,0.616501,0.616501,1.981667,1.978155,1.985033,0.003471,支持曾遭雷击,1.0,否
小号铁钉,15,7,1.1559,0.57979,0.57979,1.993652,1.991063,1.996134,0.002543,支持曾遭雷击,1.0,否
小号铁钉,15,8,1.0958,0.553038,0.553038,1.981419,1.980402,1.982383,0.001,支持曾遭雷击,1.0,否
小号铁钉,15,9,1.0339,0.516667,0.516667,2.001095,2.00045,2.001778,0.000663,支持曾遭雷击,1.0,否
小号铁钉,15,10,0.9738,0.474942,0.474942,2.050353,2.049632,2.051101,0.000716,支持曾遭雷击,1.0,否
小号铁钉,15,11,0.9157,0.432305,0.432305,2.118182,2.11674,2.119616,0.001358,支持曾遭雷击,1.0,否
小号铁钉,15,12,0.8626,0.396366,0.396366,2.176273,2.174289,2.178293,0.00184,支持曾遭雷击,1.0,否
小号铁钉,15,13,0.8192,0.389712,0.389712,2.102064,2.100355,2.103853,0.001664,支持曾遭雷击,1.0,否
小号铁钉,15,14,0.7745,0.369112,0.369112,2.098278,2.095188,2.101481,0.002999,支持曾遭雷击,1.0,否
小号铁钉,15,15,0.7305,0.345197,0.345197,2.116183,2.112316,2.120186,0.003719,支持曾遭雷击,1.0,否
小号铁钉,15,22,0.4033,0.212358,0.212358,1.899149,1.892077,1.906286,0.007482,支持曾遭雷击,1.0,否
小号铁钉,15,30,0.2181,0.111506,0.111506,1.955957,1.949365,1.962689,0.006812,支持曾遭雷击,1.0,否
小号铁钉,15,37,0.1387,0.071699,0.071699,1.934467,1.922434,1.946842,0.012617,支持曾遭雷击,1.0,否
小号铁钉,15,44,0.0834,0.041917,0.041917,1.989626,1.976631,2.003208,0.013358,灰区/证据不足,1.0,是
小号铁钉,15,51,0.0498,0.022821,0.022821,2.182195,2.17019,2.194281,0.01104,灰区/证据不足,1.0,是
小号铁钉,15,58,0.0218,0.011383,0.011383,1.915217,1.909548,1.920879,0.005916,灰区/证据不足,1.0,是
小号铁钉,15,90,0.0012,0.00058,0.00058,2.06891,2.039573,2.095088,0.026833,灰区/证据不足,1.0,是
小号铁钉,16,1,1.8039,0.875958,0.875958,2.059345,2.053299,2.065196,0.005777,支持曾遭雷击,1.0,否
小号铁钉,16,2,1.6164,0.808559,0.808559,1.999112,1.993195,2.004831,0.005821,支持曾遭雷击,1.0,否
小号铁钉,16,3,1.4484,0.745802,0.745802,1.942071,1.936131,1.947836,0.006027,支持曾遭雷击,1.0,否
小号铁钉,16,4,1.3707,0.698656,0.698656,1.96191,1.956669,1.967006,0.005269,支持曾遭雷击,1.0,否
小号铁钉,16,5,1.294,0.651078,0.651078,1.987473,1.98262,1.992176,0.004808,支持曾遭雷击,1.0,否
小号铁钉,16,6,1.2238,0.616501,0.616501,1.985073,1.981555,1.988445,0.003471,支持曾遭雷击,1.0,否
小号铁钉,16,7,1.1578,0.57979,0.57979,1.996929,1.994336,1.999415,0.002543,支持曾遭雷击,1.0,否
小号铁钉,16,8,1.0977,0.553038,0.553038,1.984855,1.983836,1.985821,0.001,支持曾遭雷击,1.0,否
小号铁钉,16,9,1.0357,0.516667,0.516667,2.004579,2.003933,2.005263,0.000663,支持曾遭雷击,1.0,否
小号铁钉,16,10,0.9754,0.474942,0.474942,2.053722,2.053,2.054471,0.000716,支持曾遭雷击,1.0,否
小号铁钉,16,11,0.9172,0.432305,0.432305,2.121652,2.120207,2.123088,0.001358,支持曾遭雷击,1.0,否
小号铁钉,16,12,0.8641,0.396366,0.396366,2.180057,2.17807,2.182081,0.00184,支持曾遭雷击,1.0,否
小号铁钉,16,13,0.8206,0.389712,0.389712,2.105656,2.103944,2.107448,0.001664,支持曾遭雷击,1.0,否
小号铁钉,16,14,0.7759,0.369112,0.369112,2.102071,2.098975,2.10528,0.002999,支持曾遭雷击,1.0,否
小号铁钉,16,15,0.7317,0.345197,0.345197,2.119659,2.115786,2.123669,0.003719,支持曾遭雷击,1.0,否
小号铁钉,16,22,0.404,0.212358,0.212358,1.902445,1.895361,1.909595,0.007482,支持曾遭雷击,1.0,否
小号铁钉,16,30,0.2184,0.111506,0.111506,1.958648,1.952046,1.965389,0.006812,支持曾遭雷击,1.0,否
小号铁钉,16,37,0.1389,0.071699,0.071699,1.937257,1.925207,1.94965,0.012617,支持曾遭雷击,1.0,否
小号铁钉,16,44,0.0836,0.041917,0.041917,1.994397,1.981371,2.008012,0.013358,灰区/证据不足,1.0,是
小号铁钉,16,51,0.0499,0.022821,0.022821,2.186577,2.174548,2.198687,0.01104,灰区/证据不足,1.0,是
小号铁钉,16,58,0.0218,0.011383,0.011383,1.915217,1.909548,1.920879,0.005916,灰区/证据不足,1.0,是
小号铁钉,16,90,0.0012,0.00058,0.00058,2.06891,2.039573,2.095088,0.026833,灰区/证据不足,1.0,是
小号铁钉,17,1,2.0409,0.875958,0.875958,2.329906,2.323066,2.336525,0.005777,支持曾遭雷击,1.0,否
小号铁钉,17,2,1.8287,0.808559,0.808559,2.261678,2.254984,2.268148,0.005821,支持曾遭雷击,1.0,否
小号铁钉,17,3,1.6386,0.745802,0.745802,2.197099,2.190379,2.203621,0.006027,支持曾遭雷击,1.0,否
小号铁钉,17,4,1.5508,0.698656,0.698656,2.21969,2.213761,2.225457,0.005269,支持曾遭雷击,1.0,否
小号铁钉,17,5,1.4639,0.651078,0.651078,2.248425,2.242934,2.253745,0.004808,支持曾遭雷击,1.0,否
小号铁钉,17,6,1.3846,0.616501,0.616501,2.2459,2.24192,2.249715,0.003471,支持曾遭雷击,1.0,否
小号铁钉,17,7,1.31,0.57979,0.57979,2.259438,2.256504,2.26225,0.002543,支持曾遭雷击,1.0,否
小号铁钉,17,8,1.2419,0.553038,0.553038,2.245597,2.244444,2.246689,0.001,支持曾遭雷击,1.0,否
小号铁钉,17,9,1.1718,0.516667,0.516667,2.267998,2.267267,2.268772,0.000663,支持曾遭雷击,1.0,否
小号铁钉,17,10,1.1036,0.474942,0.474942,2.32365,2.322832,2.324497,0.000716,支持曾遭雷击,1.0,否
小号铁钉,17,11,1.0378,0.432305,0.432305,2.400622,2.398987,2.402247,0.001358,支持曾遭雷击,1.0,否
小号铁钉,17,12,0.9777,0.396366,0.396366,2.466661,2.464413,2.468951,0.00184,支持曾遭雷击,1.0,否
小号铁钉,17,13,0.9284,0.389712,0.389712,2.38227,2.380334,2.384298,0.001664,支持曾遭雷击,1.0,否
小号铁钉,17,14,0.8778,0.369112,0.369112,2.378139,2.374637,2.381769,0.002999,支持曾遭雷击,1.0,否
小号铁钉,17,15,0.8279,0.345197,0.345197,2.39834,2.393958,2.402878,0.003719,支持曾遭雷击,1.0,否
小号铁钉,17,22,0.4571,0.212358,0.212358,2.152495,2.144479,2.160584,0.007482,支持曾遭雷击,1.0,否
小号铁钉,17,30,0.2471,0.111506,0.111506,2.216034,2.208565,2.223661,0.006812,支持曾遭雷击,1.0,否
小号铁钉,17,37,0.1571,0.071699,0.071699,2.191095,2.177465,2.205111,0.012617,支持曾遭雷击,1.0,否
小号铁钉,17,44,0.0946,0.041917,0.041917,2.256818,2.242077,2.272224,0.013358,灰区/证据不足,1.0,是
小号铁钉,17,51,0.0564,0.022821,0.022821,2.471401,2.457805,2.485089,0.01104,灰区/证据不足,1.0,是
小号铁钉,17,58,0.0247,0.011383,0.011383,2.169993,2.16357,2.176408,0.005916,灰区/证据不足,1.0,是
小号铁钉,17,90,0.0014,0.00058,0.00058,2.413728,2.379502,2.44427,0.026833,灰区/证据不足,1.0,是
小号铁钉,18,1,2.4734,0.875958,0.875958,2.823651,2.815361,2.831673,0.005777,支持曾遭雷击,1.0,否
小号铁钉,18,2,2.2163,0.808559,0.808559,2.741049,2.732936,2.748891,0.005821,支持曾遭雷击,1.0,否
小号铁钉,18,3,1.9859,0.745802,0.745802,2.662772,2.654628,2.670676,0.006027,支持曾遭雷击,1.0,否
小号铁钉,18,4,1.8794,0.698656,0.698656,2.690022,2.682836,2.69701,0.005269,支持曾遭雷击,1.0,否
小号铁钉,18,5,1.7742,0.651078,0.651078,2.725019,2.718365,2.731467,0.004808,支持曾遭雷击,1.0,否
小号铁钉,18,6,1.678,0.616501,0.616501,2.721811,2.716988,2.726435,0.003471,支持曾遭雷击,1.0,否
小号铁钉,18,7,1.5876,0.57979,0.57979,2.738231,2.734676,2.74164,0.002543,支持曾遭雷击,1.0,否
小号铁钉,18,8,1.505,0.553038,0.553038,2.721332,2.719935,2.722656,0.001,支持曾遭雷击,1.0,否
小号铁钉,18,9,1.4201,0.516667,0.516667,2.748578,2.747692,2.749516,0.000663,支持曾遭雷击,1.0,否
小号铁钉,18,10,1.3374,0.474942,0.474942,2.81592,2.814929,2.816946,0.000716,支持曾遭雷击,1.0,否
小号铁钉,18,11,1.2577,0.432305,0.432305,2.909291,2.90731,2.911261,0.001358,支持曾遭雷击,1.0,否
小号铁钉,18,12,1.1848,0.396366,0.396366,2.989158,2.986434,2.991933,0.00184,支持曾遭雷击,1.0,否
小号铁钉,18,13,1.1251,0.389712,0.389712,2.887002,2.884655,2.889459,0.001664,支持曾遭雷击,1.0,否
小号铁钉,18,14,1.0638,0.369112,0.369112,2.882051,2.877807,2.88645,0.002999,支持曾遭雷击,1.0,否
小号铁钉,18,15,1.0033,0.345197,0.345197,2.906456,2.901146,2.911955,0.003719,支持曾遭雷击,1.0,否
小号铁钉,18,22,0.5539,0.212358,0.212358,2.608328,2.598615,2.61813,0.007482,支持曾遭雷击,1.0,否
小号铁钉,18,30,0.2995,0.111506,0.111506,2.685966,2.676913,2.69521,0.006812,支持曾遭雷击,1.0,否
小号铁钉,18,37,0.1904,0.071699,0.071699,2.655534,2.639016,2.672522,0.012617,支持曾遭雷击,1.0,否
小号铁钉,18,44,0.1146,0.041917,0.041917,2.733946,2.71609,2.752609,0.013358,灰区/证据不足,1.0,是
小号铁钉,18,51,0.0684,0.022821,0.022821,2.997231,2.980743,3.013832,0.01104,灰区/证据不足,1.0,是
小号铁钉,18,58,0.0299,0.011383,0.011383,2.626834,2.619059,2.6346,0.005916,灰区/证据不足,1.0,是
小号铁钉,18,90,0.0016,0.00058,0.00058,2.758547,2.719431,2.793451,0.026833,灰区/证据不足,1.0,是
小号铁钉,19,1,2.2913,0.875958,0.875958,2.615764,2.608085,2.623196,0.005777,支持曾遭雷击,1.0,否
小号铁钉,19,2,2.0532,0.808559,0.808559,2.539332,2.531816,2.546597,0.005821,支持曾遭雷击,1.0,否
小号铁钉,19,3,1.8397,0.745802,0.745802,2.466742,2.459197,2.474064,0.006027,支持曾遭雷击,1.0,否
小号铁钉,19,4,1.7411,0.698656,0.698656,2.492071,2.485414,2.498544,0.005269,支持曾遭雷击,1.0,否
小号铁钉,19,5,1.6436,0.651078,0.651078,2.524429,2.518264,2.530402,0.004808,支持曾遭雷击,1.0,否
小号铁钉,19,6,1.5545,0.616501,0.616501,2.521487,2.517019,2.52577,0.003471,支持曾遭雷击,1.0,否
小号铁钉,19,7,1.4707,0.57979,0.57979,2.536607,2.533313,2.539764,0.002543,支持曾遭雷击,1.0,否
小号铁钉,19,8,1.3943,0.553038,0.553038,2.521165,2.519871,2.522392,0.001,支持曾遭雷击,1.0,否
小号铁钉,19,9,1.3156,0.516667,0.516667,2.54632,2.545499,2.547189,0.000663,支持曾遭雷击,1.0,否
小号铁钉,19,10,1.239,0.474942,0.474942,2.608737,2.607819,2.609688,0.000716,支持曾遭雷击,1.0,否
小号铁钉,19,11,1.1651,0.432305,0.432305,2.69509,2.693255,2.696915,0.001358,支持曾遭雷击,1.0,否
小号铁钉,19,12,1.0976,0.396366,0.396366,2.76916,2.766636,2.77173,0.00184,支持曾遭雷击,1.0,否
小号铁钉,19,13,1.0423,0.389712,0.389712,2.674537,2.672363,2.676813,0.001664,支持曾遭雷击,1.0,否
小号铁钉,19,14,0.9855,0.369112,0.369112,2.66992,2.665988,2.673996,0.002999,支持曾遭雷击,1.0,否
小号铁钉,19,15,0.9295,0.345197,0.345197,2.692665,2.687745,2.697759,0.003719,支持曾遭雷击,1.0,否
小号铁钉,19,22,0.5132,0.212358,0.212358,2.416671,2.407672,2.425753,0.007482,支持曾遭雷击,1.0,否
小号铁钉,19,30,0.2775,0.111506,0.111506,2.488666,2.480279,2.497232,0.006812,支持曾遭雷击,1.0,否
小号铁钉,19,37,0.1764,0.071699,0.071699,2.460274,2.444971,2.476013,0.012617,支持曾遭雷击,1.0,否
小号铁钉,19,44,0.1062,0.041917,0.041917,2.533552,2.517004,2.550847,0.013358,灰区/证据不足,1.0,是
小号铁钉,19,51,0.0633,0.022821,0.022821,2.773753,2.758494,2.789116,0.01104,灰区/证据不足,1.0,是
小号铁钉,19,58,0.0277,0.011383,0.011383,2.433555,2.426352,2.440749,0.005916,灰区/证据不足,1.0,是
小号铁钉,19,90,0.0015,0.00058,0.00058,2.586137,2.549466,2.618861,0.026833,灰区/证据不足,1.0,是
小号铁钉,20,1,2.0154,0.875958,0.875958,2.300795,2.29404,2.307331,0.005777,支持曾遭雷击,1.0,否
小号铁钉,20,2,1.8059,0.808559,0.808559,2.233479,2.226869,2.239869,0.005821,支持曾遭雷击,1.0,否
小号铁钉,20,3,1.6181,0.745802,0.745802,2.169612,2.162976,2.176052,0.006027,支持曾遭雷击,1.0,否
小号铁钉,20,4,1.5314,0.698656,0.698656,2.191923,2.186068,2.197617,0.005269,支持曾遭雷击,1.0,否
小号铁钉,20,5,1.4456,0.651078,0.651078,2.220318,2.214896,2.225571,0.004808,支持曾遭雷击,1.0,否
小号铁钉,20,6,1.3673,0.616501,0.616501,2.217838,2.213908,2.221606,0.003471,支持曾遭雷击,1.0,否
小号铁钉,20,7,1.2936,0.57979,0.57979,2.231152,2.228254,2.233929,0.002543,支持曾遭雷击,1.0,否
小号铁钉,20,8,1.2263,0.553038,0.553038,2.217389,2.21625,2.218467,0.001,支持曾遭雷击,1.0,否
小号铁钉,20,9,1.1571,0.516667,0.516667,2.239546,2.238824,2.24031,0.000663,支持曾遭雷击,1.0,否
小号铁钉,20,10,1.0898,0.474942,0.474942,2.294594,2.293786,2.29543,0.000716,支持曾遭雷击,1.0,否
小号铁钉,20,11,1.0248,0.432305,0.432305,2.37055,2.368936,2.372155,0.001358,支持曾遭雷击,1.0,否
小号铁钉,20,12,0.9654,0.396366,0.396366,2.435629,2.433409,2.43789,0.00184,支持曾遭雷击,1.0,否
小号铁钉,20,13,0.9168,0.389712,0.389712,2.352505,2.350592,2.354507,0.001664,支持曾遭雷击,1.0,否
小号铁钉,20,14,0.8668,0.369112,0.369112,2.348338,2.344879,2.351922,0.002999,支持曾遭雷击,1.0,否
小号铁钉,20,15,0.8175,0.345197,0.345197,2.368213,2.363886,2.372693,0.003719,支持曾遭雷击,1.0,否
小号铁钉,20,22,0.4513,0.212358,0.212358,2.125182,2.117269,2.133169,0.007482,支持曾遭雷击,1.0,否
小号铁钉,20,30,0.244,0.111506,0.111506,2.188233,2.180858,2.195764,0.006812,支持曾遭雷击,1.0,否
小号铁钉,20,37,0.1552,0.071699,0.071699,2.164595,2.151131,2.178442,0.012617,支持曾遭雷击,1.0,否
小号铁钉,20,44,0.0934,0.041917,0.041917,2.22819,2.213637,2.243401,0.013358,灰区/证据不足,1.0,是
小号铁钉,20,51,0.0557,0.022821,0.022821,2.440728,2.427301,2.454246,0.01104,灰区/证据不足,1.0,是
小号铁钉,20,58,0.0244,0.011383,0.011383,2.143637,2.137292,2.149974,0.005916,灰区/证据不足,1.0,是
小号铁钉,20,90,0.0013,0.00058,0.00058,2.241319,2.209537,2.269679,0.026833,灰区/证据不足,1.0,是
小号铁夹,1,1,2.4595,0.87411,0.87411,2.81372,2.805083,2.822325,0.006128,支持曾遭雷击,1.0,否
小号铁夹,1,2,2.1899,0.803269,0.803269,2.726234,2.717723,2.734575,0.006181,支持曾遭雷击,1.0,否
小号铁夹,1,3,1.9498,0.737632,0.737632,2.643325,2.635071,2.651418,0.006184,支持曾遭雷击,1.0,否
小号铁夹,1,4,1.8396,0.687933,0.687933,2.674097,2.66668,2.681336,0.005481,支持曾遭雷击,1.0,否
小号铁夹,1,5,1.7309,0.638238,0.638238,2.711997,2.705103,2.718689,0.005009,支持曾遭雷击,1.0,否
小号铁夹,1,6,1.632,0.601659,0.601659,2.7125,2.707568,2.717418,0.003631,支持曾遭雷击,1.0,否
小号铁夹,1,7,1.5392,0.563319,0.563319,2.732378,2.728738,2.73607,0.002683,支持曾遭雷击,1.0,否
小号铁夹,1,8,1.4549,0.53494,0.53494,2.719745,2.718323,2.721329,0.001105,支持曾遭雷击,1.0,否
小号铁夹,1,9,1.3683,0.49754,0.49754,2.750132,2.749196,2.751131,0.000704,支持曾遭雷击,1.0,否
小号铁夹,1,10,1.2843,0.455328,0.455328,2.820602,2.819629,2.821718,0.000741,支持曾遭雷击,1.0,否
小号铁夹,1,11,1.2035,0.412611,0.412611,2.916793,2.9148,2.918826,0.00138,支持曾遭雷击,1.0,否
小号铁夹,1,12,1.13,0.376629,0.376629,3.000303,2.997531,3.003137,0.001868,支持曾遭雷击,1.0,否
小号铁夹,1,13,1.0699,0.368662,0.368662,2.902118,2.8998,2.904585,0.001649,支持曾遭雷击,1.0,否
小号铁夹,1,14,1.0085,0.347624,0.347624,2.901127,2.896872,2.9055,0.002974,支持曾遭雷击,1.0,否
小号铁夹,1,15,0.948,0.323657,0.323657,2.929029,2.923551,2.934367,0.003693,支持曾遭雷击,1.0,否
小号铁夹,1,22,0.5058,0.192999,0.192999,2.620743,2.610731,2.630541,0.007559,支持曾遭雷击,1.0,否
小号铁夹,1,30,0.264,0.097795,0.097795,2.699529,2.690058,2.708805,0.006944,支持曾遭雷击,1.0,否
小号铁夹,1,37,0.1636,0.060954,0.060954,2.683992,2.666685,2.702004,0.013159,支持曾遭雷击,1.0,否
小号铁夹,1,44,0.0957,0.034542,0.034542,2.770528,2.751044,2.790149,0.014115,灰区/证据不足,1.0,是
小号铁夹,1,51,0.0554,0.018229,0.018229,3.039147,3.02113,3.056229,0.011549,灰区/证据不足,1.0,是
小号铁夹,1,58,0.0231,0.008813,0.008813,2.621101,2.611933,2.630114,0.006937,灰区/证据不足,1.0,是
小号铁夹,1,90,0.0011,0.000389,0.000389,2.824398,2.78515,2.863402,0.027706,灰区/证据不足,1.0,是
小号铁夹,2,1,1.7776,0.87411,0.87411,2.033612,2.02737,2.039831,0.006128,支持曾遭雷击,1.0,否
小号铁夹,2,2,1.5828,0.803269,0.803269,1.970448,1.964296,1.976476,0.006181,支持曾遭雷击,1.0,否
小号铁夹,2,3,1.4093,0.737632,0.737632,1.910574,1.904608,1.916424,0.006184,支持曾遭雷击,1.0,否
小号铁夹,2,4,1.3296,0.687933,0.687933,1.932746,1.927385,1.937978,0.005481,支持曾遭雷击,1.0,否
小号铁夹,2,5,1.2511,0.638238,0.638238,1.96024,1.955257,1.965077,0.005009,支持曾遭雷击,1.0,否
小号铁夹,2,6,1.1796,0.601659,0.601659,1.960579,1.957014,1.964133,0.003631,支持曾遭雷击,1.0,否
小号铁夹,2,7,1.1125,0.563319,0.563319,1.974903,1.972272,1.977571,0.002683,支持曾遭雷击,1.0,否
小号铁夹,2,8,1.0515,0.53494,0.53494,1.965641,1.964614,1.966786,0.001105,支持曾遭雷击,1.0,否
小号铁夹,2,9,0.989,0.49754,0.49754,1.987781,1.987104,1.988503,0.000704,支持曾遭雷击,1.0,否
小号铁夹,2,10,0.9283,0.455328,0.455328,2.038748,2.038045,2.039555,0.000741,支持曾遭雷击,1.0,否
小号铁夹,2,11,0.8699,0.412611,0.412611,2.108283,2.106842,2.109752,0.00138,支持曾遭雷击,1.0,否
小号铁夹,2,12,0.8167,0.376629,0.376629,2.168449,2.166446,2.170497,0.001868,支持曾遭雷击,1.0,否
小号铁夹,2,13,0.7733,0.368662,0.368662,2.097586,2.095911,2.09937,0.001649,支持曾遭雷击,1.0,否
小号铁夹,2,14,0.7289,0.347624,0.347624,2.096809,2.093733,2.099969,0.002974,支持曾遭雷击,1.0,否
小号铁夹,2,15,0.6852,0.323657,0.323657,2.117057,2.113098,2.120916,0.003693,支持曾遭雷击,1.0,否
小号铁夹,2,22,0.3656,0.192999,0.192999,1.894313,1.887077,1.901395,0.007559,支持曾遭雷击,1.0,否
小号铁夹,2,30,0.1908,0.097795,0.097795,1.951023,1.944178,1.957727,0.006944,支持曾遭雷击,1.0,否
小号铁夹,2,37,0.1183,0.060954,0.060954,1.940808,1.928293,1.953833,0.013159,支持曾遭雷击,1.0,否
小号铁夹,2,44,0.0691,0.034542,0.034542,2.000455,1.986386,2.014622,0.014115,灰区/证据不足,1.0,是
小号铁夹,2,51,0.0401,0.018229,0.018229,2.199816,2.186775,2.21218,0.011549,灰区/证据不足,1.0,是
小号铁夹,2,58,0.0167,0.008813,0.008813,1.894908,1.888281,1.901425,0.006937,灰区/证据不足,1.0,是
小号铁夹,2,90,0.0008,0.000389,0.000389,2.054108,2.025564,2.082474,0.027706,灰区/证据不足,1.0,是
小号铁夹,3,1,1.998,0.87411,0.87411,2.285754,2.278738,2.292745,0.006128,支持曾遭雷击,1.0,否
小号铁夹,3,2,1.779,0.803269,0.803269,2.2147,2.207786,2.221475,0.006181,支持曾遭雷击,1.0,否
小号铁夹,3,3,1.584,0.737632,0.737632,2.147414,2.140708,2.153988,0.006184,支持曾遭雷击,1.0,否
小号铁夹,3,4,1.4944,0.687933,0.687933,2.172304,2.166279,2.178185,0.005481,支持曾遭雷击,1.0,否
小号铁夹,3,5,1.4062,0.638238,0.638238,2.203253,2.197652,2.208689,0.005009,支持曾遭雷击,1.0,否
小号铁夹,3,6,1.3258,0.601659,0.601659,2.203574,2.199567,2.207569,0.003631,支持曾遭雷击,1.0,否
小号铁夹,3,7,1.2504,0.563319,0.563319,2.219702,2.216745,2.222701,0.002683,支持曾遭雷击,1.0,否
小号铁夹,3,8,1.1819,0.53494,0.53494,2.209407,2.208252,2.210694,0.001105,支持曾遭雷击,1.0,否
小号铁夹,3,9,1.1116,0.49754,0.49754,2.234194,2.233433,2.235005,0.000704,支持曾遭雷击,1.0,否
小号铁夹,3,10,1.0433,0.455328,0.455328,2.291313,2.290523,2.29222,0.000741,支持曾遭雷击,1.0,否
小号铁夹,3,11,0.9777,0.412611,0.412611,2.369546,2.367927,2.371197,0.00138,支持曾遭雷击,1.0,否
小号铁夹,3,12,0.918,0.376629,0.376629,2.437414,2.435163,2.439716,0.001868,支持曾遭雷击,1.0,否
小号铁夹,3,13,0.8692,0.368662,0.368662,2.357716,2.355833,2.359721,0.001649,支持曾遭雷击,1.0,否
小号铁夹,3,14,0.8192,0.347624,0.347624,2.356572,2.353116,2.360125,0.002974,支持曾遭雷击,1.0,否
小号铁夹,3,15,0.7701,0.323657,0.323657,2.379372,2.374922,2.383709,0.003693,支持曾遭雷击,1.0,否
小号铁夹,3,22,0.4109,0.192999,0.192999,2.12903,2.120897,2.136989,0.007559,支持曾遭雷击,1.0,否
小号铁夹,3,30,0.2145,0.097795,0.097795,2.193367,2.185672,2.200904,0.006944,支持曾遭雷击,1.0,否
小号铁夹,3,37,0.1329,0.060954,0.060954,2.180333,2.166274,2.194965,0.013159,支持曾遭雷击,1.0,否
小号铁夹,3,44,0.0777,0.034542,0.034542,2.249426,2.233606,2.265356,0.014115,灰区/证据不足,1.0,是
小号铁夹,3,51,0.045,0.018229,0.018229,2.468621,2.453987,2.482496,0.011549,灰区/证据不足,1.0,是
小号铁夹,3,58,0.0188,0.008813,0.008813,2.13319,2.125729,2.140526,0.006937,灰区/证据不足,1.0,是
小号铁夹,3,90,0.0009,0.000389,0.000389,2.310871,2.278759,2.342783,0.027706,灰区/证据不足,1.0,是
小号铁夹,4,1,2.1051,0.87411,0.87411,2.408279,2.400887,2.415644,0.006128,支持曾遭雷击,1.0,否
小号铁夹,4,2,1.8744,0.803269,0.803269,2.333464,2.32618,2.340603,0.006181,支持曾遭雷击,1.0,否
小号铁夹,4,3,1.6689,0.737632,0.737632,2.262512,2.255446,2.269439,0.006184,支持曾遭雷击,1.0,否
小号铁夹,4,4,1.5745,0.687933,0.687933,2.288739,2.282391,2.294936,0.005481,支持曾遭雷击,1.0,否
小号铁夹,4,5,1.4816,0.638238,0.638238,2.321391,2.31549,2.327118,0.005009,支持曾遭雷击,1.0,否
小号铁夹,4,6,1.3969,0.601659,0.601659,2.321747,2.317526,2.325956,0.003631,支持曾遭雷击,1.0,否
小号铁夹,4,7,1.3175,0.563319,0.563319,2.338818,2.335702,2.341978,0.002683,支持曾遭雷击,1.0,否
小号铁夹,4,8,1.2453,0.53494,0.53494,2.327925,2.326708,2.329281,0.001105,支持曾遭雷击,1.0,否
小号铁夹,4,9,1.1712,0.49754,0.49754,2.353983,2.353181,2.354838,0.000704,支持曾遭雷击,1.0,否
小号铁夹,4,10,1.0993,0.455328,0.455328,2.414302,2.413469,2.415257,0.000741,支持曾遭雷击,1.0,否
小号铁夹,4,11,1.0301,0.412611,0.412611,2.496542,2.494836,2.498282,0.00138,支持曾遭雷击,1.0,否
小号铁夹,4,12,0.9672,0.376629,0.376629,2.568047,2.565675,2.570472,0.001868,支持曾遭雷击,1.0,否
小号铁夹,4,13,0.9158,0.368662,0.368662,2.484119,2.482135,2.486231,0.001649,支持曾遭雷击,1.0,否
小号铁夹,4,14,0.8632,0.347624,0.347624,2.483146,2.479504,2.486889,0.002974,支持曾遭雷击,1.0,否
小号铁夹,4,15,0.8114,0.323657,0.323657,2.506977,2.502288,2.511546,0.003693,支持曾遭雷击,1.0,否
小号铁夹,4,22,0.4329,0.192999,0.192999,2.24302,2.234452,2.251406,0.007559,支持曾遭雷击,1.0,否
小号铁夹,4,30,0.226,0.097795,0.097795,2.310961,2.302853,2.318901,0.006944,支持曾遭雷击,1.0,否
小号铁夹,4,37,0.1401,0.060954,0.060954,2.298455,2.283634,2.31388,0.013159,支持曾遭雷击,1.0,否
小号铁夹,4,44,0.0819,0.034542,0.034542,2.371017,2.354342,2.387808,0.014115,灰区/证据不足,1.0,是
小号铁夹,4,51,0.0474,0.018229,0.018229,2.600281,2.584866,2.614896,0.011549,灰区/证据不足,1.0,是
小号铁夹,4,58,0.0198,0.008813,0.008813,2.246658,2.2388,2.254384,0.006937,灰区/证据不足,1.0,是
小号铁夹,4,90,0.0009,0.000389,0.000389,2.310871,2.278759,2.342783,0.027706,灰区/证据不足,1.0,是
小号铁夹,5,1,2.2346,0.87411,0.87411,2.55643,2.548583,2.564248,0.006128,支持曾遭雷击,1.0,否
小号铁夹,5,2,1.9897,0.803269,0.803269,2.477003,2.46927,2.484581,0.006181,支持曾遭雷击,1.0,否
小号铁夹,5,3,1.7715,0.737632,0.737632,2.401606,2.394106,2.408959,0.006184,支持曾遭雷击,1.0,否
小号铁夹,5,4,1.6714,0.687933,0.687933,2.429596,2.422857,2.436174,0.005481,支持曾遭雷击,1.0,否
小号铁夹,5,5,1.5727,0.638238,0.638238,2.464128,2.457863,2.470207,0.005009,支持曾遭雷击,1.0,否
小号铁夹,5,6,1.4828,0.601659,0.601659,2.464519,2.460038,2.468987,0.003631,支持曾遭雷击,1.0,否
小号铁夹,5,7,1.3985,0.563319,0.563319,2.482608,2.479301,2.485963,0.002683,支持曾遭雷击,1.0,否
小号铁夹,5,8,1.3219,0.53494,0.53494,2.471119,2.469827,2.472558,0.001105,支持曾遭雷击,1.0,否
小号铁夹,5,9,1.2432,0.49754,0.49754,2.498695,2.497844,2.499602,0.000704,支持曾遭雷击,1.0,否
小号铁夹,5,10,1.1669,0.455328,0.455328,2.562766,2.561882,2.56378,0.000741,支持曾遭雷击,1.0,否
小号铁夹,5,11,1.0935,0.412611,0.412611,2.650198,2.648387,2.652045,0.00138,支持曾遭雷击,1.0,否
小号铁夹,5,12,1.0267,0.376629,0.376629,2.726027,2.723509,2.728602,0.001868,支持曾遭雷击,1.0,否
小号铁夹,5,13,0.9721,0.368662,0.368662,2.636834,2.634728,2.639076,0.001649,支持曾遭雷击,1.0,否
小号铁夹,5,14,0.9163,0.347624,0.347624,2.635897,2.632031,2.639871,0.002974,支持曾遭雷击,1.0,否
小号铁夹,5,15,0.8613,0.323657,0.323657,2.661152,2.656175,2.666002,0.003693,支持曾遭雷击,1.0,否
小号铁夹,5,22,0.4595,0.192999,0.192999,2.380845,2.37175,2.389746,0.007559,支持曾遭雷击,1.0,否
小号铁夹,5,30,0.2399,0.097795,0.097795,2.453095,2.444488,2.461524,0.006944,支持曾遭雷击,1.0,否
小号铁夹,5,37,0.1487,0.060954,0.060954,2.439545,2.423814,2.455917,0.013159,支持曾遭雷击,1.0,否
小号铁夹,5,44,0.0869,0.034542,0.034542,2.515767,2.498074,2.533584,0.014115,灰区/证据不足,1.0,是
小号铁夹,5,51,0.0503,0.018229,0.018229,2.75937,2.743012,2.774879,0.011549,灰区/证据不足,1.0,是
小号铁夹,5,58,0.021,0.008813,0.008813,2.382819,2.374484,2.391013,0.006937,灰区/证据不足,1.0,是
小号铁夹,5,90,0.001,0.000389,0.000389,2.567635,2.531954,2.603092,0.027706,灰区/证据不足,1.0,是
小号铁夹,6,1,2.7097,0.87411,0.87411,3.099954,3.090439,3.109435,0.006128,支持曾遭雷击,1.0,否
小号铁夹,6,2,2.4126,0.803269,0.803269,3.003476,2.9941,3.012665,0.006181,支持曾遭雷击,1.0,否
小号铁夹,6,3,2.1482,0.737632,0.737632,2.912294,2.9032,2.921211,0.006184,支持曾遭雷击,1.0,否
小号铁夹,6,4,2.0267,0.687933,0.687933,2.946071,2.937899,2.954047,0.005481,支持曾遭雷击,1.0,否
小号铁夹,6,5,1.907,0.638238,0.638238,2.987913,2.980318,2.995285,0.005009,支持曾遭雷击,1.0,否
小号铁夹,6,6,1.798,0.601659,0.601659,2.988404,2.98297,2.993822,0.003631,支持曾遭雷击,1.0,否
小号铁夹,6,7,1.6958,0.563319,0.563319,3.010373,3.006363,3.014441,0.002683,支持曾遭雷击,1.0,否
小号铁夹,6,8,1.6029,0.53494,0.53494,2.996411,2.994845,2.998156,0.001105,支持曾遭雷击,1.0,否
小号铁夹,6,9,1.5075,0.49754,0.49754,3.029909,3.028877,3.031009,0.000704,支持曾遭雷击,1.0,否
小号铁夹,6,10,1.4149,0.455328,0.455328,3.107428,3.106356,3.108657,0.000741,支持曾遭雷击,1.0,否
小号铁夹,6,11,1.3259,0.412611,0.412611,3.213441,3.211245,3.21568,0.00138,支持曾遭雷击,1.0,否
小号铁夹,6,12,1.245,0.376629,0.376629,3.305643,3.30259,3.308766,0.001868,支持曾遭雷击,1.0,否
小号铁夹,6,13,1.1788,0.368662,0.368662,3.19751,3.194957,3.200229,0.001649,支持曾遭雷击,1.0,否
小号铁夹,6,14,1.111,0.347624,0.347624,3.195986,3.191298,3.200804,0.002974,支持曾遭雷击,1.0,否
小号铁夹,6,15,1.0444,0.323657,0.323657,3.226875,3.22084,3.232756,0.003693,支持曾遭雷击,1.0,否
小号铁夹,6,22,0.5572,0.192999,0.192999,2.887066,2.876037,2.89786,0.007559,支持曾遭雷击,1.0,否
小号铁夹,6,30,0.2909,0.097795,0.097795,2.974595,2.964159,2.984816,0.006944,支持曾遭雷击,1.0,否
小号铁夹,6,37,0.1803,0.060954,0.060954,2.957969,2.938895,2.97782,0.013159,支持曾遭雷击,1.0,否
小号铁夹,6,44,0.1054,0.034542,0.034542,3.051345,3.029885,3.072954,0.014115,灰区/证据不足,1.0,是
小号铁夹,6,51,0.061,0.018229,0.018229,3.346353,3.326515,3.365161,0.011549,灰区/证据不足,1.0,是
小号铁夹,6,58,0.0254,0.008813,0.008813,2.882076,2.871996,2.891987,0.006937,灰区/证据不足,1.0,是
小号铁夹,6,90,0.0012,0.000389,0.000389,3.081161,3.038345,3.123711,0.027706,灰区/证据不足,1.0,是
小号铁夹,7,1,1.8645,0.87411,0.87411,2.133027,2.12648,2.139551,0.006128,支持曾遭雷击,1.0,否
小号铁夹,7,2,1.6601,0.803269,0.803269,2.06668,2.060228,2.073002,0.006181,支持曾遭雷击,1.0,否
小号铁夹,7,3,1.4781,0.737632,0.737632,2.003846,1.997588,2.009981,0.006184,支持曾遭雷击,1.0,否
小号铁夹,7,4,1.3946,0.687933,0.687933,2.027231,2.021609,2.03272,0.005481,支持曾遭雷击,1.0,否
小号铁夹,7,5,1.3122,0.638238,0.638238,2.055973,2.050746,2.061045,0.005009,支持曾遭雷击,1.0,否
小号铁夹,7,6,1.2372,0.601659,0.601659,2.056314,2.052576,2.060042,0.003631,支持曾遭雷击,1.0,否
小号铁夹,7,7,1.1669,0.563319,0.563319,2.071474,2.068714,2.074272,0.002683,支持曾遭雷击,1.0,否
小号铁夹,7,8,1.1029,0.53494,0.53494,2.061727,2.060649,2.062928,0.001105,支持曾遭雷击,1.0,否
小号铁夹,7,9,1.0373,0.49754,0.49754,2.084859,2.084149,2.085616,0.000704,支持曾遭雷击,1.0,否
小号铁夹,7,10,0.9736,0.455328,0.455328,2.138237,2.1375,2.139083,0.000741,支持曾遭雷击,1.0,否
小号铁夹,7,11,0.9124,0.412611,0.412611,2.211286,2.209774,2.212826,0.00138,支持曾遭雷击,1.0,否
小号铁夹,7,12,0.8567,0.376629,0.376629,2.274654,2.272553,2.276803,0.001868,支持曾遭雷击,1.0,否
小号铁夹,7,13,0.8111,0.368662,0.368662,2.200119,2.198362,2.20199,0.001649,支持曾遭雷击,1.0,否
小号铁夹,7,14,0.7645,0.347624,0.347624,2.199218,2.195992,2.202533,0.002974,支持曾遭雷击,1.0,否
小号铁夹,7,15,0.7187,0.323657,0.323657,2.220562,2.216409,2.224609,0.003693,支持曾遭雷击,1.0,否
小号铁夹,7,22,0.3834,0.192999,0.192999,1.986542,1.978953,1.993969,0.007559,支持曾遭雷击,1.0,否
小号铁夹,7,30,0.2002,0.097795,0.097795,2.047143,2.039961,2.054177,0.006944,支持曾遭雷击,1.0,否
小号铁夹,7,37,0.1241,0.060954,0.060954,2.035962,2.022834,2.049625,0.013159,支持曾遭雷击,1.0,否
小号铁夹,7,44,0.0725,0.034542,0.034542,2.098885,2.084124,2.113749,0.014115,灰区/证据不足,1.0,是
小号铁夹,7,51,0.042,0.018229,0.018229,2.304046,2.290388,2.316996,0.011549,灰区/证据不足,1.0,是
小号铁夹,7,58,0.0175,0.008813,0.008813,1.985682,1.978737,1.992511,0.006937,灰区/证据不足,1.0,是
小号铁夹,7,90,0.0008,0.000389,0.000389,2.054108,2.025564,2.082474,0.027706,灰区/证据不足,1.0,是
小号铁夹,8,1,2.3186,0.87411,0.87411,2.652527,2.644386,2.66064,0.006128,支持曾遭雷击,1.0,否
小号铁夹,8,2,2.0644,0.803269,0.803269,2.569998,2.561974,2.57786,0.006181,支持曾遭雷击,1.0,否
小号铁夹,8,3,1.8381,0.737632,0.737632,2.491895,2.484113,2.499524,0.006184,支持曾遭雷击,1.0,否
小号铁夹,8,4,1.7342,0.687933,0.687933,2.520884,2.513892,2.527709,0.005481,支持曾遭雷击,1.0,否
小号铁夹,8,5,1.6318,0.638238,0.638238,2.556726,2.550227,2.563035,0.005009,支持曾遭雷击,1.0,否
小号铁夹,8,6,1.5385,0.601659,0.601659,2.557096,2.552447,2.561732,0.003631,支持曾遭雷击,1.0,否
小号铁夹,8,7,1.4511,0.563319,0.563319,2.575984,2.572552,2.579464,0.002683,支持曾遭雷击,1.0,否
小号铁夹,8,8,1.3715,0.53494,0.53494,2.563839,2.562499,2.565332,0.001105,支持曾遭雷击,1.0,否
小号铁夹,8,9,1.2899,0.49754,0.49754,2.592557,2.591674,2.593498,0.000704,支持曾遭雷击,1.0,否
小号铁夹,8,10,1.2107,0.455328,0.455328,2.65896,2.658043,2.660012,0.000741,支持曾遭雷击,1.0,否
小号铁夹,8,11,1.1346,0.412611,0.412611,2.749808,2.747928,2.751724,0.00138,支持曾遭雷击,1.0,否
小号铁夹,8,12,1.0653,0.376629,0.376629,2.828515,2.825903,2.831187,0.001868,支持曾遭雷击,1.0,否
小号铁夹,8,13,1.0086,0.368662,0.368662,2.735841,2.733656,2.738166,0.001649,支持曾遭雷击,1.0,否
小号铁夹,8,14,0.9507,0.347624,0.347624,2.734855,2.730844,2.738978,0.002974,支持曾遭雷击,1.0,否
小号铁夹,8,15,0.8937,0.323657,0.323657,2.761258,2.756094,2.766291,0.003693,支持曾遭雷击,1.0,否
小号铁夹,8,22,0.4768,0.192999,0.192999,2.470483,2.461045,2.479719,0.007559,支持曾遭雷击,1.0,否
小号铁夹,8,30,0.2489,0.097795,0.097795,2.545124,2.536195,2.553869,0.006944,支持曾遭雷击,1.0,否
小号铁夹,8,37,0.1543,0.060954,0.060954,2.531418,2.515094,2.548406,0.013159,支持曾遭雷击,1.0,否
小号铁夹,8,44,0.0902,0.034542,0.034542,2.611303,2.592938,2.629796,0.014115,灰区/证据不足,1.0,是
小号铁夹,8,51,0.0522,0.018229,0.018229,2.863601,2.846625,2.879695,0.011549,灰区/证据不足,1.0,是
小号铁夹,8,58,0.0218,0.008813,0.008813,2.473593,2.464941,2.482099,0.006937,灰区/证据不足,1.0,是
小号铁夹,8,90,0.001,0.000389,0.000389,2.567635,2.531954,2.603092,0.027706,灰区/证据不足,1.0,是
小号铁夹,9,1,2.4314,0.87411,0.87411,2.781573,2.773035,2.79008,0.006128,支持曾遭雷击,1.0,否
小号铁夹,9,2,2.1649,0.803269,0.803269,2.695112,2.686698,2.703357,0.006181,支持曾遭雷击,1.0,否
小号铁夹,9,3,1.9276,0.737632,0.737632,2.613229,2.605068,2.62123,0.006184,支持曾遭雷击,1.0,否
小号铁夹,9,4,1.8186,0.687933,0.687933,2.64357,2.636238,2.650727,0.005481,支持曾遭雷击,1.0,否
小号铁夹,9,5,1.7112,0.638238,0.638238,2.681131,2.674315,2.687746,0.005009,支持曾遭雷击,1.0,否
小号铁夹,9,6,1.6134,0.601659,0.601659,2.681585,2.67671,2.686447,0.003631,支持曾遭雷击,1.0,否
小号铁夹,9,7,1.5217,0.563319,0.563319,2.701312,2.697714,2.704962,0.002683,支持曾遭雷击,1.0,否
小号铁夹,9,8,1.4383,0.53494,0.53494,2.688713,2.687308,2.690279,0.001105,支持曾遭雷击,1.0,否
小号铁夹,9,9,1.3527,0.49754,0.49754,2.718778,2.717852,2.719765,0.000704,支持曾遭雷击,1.0,否
小号铁夹,9,10,1.2696,0.455328,0.455328,2.788317,2.787356,2.789421,0.000741,支持曾遭雷击,1.0,否
小号铁夹,9,11,1.1898,0.412611,0.412611,2.88359,2.881619,2.885599,0.00138,支持曾遭雷击,1.0,否
小号铁夹,9,12,1.1171,0.376629,0.376629,2.966051,2.963312,2.968853,0.001868,支持曾遭雷击,1.0,否
小号铁夹,9,13,1.0577,0.368662,0.368662,2.869025,2.866734,2.871464,0.001649,支持曾遭雷击,1.0,否
小号铁夹,9,14,0.997,0.347624,0.347624,2.868045,2.863838,2.872369,0.002974,支持曾遭雷击,1.0,否
小号铁夹,9,15,0.9372,0.323657,0.323657,2.89566,2.890244,2.900937,0.003693,支持曾遭雷击,1.0,否
小号铁夹,9,22,0.5,0.192999,0.192999,2.590691,2.580794,2.600376,0.007559,支持曾遭雷击,1.0,否
小号铁夹,9,30,0.261,0.097795,0.097795,2.668853,2.659489,2.678023,0.006944,支持曾遭雷击,1.0,否
小号铁夹,9,37,0.1618,0.060954,0.060954,2.654461,2.637345,2.672275,0.013159,支持曾遭雷击,1.0,否
小号铁夹,9,44,0.0946,0.034542,0.034542,2.738683,2.719423,2.758079,0.014115,灰区/证据不足,1.0,是
小号铁夹,9,51,0.0548,0.018229,0.018229,3.006232,2.988411,3.023129,0.011549,灰区/证据不足,1.0,是
小号铁夹,9,58,0.0228,0.008813,0.008813,2.58706,2.578012,2.595957,0.006937,灰区/证据不足,1.0,是
小号铁夹,9,90,0.0011,0.000389,0.000389,2.824398,2.78515,2.863402,0.027706,灰区/证据不足,1.0,是
小号铁夹,10,1,1.6433,0.87411,0.87411,1.87997,1.8742,1.885719,0.006128,支持曾遭雷击,1.0,否
小号铁夹,10,2,1.4632,0.803269,0.803269,1.821556,1.81587,1.827129,0.006181,支持曾遭雷击,1.0,否
小号铁夹,10,3,1.3028,0.737632,0.737632,1.766193,1.760678,1.771601,0.006184,支持曾遭雷击,1.0,否
小号铁夹,10,4,1.2291,0.687933,0.687933,1.786656,1.7817,1.791493,0.005481,支持曾遭雷击,1.0,否
小号铁夹,10,5,1.1566,0.638238,0.638238,1.812176,1.80757,1.816648,0.005009,支持曾遭雷击,1.0,否
小号铁夹,10,6,1.0905,0.601659,0.601659,1.812488,1.809193,1.815774,0.003631,支持曾遭雷击,1.0,否
小号铁夹,10,7,1.0285,0.563319,0.563319,1.825787,1.823355,1.828254,0.002683,支持曾遭雷击,1.0,否
小号铁夹,10,8,0.9721,0.53494,0.53494,1.817213,1.816264,1.818272,0.001105,支持曾遭雷击,1.0,否
小号铁夹,10,9,0.9142,0.49754,0.49754,1.837441,1.836816,1.838108,0.000704,支持曾遭雷击,1.0,否
小号铁夹,10,10,0.8581,0.455328,0.455328,1.884574,1.883924,1.88532,0.000741,支持曾遭雷击,1.0,否
小号铁夹,10,11,0.8041,0.412611,0.412611,1.948811,1.947479,1.950169,0.00138,支持曾遭雷击,1.0,否
小号铁夹,10,12,0.755,0.376629,0.376629,2.004627,2.002775,2.00652,0.001868,支持曾遭雷击,1.0,否
小号铁夹,10,13,0.7149,0.368662,0.368662,1.939176,1.937627,1.940824,0.001649,支持曾遭雷击,1.0,否
小号铁夹,10,14,0.6738,0.347624,0.347624,1.938304,1.935461,1.941226,0.002974,支持曾遭雷击,1.0,否
小号铁夹,10,15,0.6334,0.323657,0.323657,1.957011,1.953351,1.960578,0.003693,支持曾遭雷击,1.0,否
小号铁夹,10,22,0.3379,0.192999,0.192999,1.750789,1.744101,1.757334,0.007559,支持曾遭雷击,1.0,否
小号铁夹,10,30,0.1764,0.097795,0.097795,1.803776,1.797448,1.809974,0.006944,支持曾遭雷击,1.0,否
小号铁夹,10,37,0.1093,0.060954,0.060954,1.793156,1.781593,1.80519,0.013159,支持曾遭雷击,1.0,否
小号铁夹,10,44,0.0639,0.034542,0.034542,1.849914,1.836904,1.863015,0.014115,灰区/证据不足,1.0,是
小号铁夹,10,51,0.037,0.018229,0.018229,2.029755,2.017722,2.041163,0.011549,灰区/证据不足,1.0,是
小号铁夹,10,58,0.0154,0.008813,0.008813,1.7474,1.741289,1.75341,0.006937,灰区/证据不足,1.0,是
小号铁夹,10,90,0.0007,0.000389,0.000389,1.797344,1.772368,1.822165,0.027706,灰区/证据不足,1.0,是
小号铁夹,11,1,2.4533,0.87411,0.87411,2.806627,2.798012,2.815211,0.006128,支持曾遭雷击,1.0,否
小号铁夹,11,2,2.1843,0.803269,0.803269,2.719263,2.710774,2.727582,0.006181,支持曾遭雷击,1.0,否
小号铁夹,11,3,1.9449,0.737632,0.737632,2.636682,2.628449,2.644755,0.006184,支持曾遭雷击,1.0,否
小号铁夹,11,4,1.8349,0.687933,0.687933,2.667264,2.659867,2.674486,0.005481,支持曾遭雷击,1.0,否
小号铁夹,11,5,1.7266,0.638238,0.638238,2.70526,2.698383,2.711935,0.005009,支持曾遭雷击,1.0,否
小号铁夹,11,6,1.6279,0.601659,0.601659,2.705685,2.700766,2.710591,0.003631,支持曾遭雷击,1.0,否
小号铁夹,11,7,1.5353,0.563319,0.563319,2.725455,2.721824,2.729137,0.002683,支持曾遭雷击,1.0,否
小号铁夹,11,8,1.4512,0.53494,0.53494,2.712828,2.71141,2.714408,0.001105,支持曾遭雷击,1.0,否
小号铁夹,11,9,1.3648,0.49754,0.49754,2.743098,2.742163,2.744094,0.000704,支持曾遭雷击,1.0,否
小号铁夹,11,10,1.2811,0.455328,0.455328,2.813574,2.812604,2.814687,0.000741,支持曾遭雷击,1.0,否
小号铁夹,11,11,1.2005,0.412611,0.412611,2.909523,2.907534,2.91155,0.00138,支持曾遭雷击,1.0,否
小号铁夹,11,12,1.1272,0.376629,0.376629,2.992868,2.990104,2.995695,0.001868,支持曾遭雷击,1.0,否
小号铁夹,11,13,1.0672,0.368662,0.368662,2.894794,2.892482,2.897255,0.001649,支持曾遭雷击,1.0,否
小号铁夹,11,14,1.0059,0.347624,0.347624,2.893648,2.889403,2.89801,0.002974,支持曾遭雷击,1.0,否
小号铁夹,11,15,0.9456,0.323657,0.323657,2.921613,2.916149,2.926938,0.003693,支持曾遭雷击,1.0,否
小号铁夹,11,22,0.5045,0.192999,0.192999,2.614007,2.604021,2.62378,0.007559,支持曾遭雷击,1.0,否
小号铁夹,11,30,0.2634,0.097795,0.097795,2.693394,2.683944,2.702649,0.006944,支持曾遭雷击,1.0,否
小号铁夹,11,37,0.1632,0.060954,0.060954,2.677429,2.660165,2.695397,0.013159,支持曾遭雷击,1.0,否
小号铁夹,11,44,0.0954,0.034542,0.034542,2.761843,2.74242,2.781403,0.014115,灰区/证据不足,1.0,是
小号铁夹,11,51,0.0553,0.018229,0.018229,3.033661,3.015677,3.050712,0.011549,灰区/证据不足,1.0,是
小号铁夹,11,58,0.023,0.008813,0.008813,2.609754,2.600626,2.618729,0.006937,灰区/证据不足,1.0,是
小号铁夹,11,90,0.0011,0.000389,0.000389,2.824398,2.78515,2.863402,0.027706,灰区/证据不足,1.0,是
小号铁夹,12,1,1.8224,0.87411,0.87411,2.084864,2.078465,2.09124,0.006128,支持曾遭雷击,1.0,否
小号铁夹,12,2,1.6227,0.803269,0.803269,2.02012,2.013813,2.0263,0.006181,支持曾遭雷击,1.0,否
小号铁夹,12,3,1.4448,0.737632,0.737632,1.958702,1.952585,1.964698,0.006184,支持曾遭雷击,1.0,否
小号铁夹,12,4,1.3631,0.687933,0.687933,1.981442,1.975946,1.986807,0.005481,支持曾遭雷击,1.0,否
小号铁夹,12,5,1.2826,0.638238,0.638238,2.009595,2.004486,2.014553,0.005009,支持曾遭雷击,1.0,否
小号铁夹,12,6,1.2093,0.601659,0.601659,2.009942,2.006288,2.013586,0.003631,支持曾遭雷击,1.0,否
小号铁夹,12,7,1.1406,0.563319,0.563319,2.024786,2.022089,2.027522,0.002683,支持曾遭雷击,1.0,否
小号铁夹,12,8,1.078,0.53494,0.53494,2.01518,2.014126,2.016353,0.001105,支持曾遭雷击,1.0,否
小号铁夹,12,9,1.0139,0.49754,0.49754,2.037827,2.037133,2.038567,0.000704,支持曾遭雷击,1.0,否
小号铁夹,12,10,0.9516,0.455328,0.455328,2.08992,2.0892,2.090747,0.000741,支持曾遭雷击,1.0,否
小号铁夹,12,11,0.8918,0.412611,0.412611,2.16136,2.159882,2.162866,0.00138,支持曾遭雷击,1.0,否
小号铁夹,12,12,0.8373,0.376629,0.376629,2.223144,2.221091,2.225244,0.001868,支持曾遭雷击,1.0,否
小号铁夹,12,13,0.7928,0.368662,0.368662,2.15048,2.148763,2.152308,0.001649,支持曾遭雷击,1.0,否
小号铁夹,12,14,0.7473,0.347624,0.347624,2.149739,2.146586,2.15298,0.002974,支持曾遭雷击,1.0,否
小号铁夹,12,15,0.7024,0.323657,0.323657,2.1702,2.166141,2.174155,0.003693,支持曾遭雷击,1.0,否
小号铁夹,12,22,0.3748,0.192999,0.192999,1.941982,1.934563,1.949242,0.007559,支持曾遭雷击,1.0,否
小号铁夹,12,30,0.1957,0.097795,0.097795,2.001128,1.994107,2.008004,0.006944,支持曾遭雷击,1.0,否
小号铁夹,12,37,0.1213,0.060954,0.060954,1.990026,1.977194,2.003381,0.013159,支持曾遭雷击,1.0,否
小号铁夹,12,44,0.0709,0.034542,0.034542,2.052565,2.03813,2.067101,0.014115,灰区/证据不足,1.0,是
小号铁夹,12,51,0.0411,0.018229,0.018229,2.254674,2.241308,2.267346,0.011549,灰区/证据不足,1.0,是
小号铁夹,12,58,0.0171,0.008813,0.008813,1.940295,1.933509,1.946968,0.006937,灰区/证据不足,1.0,是
小号铁夹,12,90,0.0008,0.000389,0.000389,2.054108,2.025564,2.082474,0.027706,灰区/证据不足,1.0,是
小号铁夹,13,1,1.6702,0.87411,0.87411,1.910744,1.904879,1.916588,0.006128,支持曾遭雷击,1.0,否
小号铁夹,13,2,1.4871,0.803269,0.803269,1.85131,1.84553,1.856974,0.006181,支持曾遭雷击,1.0,否
小号铁夹,13,3,1.3241,0.737632,0.737632,1.79507,1.789464,1.800566,0.006184,支持曾遭雷击,1.0,否
小号铁夹,13,4,1.2492,0.687933,0.687933,1.815874,1.810837,1.82079,0.005481,支持曾遭雷击,1.0,否
小号铁夹,13,5,1.1755,0.638238,0.638238,1.841789,1.837107,1.846334,0.005009,支持曾遭雷击,1.0,否
小号铁夹,13,6,1.1083,0.601659,0.601659,1.842073,1.838724,1.845413,0.003631,支持曾遭雷击,1.0,否
小号铁夹,13,7,1.0453,0.563319,0.563319,1.85561,1.853138,1.858117,0.002683,支持曾遭雷击,1.0,否
小号铁夹,13,8,0.988,0.53494,0.53494,1.846936,1.845971,1.848012,0.001105,支持曾遭雷击,1.0,否
小号铁夹,13,9,0.9292,0.49754,0.49754,1.86759,1.866954,1.868268,0.000704,支持曾遭雷击,1.0,否
小号铁夹,13,10,0.8721,0.455328,0.455328,1.915321,1.914661,1.916079,0.000741,支持曾遭雷击,1.0,否
小号铁夹,13,11,0.8173,0.412611,0.412611,1.980802,1.979448,1.982182,0.00138,支持曾遭雷击,1.0,否
小号铁夹,13,12,0.7674,0.376629,0.376629,2.037551,2.035669,2.039475,0.001868,支持曾遭雷击,1.0,否
小号铁夹,13,13,0.7266,0.368662,0.368662,1.970912,1.969338,1.972587,0.001649,支持曾遭雷击,1.0,否
小号铁夹,13,14,0.6848,0.347624,0.347624,1.969947,1.967058,1.972917,0.002974,支持曾遭雷击,1.0,否
小号铁夹,13,15,0.6438,0.323657,0.323657,1.989144,1.985424,1.992769,0.003693,支持曾遭雷击,1.0,否
小号铁夹,13,22,0.3435,0.192999,0.192999,1.779805,1.773006,1.786459,0.007559,支持曾遭雷击,1.0,否
小号铁夹,13,30,0.1793,0.097795,0.097795,1.83343,1.826998,1.83973,0.006944,支持曾遭雷击,1.0,否
小号铁夹,13,37,0.1111,0.060954,0.060954,1.822686,1.810933,1.834918,0.013159,支持曾遭雷击,1.0,否
小号铁夹,13,44,0.065,0.034542,0.034542,1.881759,1.868525,1.895086,0.014115,灰区/证据不足,1.0,是
小号铁夹,13,51,0.0376,0.018229,0.018229,2.06267,2.050442,2.074263,0.011549,灰区/证据不足,1.0,是
小号铁夹,13,58,0.0157,0.008813,0.008813,1.781441,1.77521,1.787567,0.006937,灰区/证据不足,1.0,是
小号铁夹,13,90,0.0007,0.000389,0.000389,1.797344,1.772368,1.822165,0.027706,灰区/证据不足,1.0,是
小号铁夹,14,1,2.946,0.87411,0.87411,3.370286,3.359941,3.380594,0.006128,支持曾遭雷击,1.0,否
小号铁夹,14,2,2.623,0.803269,0.803269,3.265406,3.255212,3.275396,0.006181,支持曾遭雷击,1.0,否
小号铁夹,14,3,2.3355,0.737632,0.737632,3.166215,3.156328,3.175909,0.006184,支持曾遭雷击,1.0,否
小号铁夹,14,4,2.2034,0.687933,0.687933,3.202927,3.194043,3.211598,0.005481,支持曾遭雷击,1.0,否
小号铁夹,14,5,2.0733,0.638238,0.638238,3.248474,3.240216,3.256489,0.005009,支持曾遭雷击,1.0,否
小号铁夹,14,6,1.9548,0.601659,0.601659,3.249016,3.243109,3.254907,0.003631,支持曾遭雷击,1.0,否
小号铁夹,14,7,1.8437,0.563319,0.563319,3.272925,3.268565,3.277347,0.002683,支持曾遭雷击,1.0,否
小号铁夹,14,8,1.7426,0.53494,0.53494,3.257562,3.255859,3.259459,0.001105,支持曾遭雷击,1.0,否
小号铁夹,14,9,1.6389,0.49754,0.49754,3.294009,3.292887,3.295205,0.000704,支持曾遭雷击,1.0,否
小号铁夹,14,10,1.5383,0.455328,0.455328,3.378441,3.377276,3.379778,0.000741,支持曾遭雷击,1.0,否
小号铁夹,14,11,1.4416,0.412611,0.412611,3.493851,3.491463,3.496285,0.00138,支持曾遭雷击,1.0,否
小号铁夹,14,12,1.3535,0.376629,0.376629,3.593725,3.590406,3.59712,0.001868,支持曾遭雷击,1.0,否
小号铁夹,14,13,1.2816,0.368662,0.368662,3.476357,3.47358,3.479312,0.001649,支持曾遭雷击,1.0,否
小号铁夹,14,14,1.2079,0.347624,0.347624,3.474736,3.469639,3.479974,0.002974,支持曾遭雷击,1.0,否
小号铁夹,14,15,1.1355,0.323657,0.323657,3.508346,3.501784,3.51474,0.003693,支持曾遭雷击,1.0,否
小号铁夹,14,22,0.6058,0.192999,0.192999,3.138881,3.12689,3.150616,0.007559,支持曾遭雷击,1.0,否
小号铁夹,14,30,0.3163,0.097795,0.097795,3.234322,3.222975,3.245436,0.006944,支持曾遭雷击,1.0,否
小号铁夹,14,37,0.196,0.060954,0.060954,3.21554,3.194806,3.237119,0.013159,支持曾遭雷击,1.0,否
小号铁夹,14,44,0.1146,0.034542,0.034542,3.317686,3.294353,3.341182,0.014115,灰区/证据不足,1.0,是
小号铁夹,14,51,0.0664,0.018229,0.018229,3.642588,3.620994,3.663061,0.011549,灰区/证据不足,1.0,是
小号铁夹,14,58,0.0277,0.008813,0.008813,3.143051,3.132058,3.15386,0.006937,灰区/证据不足,1.0,是
小号铁夹,14,90,0.0013,0.000389,0.000389,3.337925,3.291541,3.38402,0.027706,灰区/证据不足,1.0,是
小号铁夹,15,1,2.9701,0.87411,0.87411,3.397857,3.387428,3.408249,0.006128,支持曾遭雷击,1.0,否
小号铁夹,15,2,2.6446,0.803269,0.803269,3.292296,3.282018,3.302369,0.006181,支持曾遭雷击,1.0,否
小号铁夹,15,3,2.3547,0.737632,0.737632,3.192244,3.182276,3.202018,0.006184,支持曾遭雷击,1.0,否
小号铁夹,15,4,2.2215,0.687933,0.687933,3.229238,3.220281,3.23798,0.005481,支持曾遭雷击,1.0,否
小号铁夹,15,5,2.0903,0.638238,0.638238,3.27511,3.266784,3.283191,0.005009,支持曾遭雷击,1.0,否
小号铁夹,15,6,1.9709,0.601659,0.601659,3.275776,3.26982,3.281715,0.003631,支持曾遭雷击,1.0,否
小号铁夹,15,7,1.8588,0.563319,0.563319,3.29973,3.295335,3.304188,0.002683,支持曾遭雷击,1.0,否
小号铁夹,15,8,1.7569,0.53494,0.53494,3.284294,3.282577,3.286207,0.001105,支持曾遭雷击,1.0,否
小号铁夹,15,9,1.6524,0.49754,0.49754,3.321142,3.320011,3.322348,0.000704,支持曾遭雷击,1.0,否
小号铁夹,15,10,1.551,0.455328,0.455328,3.406333,3.405158,3.407681,0.000741,支持曾遭雷击,1.0,否
小号铁夹,15,11,1.4534,0.412611,0.412611,3.522449,3.520042,3.524904,0.00138,支持曾遭雷击,1.0,否
小号铁夹,15,12,1.3646,0.376629,0.376629,3.623197,3.619851,3.62662,0.001868,支持曾遭雷击,1.0,否
小号铁夹,15,13,1.2921,0.368662,0.368662,3.504838,3.502039,3.507818,0.001649,支持曾遭雷击,1.0,否
小号铁夹,15,14,1.2178,0.347624,0.347624,3.503215,3.498077,3.508496,0.002974,支持曾遭雷击,1.0,否
小号铁夹,15,15,1.1448,0.323657,0.323657,3.53708,3.530465,3.543526,0.003693,支持曾遭雷击,1.0,否
小号铁夹,15,22,0.6108,0.192999,0.192999,3.164788,3.152698,3.17662,0.007559,支持曾遭雷击,1.0,否
小号铁夹,15,30,0.3189,0.097795,0.097795,3.260909,3.249468,3.272113,0.006944,支持曾遭雷击,1.0,否
小号铁夹,15,37,0.1976,0.060954,0.060954,3.241789,3.220886,3.263545,0.013159,支持曾遭雷击,1.0,否
小号铁夹,15,44,0.1155,0.034542,0.034542,3.343741,3.320225,3.367421,0.014115,灰区/证据不足,1.0,是
小号铁夹,15,51,0.0669,0.018229,0.018229,3.670017,3.64826,3.690644,0.011549,灰区/证据不足,1.0,是
小号铁夹,15,58,0.0279,0.008813,0.008813,3.165745,3.154672,3.176632,0.006937,灰区/证据不足,1.0,是
小号铁夹,15,90,0.0013,0.000389,0.000389,3.337925,3.291541,3.38402,0.027706,灰区/证据不足,1.0,是
小号铁夹,16,1,2.7432,0.87411,0.87411,3.138279,3.128646,3.147877,0.006128,支持曾遭雷击,1.0,否
小号铁夹,16,2,2.4425,0.803269,0.803269,3.040699,3.031207,3.050002,0.006181,支持曾遭雷击,1.0,否
小号铁夹,16,3,2.1747,0.737632,0.737632,2.94822,2.939013,2.957246,0.006184,支持曾遭雷击,1.0,否
小号铁夹,16,4,2.0517,0.687933,0.687933,2.982411,2.974139,2.990486,0.005481,支持曾遭雷击,1.0,否
小号铁夹,16,5,1.9306,0.638238,0.638238,3.02489,3.0172,3.032354,0.005009,支持曾遭雷击,1.0,否
小号铁夹,16,6,1.8203,0.601659,0.601659,3.025468,3.019967,3.030953,0.003631,支持曾遭雷击,1.0,否
小号铁夹,16,7,1.7168,0.563319,0.563319,3.047653,3.043593,3.05177,0.002683,支持曾遭雷击,1.0,否
小号铁夹,16,8,1.6227,0.53494,0.53494,3.033425,3.031839,3.035191,0.001105,支持曾遭雷击,1.0,否
小号铁夹,16,9,1.5261,0.49754,0.49754,3.067293,3.066248,3.068407,0.000704,支持曾遭雷击,1.0,否
小号铁夹,16,10,1.4324,0.455328,0.455328,3.145861,3.144777,3.147106,0.000741,支持曾遭雷击,1.0,否
小号铁夹,16,11,1.3423,0.412611,0.412611,3.253188,3.250965,3.255455,0.00138,支持曾遭雷击,1.0,否
小号铁夹,16,12,1.2604,0.376629,0.376629,3.346532,3.343441,3.349693,0.001868,支持曾遭雷击,1.0,否
小号铁夹,16,13,1.1933,0.368662,0.368662,3.236842,3.234257,3.239593,0.001649,支持曾遭雷击,1.0,否
小号铁夹,16,14,1.1248,0.347624,0.347624,3.235684,3.230938,3.240562,0.002974,支持曾遭雷击,1.0,否
小号铁夹,16,15,1.0573,0.323657,0.323657,3.266732,3.260622,3.272686,0.003693,支持曾遭雷击,1.0,否
小号铁夹,16,22,0.5641,0.192999,0.192999,2.922818,2.911652,2.933745,0.007559,支持曾遭雷击,1.0,否
小号铁夹,16,30,0.2945,0.097795,0.097795,3.011407,3.000841,3.021754,0.006944,支持曾遭雷击,1.0,否
小号铁夹,16,37,0.1825,0.060954,0.060954,2.994062,2.974755,3.014155,0.013159,支持曾遭雷击,1.0,否
小号铁夹,16,44,0.1067,0.034542,0.034542,3.08898,3.067256,3.110856,0.014115,灰区/证据不足,1.0,是
小号铁夹,16,51,0.0618,0.018229,0.018229,3.39024,3.370142,3.409295,0.011549,灰区/证据不足,1.0,是
小号铁夹,16,58,0.0258,0.008813,0.008813,2.927463,2.917224,2.93753,0.006937,灰区/证据不足,1.0,是
小号铁夹,16,90,0.0012,0.000389,0.000389,3.081161,3.038345,3.123711,0.027706,灰区/证据不足,1.0,是
小号铁夹,17,1,2.016,0.87411,0.87411,2.306347,2.299267,2.3134,0.006128,支持曾遭雷击,1.0,否
小号铁夹,17,2,1.795,0.803269,0.803269,2.234618,2.227642,2.241455,0.006181,支持曾遭雷击,1.0,否
小号铁夹,17,3,1.5982,0.737632,0.737632,2.166664,2.159898,2.173298,0.006184,支持曾遭雷击,1.0,否
小号铁夹,17,4,1.5078,0.687933,0.687933,2.191782,2.185703,2.197716,0.005481,支持曾遭雷击,1.0,否
小号铁夹,17,5,1.4188,0.638238,0.638238,2.222995,2.217344,2.22848,0.005009,支持曾遭雷击,1.0,否
小号铁夹,17,6,1.3377,0.601659,0.601659,2.223352,2.21931,2.227383,0.003631,支持曾遭雷击,1.0,否
小号铁夹,17,7,1.2617,0.563319,0.563319,2.239762,2.236778,2.242788,0.002683,支持曾遭雷击,1.0,否
小号铁夹,17,8,1.1925,0.53494,0.53494,2.229222,2.228057,2.230521,0.001105,支持曾遭雷击,1.0,否
小号铁夹,17,9,1.1216,0.49754,0.49754,2.254293,2.253525,2.255111,0.000704,支持曾遭雷击,1.0,否
小号铁夹,17,10,1.0527,0.455328,0.455328,2.311958,2.311161,2.312873,0.000741,支持曾遭雷击,1.0,否
小号铁夹,17,11,0.9865,0.412611,0.412611,2.390874,2.38924,2.39254,0.00138,支持曾遭雷击,1.0,否
小号铁夹,17,12,0.9263,0.376629,0.376629,2.459452,2.45718,2.461775,0.001868,支持曾遭雷击,1.0,否
小号铁夹,17,13,0.877,0.368662,0.368662,2.378874,2.376974,2.380896,0.001649,支持曾遭雷击,1.0,否
小号铁夹,17,14,0.8266,0.347624,0.347624,2.37786,2.374372,2.381444,0.002974,支持曾遭雷击,1.0,否
小号铁夹,17,15,0.777,0.323657,0.323657,2.400691,2.396201,2.405066,0.003693,支持曾遭雷击,1.0,否
小号铁夹,17,22,0.4146,0.192999,0.192999,2.148201,2.139994,2.156232,0.007559,支持曾遭雷击,1.0,否
小号铁夹,17,30,0.2164,0.097795,0.097795,2.212796,2.205032,2.220399,0.006944,支持曾遭雷击,1.0,否
小号铁夹,17,37,0.1341,0.060954,0.060954,2.20002,2.185834,2.214784,0.013159,支持曾遭雷击,1.0,否
小号铁夹,17,44,0.0784,0.034542,0.034542,2.269691,2.253729,2.285765,0.014115,灰区/证据不足,1.0,是
小号铁夹,17,51,0.0454,0.018229,0.018229,2.490565,2.4758,2.504563,0.011549,灰区/证据不足,1.0,是
小号铁夹,17,58,0.0189,0.008813,0.008813,2.144537,2.137036,2.151912,0.006937,灰区/证据不足,1.0,是
小号铁夹,17,90,0.0009,0.000389,0.000389,2.310871,2.278759,2.342783,0.027706,灰区/证据不足,1.0,是
小号铁夹,18,1,1.7173,0.87411,0.87411,1.964627,1.958597,1.970636,0.006128,支持曾遭雷击,1.0,否
小号铁夹,18,2,1.529,0.803269,0.803269,1.903472,1.897529,1.909295,0.006181,支持曾遭雷击,1.0,否
小号铁夹,18,3,1.3614,0.737632,0.737632,1.845637,1.839873,1.851288,0.006184,支持曾遭雷击,1.0,否
小号铁夹,18,4,1.2844,0.687933,0.687933,1.867042,1.861863,1.872096,0.005481,支持曾遭雷击,1.0,否
小号铁夹,18,5,1.2086,0.638238,0.638238,1.893651,1.888837,1.898323,0.005009,支持曾遭雷击,1.0,否
小号铁夹,18,6,1.1395,0.601659,0.601659,1.89393,1.890486,1.897364,0.003631,支持曾遭雷击,1.0,否
小号铁夹,18,7,1.0747,0.563319,0.563319,1.907801,1.905259,1.910378,0.002683,支持曾遭雷击,1.0,否
小号铁夹,18,8,1.0158,0.53494,0.53494,1.898905,1.897912,1.900011,0.001105,支持曾遭雷击,1.0,否
小号铁夹,18,9,0.9554,0.49754,0.49754,1.920249,1.919595,1.920946,0.000704,支持曾遭雷击,1.0,否
小号铁夹,18,10,0.8967,0.455328,0.455328,1.969348,1.968669,1.970127,0.000741,支持曾遭雷击,1.0,否
小号铁夹,18,11,0.8403,0.412611,0.412611,2.036545,2.035153,2.037964,0.00138,支持曾遭雷击,1.0,否
小号铁夹,18,12,0.789,0.376629,0.376629,2.094901,2.092967,2.09688,0.001868,支持曾遭雷击,1.0,否
小号铁夹,18,13,0.7471,0.368662,0.368662,2.026518,2.0249,2.028241,0.001649,支持曾遭雷击,1.0,否
小号铁夹,18,14,0.7041,0.347624,0.347624,2.025467,2.022496,2.02852,0.002974,支持曾遭雷击,1.0,否
小号铁夹,18,15,0.6619,0.323657,0.323657,2.045067,2.041243,2.048795,0.003693,支持曾遭雷击,1.0,否
小号铁夹,18,22,0.3532,0.192999,0.192999,1.830064,1.823073,1.836906,0.007559,支持曾遭雷击,1.0,否
小号铁夹,18,30,0.1844,0.097795,0.097795,1.88558,1.878965,1.892059,0.006944,支持曾遭雷击,1.0,否
小号铁夹,18,37,0.1143,0.060954,0.060954,1.875185,1.863093,1.887769,0.013159,支持曾遭雷击,1.0,否
小号铁夹,18,44,0.0668,0.034542,0.034542,1.933869,1.920269,1.947565,0.014115,灰区/证据不足,1.0,是
小号铁夹,18,51,0.0387,0.018229,0.018229,2.123014,2.110429,2.134947,0.011549,灰区/证据不足,1.0,是
小号铁夹,18,58,0.0161,0.008813,0.008813,1.826828,1.820438,1.83311,0.006937,灰区/证据不足,1.0,是
小号铁夹,18,90,0.0007,0.000389,0.000389,1.797344,1.772368,1.822165,0.027706,灰区/证据不足,1.0,是
小号铁夹,19,1,2.564,0.87411,0.87411,2.93327,2.924267,2.942241,0.006128,支持曾遭雷击,1.0,否
小号铁夹,19,2,2.2829,0.803269,0.803269,2.842011,2.833139,2.850706,0.006181,支持曾遭雷击,1.0,否
小号铁夹,19,3,2.0326,0.737632,0.737632,2.755576,2.746971,2.764013,0.006184,支持曾遭雷击,1.0,否
小号铁夹,19,4,1.9177,0.687933,0.687933,2.787625,2.779893,2.795172,0.005481,支持曾遭雷击,1.0,否
小号铁夹,19,5,1.8045,0.638238,0.638238,2.827315,2.820127,2.834291,0.005009,支持曾遭雷击,1.0,否
小号铁夹,19,6,1.7013,0.601659,0.601659,2.827681,2.82254,2.832808,0.003631,支持曾遭雷击,1.0,否
小号铁夹,19,7,1.6046,0.563319,0.563319,2.848476,2.844681,2.852325,0.002683,支持曾遭雷击,1.0,否
小号铁夹,19,8,1.5167,0.53494,0.53494,2.835272,2.83379,2.836923,0.001105,支持曾遭雷击,1.0,否
小号铁夹,19,9,1.4264,0.49754,0.49754,2.866907,2.865931,2.867948,0.000704,支持曾遭雷击,1.0,否
小号铁夹,19,10,1.3389,0.455328,0.455328,2.940515,2.939501,2.941679,0.000741,支持曾遭雷击,1.0,否
小号铁夹,19,11,1.2546,0.412611,0.412611,3.040639,3.038561,3.042758,0.00138,支持曾遭雷击,1.0,否
小号铁夹,19,12,1.178,0.376629,0.376629,3.127749,3.12486,3.130703,0.001868,支持曾遭雷击,1.0,否
小号铁夹,19,13,1.1154,0.368662,0.368662,3.025537,3.023121,3.028109,0.001649,支持曾遭雷击,1.0,否
小号铁夹,19,14,1.0513,0.347624,0.347624,3.024249,3.019813,3.028808,0.002974,支持曾遭雷击,1.0,否
小号铁夹,19,15,0.9882,0.323657,0.323657,3.053234,3.047524,3.058799,0.003693,支持曾遭雷击,1.0,否
小号铁夹,19,22,0.5273,0.192999,0.192999,2.732143,2.721705,2.742357,0.007559,支持曾遭雷击,1.0,否
小号铁夹,19,30,0.2753,0.097795,0.097795,2.815077,2.805201,2.82475,0.006944,支持曾遭雷击,1.0,否
小号铁夹,19,37,0.1706,0.060954,0.060954,2.798832,2.780785,2.817615,0.013159,支持曾遭雷击,1.0,否
小号铁夹,19,44,0.0997,0.034542,0.034542,2.886329,2.86603,2.90677,0.014115,灰区/证据不足,1.0,是
小号铁夹,19,51,0.0578,0.018229,0.018229,3.170807,3.15201,3.188628,0.011549,灰区/证据不足,1.0,是
小号铁夹,19,58,0.0241,0.008813,0.008813,2.734568,2.725004,2.743972,0.006937,灰区/证据不足,1.0,是
小号铁夹,19,90,0.0011,0.000389,0.000389,2.824398,2.78515,2.863402,0.027706,灰区/证据不足,1.0,是
小号铁夹,20,1,2.2116,0.87411,0.87411,2.530117,2.522351,2.537855,0.006128,支持曾遭雷击,1.0,否
小号铁夹,20,2,1.9692,0.803269,0.803269,2.451482,2.443829,2.458982,0.006181,支持曾遭雷击,1.0,否
小号铁夹,20,3,1.7533,0.737632,0.737632,2.376932,2.369509,2.384209,0.006184,支持曾遭雷击,1.0,否
小号铁夹,20,4,1.6542,0.687933,0.687933,2.404594,2.397924,2.411104,0.005481,支持曾遭雷击,1.0,否
小号铁夹,20,5,1.5565,0.638238,0.638238,2.438745,2.432546,2.444762,0.005009,支持曾遭雷击,1.0,否
小号铁夹,20,6,1.4676,0.601659,0.601659,2.439255,2.434821,2.443678,0.003631,支持曾遭雷击,1.0,否
小号铁夹,20,7,1.3841,0.563319,0.563319,2.457046,2.453773,2.460365,0.002683,支持曾遭雷击,1.0,否
小号铁夹,20,8,1.3083,0.53494,0.53494,2.445695,2.444417,2.447119,0.001105,支持曾遭雷击,1.0,否
小号铁夹,20,9,1.2304,0.49754,0.49754,2.472969,2.472126,2.473866,0.000704,支持曾遭雷击,1.0,否
小号铁夹,20,10,1.1549,0.455328,0.455328,2.536411,2.535537,2.537415,0.000741,支持曾遭雷击,1.0,否
小号铁夹,20,11,1.0822,0.412611,0.412611,2.622812,2.621019,2.624639,0.00138,支持曾遭雷击,1.0,否
小号铁夹,20,12,1.0161,0.376629,0.376629,2.697883,2.695391,2.700431,0.001868,支持曾遭雷击,1.0,否
小号铁夹,20,13,0.9621,0.368662,0.368662,2.609709,2.607624,2.611927,0.001649,支持曾遭雷击,1.0,否
小号铁夹,20,14,0.9068,0.347624,0.347624,2.608569,2.604743,2.612501,0.002974,支持曾遭雷击,1.0,否
小号铁夹,20,15,0.8524,0.323657,0.323657,2.633654,2.628728,2.638454,0.003693,支持曾遭雷击,1.0,否
小号铁夹,20,22,0.4548,0.192999,0.192999,2.356493,2.34749,2.365302,0.007559,支持曾遭雷击,1.0,否
小号铁夹,20,30,0.2374,0.097795,0.097795,2.427531,2.419014,2.435872,0.006944,支持曾遭雷击,1.0,否
小号铁夹,20,37,0.1472,0.060954,0.060954,2.414936,2.399364,2.431143,0.013159,支持曾遭雷击,1.0,否
小号铁夹,20,44,0.086,0.034542,0.034542,2.489712,2.472202,2.507344,0.014115,灰区/证据不足,1.0,是
小号铁夹,20,51,0.0498,0.018229,0.018229,2.731941,2.715745,2.747296,0.011549,灰区/证据不足,1.0,是
小号铁夹,20,58,0.0208,0.008813,0.008813,2.360125,2.35187,2.368242,0.006937,灰区/证据不足,1.0,是
小号铁夹,20,90,0.001,0.000389,0.000389,2.567635,2.531954,2.603092,0.027706,灰区/证据不足,1.0,是
普通钢筋,1,1,2.1603,0.879701,1.319551,2.455721,2.448381,2.462786,0.005866,支持曾遭雷击,1.0,否
普通钢筋,1,2,1.9766,0.8242,1.236301,2.398203,2.390977,2.405166,0.005916,支持曾遭雷击,1.0,否
普通钢筋,1,3,1.8085,0.771639,1.157458,2.343714,2.336432,2.350638,0.006061,支持曾遭雷击,1.0,否
普通钢筋,1,4,1.7291,0.733709,1.100563,2.356658,2.35028,2.362657,0.005252,支持曾遭雷击,1.0,否
普通钢筋,1,5,1.6499,0.694005,1.041008,2.37736,2.371465,2.38289,0.004806,支持曾遭雷击,1.0,否
普通钢筋,1,6,1.5768,0.667011,1.000517,2.363978,2.359734,2.368015,0.003503,支持曾遭雷击,1.0,否
普通钢筋,1,7,1.5072,0.636707,0.955061,2.367179,2.36411,2.370086,0.002524,支持曾遭雷击,1.0,否
普通钢筋,1,8,1.4431,0.616443,0.924665,2.34101,2.340049,2.341958,0.000815,支持曾遭雷击,1.0,否
普通钢筋,1,9,1.3765,0.584546,0.876819,2.354819,2.354162,2.355523,0.000578,支持曾遭雷击,1.0,否
普通钢筋,1,10,1.3109,0.545404,0.818106,2.403539,2.402694,2.404444,0.000728,支持曾遭雷击,1.0,否
普通钢筋,1,11,1.2469,0.503891,0.755837,2.474541,2.472889,2.476169,0.001325,支持曾遭雷击,1.0,否
普通钢筋,1,12,1.1879,0.468935,0.703402,2.533187,2.530889,2.535527,0.001831,支持曾遭雷击,1.0,否
普通钢筋,1,13,1.1389,0.467983,0.701975,2.433635,2.431669,2.435716,0.001663,支持曾遭雷击,1.0,否
普通钢筋,1,14,1.0881,0.449898,0.674847,2.418549,2.415002,2.422237,0.002991,支持曾遭雷击,1.0,否
普通钢筋,1,15,1.0375,0.427063,0.640595,2.429382,2.424963,2.433888,0.003674,支持曾遭雷击,1.0,否
普通钢筋,1,22,0.641,0.291596,0.437394,2.198249,2.190251,2.206496,0.00739,支持曾遭雷击,1.0,否
普通钢筋,1,30,0.3892,0.17249,0.258735,2.256359,2.248695,2.26402,0.006792,支持曾遭雷击,1.0,否
普通钢筋,1,37,0.2693,0.123103,0.184655,2.187592,2.174273,2.201682,0.012529,支持曾遭雷击,1.0,否
普通钢筋,1,44,0.1783,0.07988,0.11982,2.232106,2.217281,2.247529,0.013552,支持曾遭雷击,1.0,否
普通钢筋,1,51,0.1172,0.048269,0.072403,2.428081,2.415212,2.44113,0.010674,灰区/证据不足,1.0,是
普通钢筋,1,58,0.0601,0.026721,0.040082,2.249161,2.244151,2.253899,0.004334,灰区/证据不足,1.0,是
普通钢筋,1,90,0.0057,0.002193,0.00329,2.598929,2.56815,2.629024,0.023423,灰区/证据不足,1.0,是
普通钢筋,2,1,3.4999,0.879701,1.319551,3.978512,3.96662,3.989957,0.005866,支持曾遭雷击,1.0,否
普通钢筋,2,2,3.2023,0.8242,1.236301,3.885341,3.873635,3.896622,0.005916,支持曾遭雷击,1.0,否
普通钢筋,2,3,2.9299,0.771639,1.157458,3.796984,3.785188,3.808203,0.006061,支持曾遭雷击,1.0,否
普通钢筋,2,4,2.8014,0.733709,1.100563,3.818137,3.807805,3.827857,0.005252,支持曾遭雷击,1.0,否
普通钢筋,2,5,2.6731,0.694005,1.041008,3.851701,3.842149,3.86066,0.004806,支持曾遭雷击,1.0,否
普通钢筋,2,6,2.5545,0.667011,1.000517,3.82977,3.822896,3.83631,0.003503,支持曾遭雷击,1.0,否
普通钢筋,2,7,2.4418,0.636707,0.955061,3.835044,3.830072,3.839753,0.002524,支持曾遭雷击,1.0,否
普通钢筋,2,8,2.338,0.616443,0.924665,3.792724,3.791169,3.79426,0.000815,支持曾遭雷击,1.0,否
普通钢筋,2,9,2.2301,0.584546,0.876819,3.815097,3.814033,3.816238,0.000578,支持曾遭雷击,1.0,否
普通钢筋,2,10,2.1238,0.545404,0.818106,3.893993,3.892624,3.89546,0.000728,支持曾遭雷击,1.0,否
普通钢筋,2,11,2.0202,0.503891,0.755837,4.009197,4.00652,4.011834,0.001325,支持曾遭雷击,1.0,否
普通钢筋,2,12,1.9245,0.468935,0.703402,4.10398,4.100258,4.107771,0.001831,支持曾遭雷击,1.0,否
普通钢筋,2,13,1.8451,0.467983,0.701975,3.942664,3.93948,3.946035,0.001663,支持曾遭雷击,1.0,否
普通钢筋,2,14,1.7628,0.449898,0.674847,3.918223,3.912476,3.924197,0.002991,支持曾遭雷击,1.0,否
普通钢筋,2,15,1.6808,0.427063,0.640595,3.935717,3.928557,3.943016,0.003674,支持曾遭雷击,1.0,否
普通钢筋,2,22,1.0385,0.291596,0.437394,3.561438,3.54848,3.574799,0.00739,支持曾遭雷击,1.0,否
普通钢筋,2,30,0.6305,0.17249,0.258735,3.655279,3.642862,3.667689,0.006792,支持曾遭雷击,1.0,否
普通钢筋,2,37,0.4364,0.123103,0.184655,3.544987,3.523404,3.56782,0.012529,支持曾遭雷击,1.0,否
普通钢筋,2,44,0.2889,0.07988,0.11982,3.616688,3.592666,3.641678,0.013552,支持曾遭雷击,1.0,否
普通钢筋,2,51,0.1899,0.048269,0.072403,3.934237,3.913385,3.95538,0.010674,灰区/证据不足,1.0,是
普通钢筋,2,58,0.0973,0.026721,0.040082,3.64132,3.633209,3.648991,0.004334,灰区/证据不足,1.0,是
普通钢筋,2,90,0.0093,0.002193,0.00329,4.240358,4.19014,4.28946,0.023423,灰区/证据不足,1.0,是
普通钢筋,3,1,1.8456,0.879701,1.319551,2.097986,2.091715,2.104022,0.005866,支持曾遭雷击,1.0,否
普通钢筋,3,2,1.6887,0.8242,1.236301,2.048895,2.042722,2.054844,0.005916,支持曾遭雷击,1.0,否
普通钢筋,3,3,1.545,0.771639,1.157458,2.002232,1.996012,2.008148,0.006061,支持曾遭雷击,1.0,否
普通钢筋,3,4,1.4773,0.733709,1.100563,2.01347,2.008021,2.018595,0.005252,支持曾遭雷击,1.0,否
普通钢筋,3,5,1.4096,0.694005,1.041008,2.031109,2.026072,2.035833,0.004806,支持曾遭雷击,1.0,否
普通钢筋,3,6,1.3471,0.667011,1.000517,2.019606,2.015981,2.023055,0.003503,支持曾遭雷击,1.0,否
普通钢筋,3,7,1.2877,0.636707,0.955061,2.022437,2.019815,2.02492,0.002524,支持曾遭雷击,1.0,否
普通钢筋,3,8,1.2329,0.616443,0.924665,2.000021,1.999201,2.000831,0.000815,支持曾遭雷击,1.0,否
普通钢筋,3,9,1.176,0.584546,0.876819,2.011818,2.011256,2.012419,0.000578,支持曾遭雷击,1.0,否
普通钢筋,3,10,1.12,0.545404,0.818106,2.053523,2.052801,2.054296,0.000728,支持曾遭雷击,1.0,否
普通钢筋,3,11,1.0653,0.503891,0.755837,2.114146,2.112734,2.115537,0.001325,支持曾遭雷击,1.0,否
普通钢筋,3,12,1.0148,0.468935,0.703402,2.164053,2.16209,2.166051,0.001831,支持曾遭雷击,1.0,否
普通钢筋,3,13,0.973,0.467983,0.701975,2.079135,2.077456,2.080913,0.001663,支持曾遭雷击,1.0,否
普通钢筋,3,14,0.9296,0.449898,0.674847,2.066247,2.063216,2.069397,0.002991,支持曾遭雷击,1.0,否
普通钢筋,3,15,0.8863,0.427063,0.640595,2.075337,2.071561,2.079185,0.003674,支持曾遭雷击,1.0,否
普通钢筋,3,22,0.5476,0.291596,0.437394,1.877943,1.87111,1.884988,0.00739,支持曾遭雷击,1.0,否
普通钢筋,3,30,0.3325,0.17249,0.258735,1.927645,1.921097,1.93419,0.006792,支持曾遭雷击,1.0,否
普通钢筋,3,37,0.2301,0.123103,0.184655,1.86916,1.85778,1.8812,0.012529,支持曾遭雷击,1.0,否
普通钢筋,3,44,0.1523,0.07988,0.11982,1.906617,1.893953,1.919791,0.013552,支持曾遭雷击,1.0,否
普通钢筋,3,51,0.1001,0.048269,0.072403,2.073813,2.062822,2.084958,0.010674,灰区/证据不足,1.0,是
普通钢筋,3,58,0.0513,0.026721,0.040082,1.919833,1.915556,1.923877,0.004334,灰区/证据不足,1.0,是
普通钢筋,3,90,0.0049,0.002193,0.00329,2.234167,2.207708,2.260038,0.023423,灰区/证据不足,1.0,是
普通钢筋,4,1,4.9868,0.879701,1.319551,5.668746,5.651802,5.685054,0.005866,支持曾遭雷击,1.0,否
普通钢筋,4,2,4.5627,0.8242,1.236301,5.535911,5.519231,5.551984,0.005916,支持曾遭雷击,1.0,否
普通钢筋,4,3,4.1746,0.771639,1.157458,5.410045,5.393237,5.426029,0.006061,支持曾遭雷击,1.0,否
普通钢筋,4,4,3.9914,0.733709,1.100563,5.440035,5.425313,5.453883,0.005252,支持曾遭雷击,1.0,否
普通钢筋,4,5,3.8086,0.694005,1.041008,5.487856,5.474247,5.500621,0.004806,支持曾遭雷击,1.0,否
普通钢筋,4,6,3.6397,0.667011,1.000517,5.456729,5.446934,5.466047,0.003503,支持曾遭雷击,1.0,否
普通钢筋,4,7,3.4792,0.636707,0.955061,5.464364,5.45728,5.471075,0.002524,支持曾遭雷击,1.0,否
普通钢筋,4,8,3.3312,0.616443,0.924665,5.403902,5.401686,5.406091,0.000815,支持曾遭雷击,1.0,否
普通钢筋,4,9,3.1774,0.584546,0.876819,5.435671,5.434155,5.437297,0.000578,支持曾遭雷击,1.0,否
普通钢筋,4,10,3.0261,0.545404,0.818106,5.548362,5.546412,5.550452,0.000728,支持曾遭雷击,1.0,否
普通钢筋,4,11,2.8784,0.503891,0.755837,5.712342,5.708528,5.716099,0.001325,支持曾遭雷击,1.0,否
普通钢筋,4,12,2.742,0.468935,0.703402,5.847292,5.841988,5.852693,0.001831,支持曾遭雷击,1.0,否
普通钢筋,4,13,2.6289,0.467983,0.701975,5.617511,5.612974,5.622314,0.001663,支持曾遭雷击,1.0,否
普通钢筋,4,14,2.5117,0.449898,0.674847,5.582823,5.574635,5.591336,0.002991,支持曾遭雷击,1.0,否
普通钢筋,4,15,2.3948,0.427063,0.640595,5.6076,5.597399,5.618,0.003674,支持曾遭雷击,1.0,否
普通钢筋,4,22,1.4797,0.291596,0.437394,5.074492,5.056028,5.09353,0.00739,支持曾遭雷击,1.0,否
普通钢筋,4,30,0.8983,0.17249,0.258735,5.20783,5.19014,5.225512,0.006792,支持曾遭雷击,1.0,否
普通钢筋,4,37,0.6217,0.123103,0.184655,5.050226,5.019478,5.082754,0.012529,支持曾遭雷击,1.0,否
普通钢筋,4,44,0.4116,0.07988,0.11982,5.152747,5.118523,5.188351,0.013552,支持曾遭雷击,1.0,否
普通钢筋,4,51,0.2706,0.048269,0.072403,5.606132,5.576419,5.63626,0.010674,灰区/证据不足,1.0,是
普通钢筋,4,58,0.1387,0.026721,0.040082,5.190659,5.179096,5.201593,0.004334,灰区/证据不足,1.0,是
普通钢筋,4,90,0.0132,0.002193,0.00329,6.018573,5.947295,6.088265,0.023423,灰区/证据不足,1.0,是
普通钢筋,5,1,2.6512,0.879701,1.319551,3.013752,3.004744,3.022422,0.005866,支持曾遭雷击,1.0,否
普通钢筋,5,2,2.4258,0.8242,1.236301,2.943216,2.934348,2.951762,0.005916,支持曾遭雷击,1.0,否
普通钢筋,5,3,2.2194,0.771639,1.157458,2.876217,2.867281,2.884715,0.006061,支持曾遭雷击,1.0,否
普通钢筋,5,4,2.1221,0.733709,1.100563,2.892293,2.884466,2.899656,0.005252,支持曾遭雷击,1.0,否
普通钢筋,5,5,2.0249,0.694005,1.041008,2.917702,2.910467,2.924488,0.004806,支持曾遭雷击,1.0,否
普通钢筋,5,6,1.9351,0.667011,1.000517,2.90115,2.895943,2.906104,0.003503,支持曾遭雷击,1.0,否
普通钢筋,5,7,1.8497,0.636707,0.955061,2.905103,2.901337,2.908671,0.002524,支持曾遭雷击,1.0,否
普通钢筋,5,8,1.7711,0.616443,0.924665,2.873094,2.871916,2.874258,0.000815,支持曾遭雷击,1.0,否
普通钢筋,5,9,1.6893,0.584546,0.876819,2.889935,2.889129,2.890799,0.000578,支持曾遭雷击,1.0,否
普通钢筋,5,10,1.6088,0.545404,0.818106,2.949739,2.948702,2.95085,0.000728,支持曾遭雷击,1.0,否
普通钢筋,5,11,1.5303,0.503891,0.755837,3.036964,3.034936,3.038961,0.001325,支持曾遭雷击,1.0,否
普通钢筋,5,12,1.4578,0.468935,0.703402,3.108746,3.105927,3.111618,0.001831,支持曾遭雷击,1.0,否
普通钢筋,5,13,1.3977,0.467983,0.701975,2.986646,2.984234,2.9892,0.001663,支持曾遭雷击,1.0,否
普通钢筋,5,14,1.3354,0.449898,0.674847,2.968229,2.963876,2.972755,0.002991,支持曾遭雷击,1.0,否
普通钢筋,5,15,1.2732,0.427063,0.640595,2.981291,2.975868,2.98682,0.003674,支持曾遭雷击,1.0,否
普通钢筋,5,22,0.7867,0.291596,0.437394,2.697914,2.688097,2.708035,0.00739,支持曾遭雷击,1.0,否
普通钢筋,5,30,0.4776,0.17249,0.258735,2.768852,2.759446,2.778253,0.006792,支持曾遭雷击,1.0,否
普通钢筋,5,37,0.3305,0.123103,0.184655,2.684735,2.668389,2.702027,0.012529,支持曾遭雷击,1.0,否
普通钢筋,5,44,0.2188,0.07988,0.11982,2.739118,2.720926,2.758045,0.013552,支持曾遭雷击,1.0,否
普通钢筋,5,51,0.1439,0.048269,0.072403,2.981236,2.965435,2.997257,0.010674,灰区/证据不足,1.0,是
普通钢筋,5,58,0.0737,0.026721,0.040082,2.758122,2.751978,2.763932,0.004334,灰区/证据不足,1.0,是
普通钢筋,5,90,0.007,0.002193,0.00329,3.191667,3.153869,3.228626,0.023423,灰区/证据不足,1.0,是
普通钢筋,6,1,4.1007,0.879701,1.319551,4.661471,4.647538,4.674882,0.005866,支持曾遭雷击,1.0,否
普通钢筋,6,2,3.752,0.8242,1.236301,4.552291,4.538575,4.565508,0.005916,支持曾遭雷击,1.0,否
普通钢筋,6,3,3.4329,0.771639,1.157458,4.448844,4.435022,4.461988,0.006061,支持曾遭雷击,1.0,否
普通钢筋,6,4,3.2823,0.733709,1.100563,4.473575,4.461469,4.484963,0.005252,支持曾遭雷击,1.0,否
普通钢筋,6,5,3.1319,0.694005,1.041008,4.512791,4.5016,4.523288,0.004806,支持曾遭雷击,1.0,否
普通钢筋,6,6,2.993,0.667011,1.000517,4.48718,4.479126,4.494843,0.003503,支持曾遭雷击,1.0,否
普通钢筋,6,7,2.861,0.636707,0.955061,4.493431,4.487606,4.498949,0.002524,支持曾遭雷击,1.0,否
普通钢筋,6,8,2.7393,0.616443,0.924665,4.443717,4.441894,4.445517,0.000815,支持曾遭雷击,1.0,否
普通钢筋,6,9,2.6129,0.584546,0.876819,4.469965,4.468718,4.471301,0.000578,支持曾遭雷击,1.0,否
普通钢筋,6,10,2.4884,0.545404,0.818106,4.562488,4.560884,4.564207,0.000728,支持曾遭雷击,1.0,否
普通钢筋,6,11,2.367,0.503891,0.755837,4.697441,4.694304,4.70053,0.001325,支持曾遭雷击,1.0,否
普通钢筋,6,12,2.2548,0.468935,0.703402,4.808342,4.803981,4.812783,0.001831,支持曾遭雷击,1.0,否
普通钢筋,6,13,2.1618,0.467983,0.701975,4.619398,4.615667,4.623347,0.001663,支持曾遭雷击,1.0,否
普通钢筋,6,14,2.0654,0.449898,0.674847,4.59082,4.584087,4.59782,0.002991,支持曾遭雷击,1.0,否
普通钢筋,6,15,1.9693,0.427063,0.640595,4.611261,4.602872,4.619812,0.003674,支持曾遭雷击,1.0,否
普通钢筋,6,22,1.2168,0.291596,0.437394,4.172901,4.157718,4.188556,0.00739,支持曾遭雷击,1.0,否
普通钢筋,6,30,0.7387,0.17249,0.258735,4.28256,4.268013,4.297101,0.006792,支持曾遭雷击,1.0,否
普通钢筋,6,37,0.5113,0.123103,0.184655,4.153419,4.128131,4.180171,0.012529,支持曾遭雷击,1.0,否
普通钢筋,6,44,0.3385,0.07988,0.11982,4.237622,4.209476,4.266902,0.013552,支持曾遭雷击,1.0,否
普通钢筋,6,51,0.2225,0.048269,0.072403,4.609624,4.585193,4.634397,0.010674,灰区/证据不足,1.0,是
普通钢筋,6,58,0.114,0.026721,0.040082,4.266295,4.256791,4.275282,0.004334,灰区/证据不足,1.0,是
普通钢筋,6,90,0.0108,0.002193,0.00329,4.924287,4.865969,4.981308,0.023423,灰区/证据不足,1.0,是
普通钢筋,7,1,2.8413,0.879701,1.319551,3.229848,3.220194,3.23914,0.005866,支持曾遭雷击,1.0,否
普通钢筋,7,2,2.5996,0.8242,1.236301,3.154087,3.144584,3.163245,0.005916,支持曾遭雷击,1.0,否
普通钢筋,7,3,2.3785,0.771639,1.157458,3.082401,3.072825,3.091508,0.006061,支持曾遭雷击,1.0,否
普通钢筋,7,4,2.2742,0.733709,1.100563,3.099596,3.091208,3.107487,0.005252,支持曾遭雷击,1.0,否
普通钢筋,7,5,2.17,0.694005,1.041008,3.126778,3.119024,3.134051,0.004806,支持曾遭雷击,1.0,否
普通钢筋,7,6,2.0738,0.667011,1.000517,3.109093,3.103512,3.114402,0.003503,支持曾遭雷击,1.0,否
普通钢筋,7,7,1.9823,0.636707,0.955061,3.113362,3.109326,3.117185,0.002524,支持曾遭雷击,1.0,否
普通钢筋,7,8,1.898,0.616443,0.924665,3.078952,3.07769,3.080199,0.000815,支持曾遭雷击,1.0,否
普通钢筋,7,9,1.8104,0.584546,0.876819,3.097104,3.09624,3.09803,0.000578,支持曾遭雷击,1.0,否
普通钢筋,7,10,1.7241,0.545404,0.818106,3.161142,3.160031,3.162333,0.000728,支持曾遭雷击,1.0,否
普通钢筋,7,11,1.64,0.503891,0.755837,3.25467,3.252496,3.25681,0.001325,支持曾遭雷击,1.0,否
普通钢筋,7,12,1.5623,0.468935,0.703402,3.331592,3.32857,3.334669,0.001831,支持曾遭雷击,1.0,否
普通钢筋,7,13,1.4978,0.467983,0.701975,3.200543,3.197958,3.203279,0.001663,支持曾遭雷击,1.0,否
普通钢筋,7,14,1.4311,0.449898,0.674847,3.180944,3.176279,3.185795,0.002991,支持曾遭雷击,1.0,否
普通钢筋,7,15,1.3645,0.427063,0.640595,3.195077,3.189265,3.201002,0.003674,支持曾遭雷击,1.0,否
普通钢筋,7,22,0.8431,0.291596,0.437394,2.891332,2.880812,2.902179,0.00739,支持曾遭雷击,1.0,否
普通钢筋,7,30,0.5118,0.17249,0.258735,2.967124,2.957045,2.977198,0.006792,支持曾遭雷击,1.0,否
普通钢筋,7,37,0.3542,0.123103,0.184655,2.877256,2.859738,2.895788,0.012529,支持曾遭雷击,1.0,否
普通钢筋,7,44,0.2345,0.07988,0.11982,2.935664,2.916166,2.955948,0.013552,支持曾遭雷击,1.0,否
普通钢筋,7,51,0.1542,0.048269,0.072403,3.194625,3.177693,3.211793,0.010674,灰区/证据不足,1.0,是
普通钢筋,7,58,0.079,0.026721,0.040082,2.956468,2.949882,2.962695,0.004334,灰区/证据不足,1.0,是
普通钢筋,7,90,0.0075,0.002193,0.00329,3.419644,3.379145,3.459242,0.023423,灰区/证据不足,1.0,是
普通钢筋,8,1,3.5893,0.879701,1.319551,4.080137,4.067942,4.091875,0.005866,支持曾遭雷击,1.0,否
普通钢筋,8,2,3.284,0.8242,1.236301,3.984468,3.972463,3.996037,0.005916,支持曾遭雷击,1.0,否
普通钢筋,8,3,3.0047,0.771639,1.157458,3.893921,3.881823,3.905426,0.006061,支持曾遭雷击,1.0,否
普通钢筋,8,4,2.8729,0.733709,1.100563,3.915588,3.904991,3.925555,0.005252,支持曾遭雷击,1.0,否
普通钢筋,8,5,2.7413,0.694005,1.041008,3.949971,3.940176,3.959158,0.004806,支持曾遭雷击,1.0,否
普通钢筋,8,6,2.6197,0.667011,1.000517,3.92752,3.92047,3.934226,0.003503,支持曾遭雷击,1.0,否
普通钢筋,8,7,2.5042,0.636707,0.955061,3.933048,3.927949,3.937878,0.002524,支持曾遭雷击,1.0,否
普通钢筋,8,8,2.3977,0.616443,0.924665,3.88957,3.887975,3.891146,0.000815,支持曾遭雷击,1.0,否
普通钢筋,8,9,2.287,0.584546,0.876819,3.912438,3.911347,3.913608,0.000578,支持曾遭雷击,1.0,否
普通钢筋,8,10,2.1781,0.545404,0.818106,3.993552,3.992148,3.995056,0.000728,支持曾遭雷击,1.0,否
普通钢筋,8,11,2.0718,0.503891,0.755837,4.1116,4.108855,4.114305,0.001325,支持曾遭雷击,1.0,否
普通钢筋,8,12,1.9736,0.468935,0.703402,4.208686,4.204868,4.212573,0.001831,支持曾遭雷击,1.0,否
普通钢筋,8,13,1.8922,0.467983,0.701975,4.043308,4.040043,4.046765,0.001663,支持曾遭雷击,1.0,否
普通钢筋,8,14,1.8078,0.449898,0.674847,4.018246,4.012352,4.024373,0.002991,支持曾遭雷击,1.0,否
普通钢筋,8,15,1.7237,0.427063,0.640595,4.03617,4.028828,4.043655,0.003674,支持曾遭雷击,1.0,否
普通钢筋,8,22,1.065,0.291596,0.437394,3.652318,3.639028,3.666019,0.00739,支持曾遭雷击,1.0,否
普通钢筋,8,30,0.6466,0.17249,0.258735,3.748617,3.735884,3.761345,0.006792,支持曾遭雷击,1.0,否
普通钢筋,8,37,0.4475,0.123103,0.184655,3.635155,3.613023,3.658569,0.012529,支持曾遭雷击,1.0,否
普通钢筋,8,44,0.2962,0.07988,0.11982,3.708075,3.683447,3.733697,0.013552,支持曾遭雷击,1.0,否
普通钢筋,8,51,0.1948,0.048269,0.072403,4.035752,4.014362,4.057441,0.010674,灰区/证据不足,1.0,是
普通钢筋,8,58,0.0998,0.026721,0.040082,3.734879,3.726559,3.742747,0.004334,灰区/证据不足,1.0,是
普通钢筋,8,90,0.0095,0.002193,0.00329,4.331549,4.28025,4.381706,0.023423,灰区/证据不足,1.0,是
普通钢筋,9,1,3.685,0.879701,1.319551,4.188924,4.176404,4.200975,0.005866,支持曾遭雷击,1.0,否
普通钢筋,9,2,3.3716,0.8242,1.236301,4.090752,4.078427,4.10263,0.005916,支持曾遭雷击,1.0,否
普通钢筋,9,3,3.0848,0.771639,1.157458,3.997726,3.985306,4.009538,0.006061,支持曾遭雷击,1.0,否
普通钢筋,9,4,2.9495,0.733709,1.100563,4.019989,4.00911,4.030222,0.005252,支持曾遭雷击,1.0,否
普通钢筋,9,5,2.8144,0.694005,1.041008,4.055301,4.045245,4.064734,0.004806,支持曾遭雷击,1.0,否
普通钢筋,9,6,2.6896,0.667011,1.000517,4.032315,4.025077,4.039201,0.003503,支持曾遭雷击,1.0,否
普通钢筋,9,7,2.5709,0.636707,0.955061,4.037806,4.032571,4.042764,0.002524,支持曾遭雷击,1.0,否
普通钢筋,9,8,2.4616,0.616443,0.924665,3.993229,3.991592,3.994847,0.000815,支持曾遭雷击,1.0,否
普通钢筋,9,9,2.3479,0.584546,0.876819,4.016621,4.015501,4.017822,0.000578,支持曾遭雷击,1.0,否
普通钢筋,9,10,2.2361,0.545404,0.818106,4.099895,4.098454,4.10144,0.000728,支持曾遭雷击,1.0,否
普通钢筋,9,11,2.127,0.503891,0.755837,4.221148,4.218329,4.223924,0.001325,支持曾遭雷击,1.0,否
普通钢筋,9,12,2.0262,0.468935,0.703402,4.320855,4.316935,4.324846,0.001831,支持曾遭雷击,1.0,否
普通钢筋,9,13,1.9426,0.467983,0.701975,4.151005,4.147652,4.154554,0.001663,支持曾遭雷击,1.0,否
普通钢筋,9,14,1.856,0.449898,0.674847,4.125381,4.11933,4.131671,0.002991,支持曾遭雷击,1.0,否
普通钢筋,9,15,1.7697,0.427063,0.640595,4.143882,4.136344,4.151567,0.003674,支持曾遭雷击,1.0,否
普通钢筋,9,22,1.0934,0.291596,0.437394,3.749713,3.736069,3.76378,0.00739,支持曾遭雷击,1.0,否
普通钢筋,9,30,0.6638,0.17249,0.258735,3.848333,3.835261,3.861399,0.006792,支持曾遭雷击,1.0,否
普通钢筋,9,37,0.4594,0.123103,0.184655,3.731822,3.709101,3.755859,0.012529,支持曾遭雷击,1.0,否
普通钢筋,9,44,0.3041,0.07988,0.11982,3.806974,3.781689,3.833279,0.013552,支持曾遭雷击,1.0,否
普通钢筋,9,51,0.2,0.048269,0.072403,4.143483,4.121522,4.16575,0.010674,灰区/证据不足,1.0,是
普通钢筋,9,58,0.1025,0.026721,0.040082,3.835923,3.827378,3.844004,0.004334,灰区/证据不足,1.0,是
普通钢筋,9,90,0.0097,0.002193,0.00329,4.422739,4.370361,4.473952,0.023423,灰区/证据不足,1.0,是
普通钢筋,10,1,2.3858,0.879701,1.319551,2.712059,2.703952,2.719861,0.005866,支持曾遭雷击,1.0,否
普通钢筋,10,2,2.1829,0.8242,1.236301,2.648506,2.640526,2.656196,0.005916,支持曾遭雷击,1.0,否
普通钢筋,10,3,1.9973,0.771639,1.157458,2.588388,2.580346,2.596035,0.006061,支持曾遭雷击,1.0,否
普通钢筋,10,4,1.9096,0.733709,1.100563,2.602668,2.595625,2.609294,0.005252,支持曾遭雷击,1.0,否
普通钢筋,10,5,1.8222,0.694005,1.041008,2.625629,2.619118,2.631736,0.004806,支持曾遭雷击,1.0,否
普通钢筋,10,6,1.7414,0.667011,1.000517,2.61075,2.606064,2.615209,0.003503,支持曾遭雷击,1.0,否
普通钢筋,10,7,1.6646,0.636707,0.955061,2.614389,2.610999,2.617599,0.002524,支持曾遭雷击,1.0,否
普通钢筋,10,8,1.5938,0.616443,0.924665,2.585476,2.584416,2.586524,0.000815,支持曾遭雷击,1.0,否
普通钢筋,10,9,1.5202,0.584546,0.876819,2.600651,2.599925,2.601428,0.000578,支持曾遭雷击,1.0,否
普通钢筋,10,10,1.4478,0.545404,0.818106,2.654545,2.653612,2.655545,0.000728,支持曾遭雷击,1.0,否
普通钢筋,10,11,1.3771,0.503891,0.755837,2.73293,2.731105,2.734728,0.001325,支持曾遭雷击,1.0,否
普通钢筋,10,12,1.3119,0.468935,0.703402,2.797616,2.795078,2.8002,0.001831,支持曾遭雷击,1.0,否
普通钢筋,10,13,1.2578,0.467983,0.701975,2.687704,2.685533,2.690002,0.001663,支持曾遭雷击,1.0,否
普通钢筋,10,14,1.2017,0.449898,0.674847,2.671051,2.667133,2.675124,0.002991,支持曾遭雷击,1.0,否
普通钢筋,10,15,1.1458,0.427063,0.640595,2.682975,2.678094,2.68795,0.003674,支持曾遭雷击,1.0,否
普通钢筋,10,22,0.7079,0.291596,0.437394,2.427677,2.418843,2.436784,0.00739,支持曾遭雷击,1.0,否
普通钢筋,10,30,0.4298,0.17249,0.258735,2.491735,2.483271,2.500195,0.006792,支持曾遭雷击,1.0,否
普通钢筋,10,37,0.2975,0.123103,0.184655,2.416667,2.401954,2.432233,0.012529,支持曾遭雷击,1.0,否
普通钢筋,10,44,0.1969,0.07988,0.11982,2.464956,2.448584,2.481988,0.013552,支持曾遭雷击,1.0,否
普通钢筋,10,51,0.1295,0.048269,0.072403,2.682905,2.668686,2.697323,0.010674,灰区/证据不足,1.0,是
普通钢筋,10,58,0.0663,0.026721,0.040082,2.481187,2.47566,2.486414,0.004334,灰区/证据不足,1.0,是
普通钢筋,10,90,0.0063,0.002193,0.00329,2.872501,2.838482,2.905763,0.023423,灰区/证据不足,1.0,是
锈蚀钢筋,1,1,4.8101,0.871267,1.306901,5.520809,5.497956,5.54099,0.007795,支持曾遭雷击,1.0,否
锈蚀钢筋,1,2,4.2192,0.792209,1.188313,5.32587,5.30426,5.345149,0.007677,支持曾遭雷击,1.0,否
锈蚀钢筋,1,3,3.7009,0.719798,1.079698,5.141578,5.121082,5.159967,0.007563,支持曾遭雷击,1.0,否
锈蚀钢筋,1,4,3.4663,0.664218,0.996327,5.218616,5.199616,5.235504,0.006877,支持曾遭雷击,1.0,否
锈蚀钢筋,1,5,3.237,0.609734,0.914601,5.308875,5.291425,5.324448,0.00622,支持曾遭雷击,1.0,否
锈蚀钢筋,1,6,3.0296,0.568723,0.853085,5.32702,5.313175,5.338972,0.004843,支持曾遭雷击,1.0,否
锈蚀钢筋,1,7,2.8366,0.526863,0.790295,5.383941,5.372561,5.393571,0.003902,支持曾遭雷击,1.0,否
锈蚀钢筋,1,8,2.6624,0.495041,0.742562,5.378136,5.369564,5.385032,0.002876,支持曾遭雷击,1.0,否
锈蚀钢筋,1,9,2.4848,0.455572,0.683358,5.454239,5.448096,5.45949,0.002089,支持曾遭雷击,1.0,否
锈蚀钢筋,1,10,2.3139,0.412522,0.618783,5.609153,5.60416,5.613199,0.001611,支持曾遭雷击,1.0,否
锈蚀钢筋,1,11,2.1508,0.369876,0.554814,5.814923,5.809096,5.820147,0.001901,支持曾遭雷击,1.0,否
锈蚀钢筋,1,12,2.0036,0.334058,0.501087,5.997759,5.991244,6.003898,0.00211,支持曾遭雷击,1.0,否
锈蚀钢筋,1,13,1.8842,0.323541,0.485312,5.823676,5.818847,5.828668,0.001686,支持曾遭雷击,1.0,否
锈蚀钢筋,1,14,1.7629,0.301859,0.452788,5.840148,5.831606,5.849185,0.00301,支持曾遭雷击,1.0,否
锈蚀钢筋,1,15,1.6444,0.278082,0.417123,5.91337,5.902123,5.924461,0.003777,支持曾遭雷击,1.0,否
锈蚀钢筋,1,22,0.8094,0.153955,0.230932,5.257388,5.235839,5.281448,0.008675,支持曾遭雷击,1.0,否
锈蚀钢筋,1,30,0.389,0.071664,0.107495,5.428137,5.404643,5.454859,0.009251,支持曾遭雷击,1.0,否
锈蚀钢筋,1,37,0.227,0.04147,0.062205,5.47381,5.431783,5.521912,0.016466,灰区/证据不足,1.0,是
锈蚀钢筋,1,44,0.124,0.021819,0.032728,5.683125,5.633911,5.740854,0.018818,灰区/证据不足,1.0,是
锈蚀钢筋,1,51,0.067,0.01069,0.016036,6.2673,6.21323,6.336034,0.019594,灰区/证据不足,1.0,是
锈蚀钢筋,1,58,0.0249,0.004799,0.007198,5.189,5.138858,5.251092,0.021629,灰区/证据不足,1.0,是
锈蚀钢筋,1,90,0.0008,0.000151,0.000227,5.297357,5.163618,5.435919,0.051403,灰区/证据不足,1.0,是
锈蚀钢筋,2,1,4.2406,0.871267,1.306901,4.867163,4.847016,4.884955,0.007795,支持曾遭雷击,1.0,否
锈蚀钢筋,2,2,3.7196,0.792209,1.188313,4.695228,4.676177,4.712224,0.007677,支持曾遭雷击,1.0,否
锈蚀钢筋,2,3,3.2626,0.719798,1.079698,4.532657,4.514589,4.548869,0.007563,支持曾遭雷击,1.0,否
锈蚀钢筋,2,4,3.0559,0.664218,0.996327,4.600747,4.583996,4.615636,0.006877,支持曾遭雷击,1.0,否
锈蚀钢筋,2,5,2.8537,0.609734,0.914601,4.68024,4.664856,4.693969,0.00622,支持曾遭雷击,1.0,否
锈蚀钢筋,2,6,2.6709,0.568723,0.853085,4.696309,4.684103,4.706846,0.004843,支持曾遭雷击,1.0,否
锈蚀钢筋,2,7,2.5007,0.526863,0.790295,4.746394,4.736362,4.754883,0.003902,支持曾遭雷击,1.0,否
锈蚀钢筋,2,8,2.3471,0.495041,0.742562,4.741219,4.733662,4.747299,0.002876,支持曾遭雷击,1.0,否
锈蚀钢筋,2,9,2.1906,0.455572,0.683358,4.808458,4.803042,4.813087,0.002089,支持曾遭雷击,1.0,否
锈蚀钢筋,2,10,2.0399,0.412522,0.618783,4.944946,4.940545,4.948513,0.001611,支持曾遭雷击,1.0,否
锈蚀钢筋,2,11,1.8961,0.369876,0.554814,5.126314,5.121176,5.130919,0.001901,支持曾遭雷击,1.0,否
锈蚀钢筋,2,12,1.7663,0.334058,0.501087,5.287404,5.28166,5.292815,0.00211,支持曾遭雷击,1.0,否
锈蚀钢筋,2,13,1.6611,0.323541,0.485312,5.134119,5.129862,5.138521,0.001686,支持曾遭雷击,1.0,否
锈蚀钢筋,2,14,1.5541,0.301859,0.452788,5.148434,5.140903,5.156401,0.00301,支持曾遭雷击,1.0,否
锈蚀钢筋,2,15,1.4497,0.278082,0.417123,5.213216,5.203301,5.222994,0.003777,支持曾遭雷击,1.0,否
锈蚀钢筋,2,22,0.7136,0.153955,0.230932,4.635128,4.616129,4.65634,0.008675,支持曾遭雷击,1.0,否
锈蚀钢筋,2,30,0.343,0.071664,0.107495,4.786249,4.765533,4.809812,0.009251,支持曾遭雷击,1.0,否
锈蚀钢筋,2,37,0.2001,0.04147,0.062205,4.825151,4.788105,4.867554,0.016466,灰区/证据不足,1.0,是
锈蚀钢筋,2,44,0.1093,0.021819,0.032728,5.0094,4.96602,5.060285,0.018818,灰区/证据不足,1.0,是
锈蚀钢筋,2,51,0.0591,0.01069,0.016036,5.52832,5.480625,5.588949,0.019594,灰区/证据不足,1.0,是
锈蚀钢筋,2,58,0.022,0.004799,0.007198,4.584659,4.540356,4.639519,0.021629,灰区/证据不足,1.0,是
锈蚀钢筋,2,90,0.0007,0.000151,0.000227,4.635188,4.518165,4.756429,0.051403,灰区/证据不足,1.0,是
锈蚀钢筋,3,1,4.722,0.871267,1.306901,5.419692,5.397258,5.439503,0.007795,支持曾遭雷击,1.0,否
锈蚀钢筋,3,2,4.1419,0.792209,1.188313,5.228295,5.207081,5.24722,0.007677,支持曾遭雷击,1.0,否
锈蚀钢筋,3,3,3.6331,0.719798,1.079698,5.047385,5.027264,5.065437,0.007563,支持曾遭雷击,1.0,否
锈蚀钢筋,3,4,3.4028,0.664218,0.996327,5.123015,5.104363,5.139594,0.006877,支持曾遭雷击,1.0,否
锈蚀钢筋,3,5,3.1777,0.609734,0.914601,5.21162,5.194489,5.226907,0.00622,支持曾遭雷击,1.0,否
锈蚀钢筋,3,6,2.9741,0.568723,0.853085,5.229433,5.215842,5.241166,0.004843,支持曾遭雷击,1.0,否
锈蚀钢筋,3,7,2.7847,0.526863,0.790295,5.285434,5.274262,5.294887,0.003902,支持曾遭雷击,1.0,否
锈蚀钢筋,3,8,2.6136,0.495041,0.742562,5.279558,5.271143,5.286328,0.002876,支持曾遭雷击,1.0,否
锈蚀钢筋,3,9,2.4393,0.455572,0.683358,5.354365,5.348334,5.359519,0.002089,支持曾遭雷击,1.0,否
锈蚀钢筋,3,10,2.2715,0.412522,0.618783,5.506371,5.501469,5.510342,0.001611,支持曾遭雷击,1.0,否
锈蚀钢筋,3,11,2.1114,0.369876,0.554814,5.708401,5.70268,5.713529,0.001901,支持曾遭雷击,1.0,否
锈蚀钢筋,3,12,1.9669,0.334058,0.501087,5.887898,5.881502,5.893924,0.00211,支持曾遭雷击,1.0,否
锈蚀钢筋,3,13,1.8497,0.323541,0.485312,5.717043,5.712303,5.721945,0.001686,支持曾遭雷击,1.0,否
锈蚀钢筋,3,14,1.7306,0.301859,0.452788,5.733144,5.724759,5.742016,0.00301,支持曾遭雷击,1.0,否
锈蚀钢筋,3,15,1.6142,0.278082,0.417123,5.804769,5.793729,5.815656,0.003777,支持曾遭雷击,1.0,否
锈蚀钢筋,3,22,0.7946,0.153955,0.230932,5.161256,5.140101,5.184876,0.008675,支持曾遭雷击,1.0,否
锈蚀钢筋,3,30,0.3819,0.071664,0.107495,5.329063,5.305997,5.355298,0.009251,支持曾遭雷击,1.0,否
锈蚀钢筋,3,37,0.2229,0.04147,0.062205,5.374943,5.333676,5.422177,0.016466,灰区/证据不足,1.0,是
锈蚀钢筋,3,44,0.1217,0.021819,0.032728,5.577712,5.529411,5.634371,0.018818,灰区/证据不足,1.0,是
锈蚀钢筋,3,51,0.0658,0.01069,0.016036,6.15505,6.101948,6.222552,0.019594,灰区/证据不足,1.0,是
锈蚀钢筋,3,58,0.0245,0.004799,0.007198,5.105642,5.056306,5.166737,0.021629,灰区/证据不足,1.0,是
锈蚀钢筋,3,90,0.0008,0.000151,0.000227,5.297357,5.163618,5.435919,0.051403,灰区/证据不足,1.0,是
锈蚀钢筋,4,1,4.5911,0.871267,1.306901,5.269451,5.247639,5.288713,0.007795,支持曾遭雷击,1.0,否
锈蚀钢筋,4,2,4.0271,0.792209,1.188313,5.083384,5.062757,5.101784,0.007677,支持曾遭雷击,1.0,否
锈蚀钢筋,4,3,3.5324,0.719798,1.079698,4.907485,4.887922,4.925036,0.007563,支持曾遭雷击,1.0,否
锈蚀钢筋,4,4,3.3085,0.664218,0.996327,4.981044,4.962908,4.997163,0.006877,支持曾遭雷击,1.0,否
锈蚀钢筋,4,5,3.0896,0.609734,0.914601,5.06713,5.050475,5.081994,0.00622,支持曾遭雷击,1.0,否
锈蚀钢筋,4,6,2.8917,0.568723,0.853085,5.084547,5.071332,5.095955,0.004843,支持曾遭雷击,1.0,否
锈蚀钢筋,4,7,2.7075,0.526863,0.790295,5.138906,5.128044,5.148097,0.003902,支持曾遭雷击,1.0,否
锈蚀钢筋,4,8,2.5412,0.495041,0.742562,5.133308,5.125126,5.13989,0.002876,支持曾遭雷击,1.0,否
锈蚀钢筋,4,9,2.3717,0.455572,0.683358,5.20598,5.200116,5.210992,0.002089,支持曾遭雷击,1.0,否
锈蚀钢筋,4,10,2.2085,0.412522,0.618783,5.353652,5.348886,5.357513,0.001611,支持曾遭雷击,1.0,否
锈蚀钢筋,4,11,2.0528,0.369876,0.554814,5.54997,5.544407,5.554955,0.001901,支持曾遭雷击,1.0,否
锈蚀钢筋,4,12,1.9124,0.334058,0.501087,5.724753,5.718534,5.730612,0.00211,支持曾遭雷击,1.0,否
锈蚀钢筋,4,13,1.7984,0.323541,0.485312,5.558486,5.553877,5.563251,0.001686,支持曾遭雷击,1.0,否
锈蚀钢筋,4,14,1.6826,0.301859,0.452788,5.57413,5.565976,5.582755,0.00301,支持曾遭雷击,1.0,否
锈蚀钢筋,4,15,1.5695,0.278082,0.417123,5.644025,5.63329,5.654611,0.003777,支持曾遭雷击,1.0,否
锈蚀钢筋,4,22,0.7726,0.153955,0.230932,5.018357,4.997788,5.041323,0.008675,支持曾遭雷击,1.0,否
锈蚀钢筋,4,30,0.3713,0.071664,0.107495,5.18115,5.158724,5.206656,0.009251,支持曾遭雷击,1.0,否
锈蚀钢筋,4,37,0.2167,0.04147,0.062205,5.225438,5.185319,5.271359,0.016466,灰区/证据不足,1.0,是
锈蚀钢筋,4,44,0.1183,0.021819,0.032728,5.421885,5.374933,5.47696,0.018818,灰区/证据不足,1.0,是
锈蚀钢筋,4,51,0.064,0.01069,0.016036,5.986675,5.935025,6.052331,0.019594,灰区/证据不足,1.0,是
锈蚀钢筋,4,58,0.0238,0.004799,0.007198,4.959767,4.91184,5.019116,0.021629,灰区/证据不足,1.0,是
锈蚀钢筋,4,90,0.0007,0.000151,0.000227,4.635188,4.518165,4.756429,0.051403,灰区/证据不足,1.0,是
锈蚀钢筋,5,1,3.7214,0.871267,1.306901,4.27125,4.253569,4.286863,0.007795,支持曾遭雷击,1.0,否
锈蚀钢筋,5,2,3.2643,0.792209,1.188313,4.120506,4.103787,4.135421,0.007677,支持曾遭雷击,1.0,否
锈蚀钢筋,5,3,2.8632,0.719798,1.079698,3.97778,3.961923,3.992006,0.007563,支持曾遭雷击,1.0,否
锈蚀钢筋,5,4,2.6818,0.664218,0.996327,4.037528,4.022828,4.050594,0.006877,支持曾遭雷击,1.0,否
锈蚀钢筋,5,5,2.5043,0.609734,0.914601,4.107203,4.093703,4.119251,0.00622,支持曾遭雷击,1.0,否
锈蚀钢筋,5,6,2.3439,0.568723,0.853085,4.121337,4.110625,4.130584,0.004843,支持曾遭雷击,1.0,否
锈蚀钢筋,5,7,2.1946,0.526863,0.790295,4.165408,4.156604,4.172858,0.003902,支持曾遭雷击,1.0,否
锈蚀钢筋,5,8,2.0598,0.495041,0.742562,4.160864,4.154232,4.166199,0.002876,支持曾遭雷击,1.0,否
锈蚀钢筋,5,9,1.9224,0.455572,0.683358,4.219748,4.214995,4.22381,0.002089,支持曾遭雷击,1.0,否
锈蚀钢筋,5,10,1.7902,0.412522,0.618783,4.339646,4.335783,4.342776,0.001611,支持曾遭雷击,1.0,否
锈蚀钢筋,5,11,1.664,0.369876,0.554814,4.498806,4.494298,4.502848,0.001901,支持曾遭雷击,1.0,否
锈蚀钢筋,5,12,1.5501,0.334058,0.501087,4.640211,4.63517,4.64496,0.00211,支持曾遭雷击,1.0,否
锈蚀钢筋,5,13,1.4577,0.323541,0.485312,4.505452,4.501716,4.509314,0.001686,支持曾遭雷击,1.0,否
锈蚀钢筋,5,14,1.3639,0.301859,0.452788,4.518338,4.511729,4.52533,0.00301,支持曾遭雷击,1.0,否
锈蚀钢筋,5,15,1.2722,0.278082,0.417123,4.574915,4.566213,4.583495,0.003777,支持曾遭雷击,1.0,否
锈蚀钢筋,5,22,0.6262,0.153955,0.230932,4.067429,4.050757,4.086042,0.008675,支持曾遭雷击,1.0,否
锈蚀钢筋,5,30,0.301,0.071664,0.107495,4.200178,4.181998,4.220855,0.009251,支持曾遭雷击,1.0,否
锈蚀钢筋,5,37,0.1756,0.04147,0.062205,4.234365,4.201855,4.271576,0.016466,灰区/证据不足,1.0,是
锈蚀钢筋,5,44,0.0959,0.021819,0.032728,4.395256,4.357194,4.439903,0.018818,灰区/证据不足,1.0,是
锈蚀钢筋,5,51,0.0518,0.01069,0.016036,4.845465,4.803661,4.898605,0.019594,灰区/证据不足,1.0,是
锈蚀钢筋,5,58,0.0193,0.004799,0.007198,4.021996,3.983131,4.070124,0.021629,灰区/证据不足,1.0,是
锈蚀钢筋,5,90,0.0006,0.000151,0.000227,3.973018,3.872713,4.076939,0.051403,灰区/证据不足,1.0,是
锈蚀钢筋,6,1,4.6704,0.871267,1.306901,5.360468,5.338279,5.380063,0.007795,支持曾遭雷击,1.0,否
锈蚀钢筋,6,2,4.0966,0.792209,1.188313,5.171113,5.150131,5.189831,0.007677,支持曾遭雷击,1.0,否
锈蚀钢筋,6,3,3.5933,0.719798,1.079698,4.992092,4.972191,5.009946,0.007563,支持曾遭雷击,1.0,否
锈蚀钢筋,6,4,3.3656,0.664218,0.996327,5.067009,5.048561,5.083407,0.006877,支持曾遭雷击,1.0,否
锈蚀钢筋,6,5,3.1429,0.609734,0.914601,5.154546,5.137603,5.169666,0.00622,支持曾遭雷击,1.0,否
锈蚀钢筋,6,6,2.9416,0.568723,0.853085,5.172288,5.158845,5.183892,0.004843,支持曾遭雷击,1.0,否
锈蚀钢筋,6,7,2.7542,0.526863,0.790295,5.227544,5.216495,5.236893,0.003902,支持曾遭雷击,1.0,否
锈蚀钢筋,6,8,2.585,0.495041,0.742562,5.221785,5.213462,5.228481,0.002876,支持曾遭雷击,1.0,否
锈蚀钢筋,6,9,2.4126,0.455572,0.683358,5.295757,5.289792,5.300855,0.002089,支持曾遭雷击,1.0,否
锈蚀钢筋,6,10,2.2467,0.412522,0.618783,5.446253,5.441405,5.450181,0.001611,支持曾遭雷击,1.0,否
锈蚀钢筋,6,11,2.0883,0.369876,0.554814,5.645948,5.640289,5.65102,0.001901,支持曾遭雷击,1.0,否
锈蚀钢筋,6,12,1.9454,0.334058,0.501087,5.823538,5.817212,5.829498,0.00211,支持曾遭雷击,1.0,否
锈蚀钢筋,6,13,1.8294,0.323541,0.485312,5.6543,5.649612,5.659148,0.001686,支持曾遭雷击,1.0,否
锈蚀钢筋,6,14,1.7116,0.301859,0.452788,5.670201,5.661907,5.678975,0.00301,支持曾遭雷击,1.0,否
锈蚀钢筋,6,15,1.5966,0.278082,0.417123,5.741478,5.730558,5.752247,0.003777,支持曾遭雷击,1.0,否
锈蚀钢筋,6,22,0.7859,0.153955,0.230932,5.104746,5.083823,5.128107,0.008675,支持曾遭雷击,1.0,否
锈蚀钢筋,6,30,0.3777,0.071664,0.107495,5.270456,5.247644,5.296402,0.009251,支持曾遭雷击,1.0,否
锈蚀钢筋,6,37,0.2204,0.04147,0.062205,5.314659,5.273855,5.361363,0.016466,灰区/证据不足,1.0,是
锈蚀钢筋,6,44,0.1204,0.021819,0.032728,5.518131,5.470346,5.574184,0.018818,灰区/证据不足,1.0,是
锈蚀钢筋,6,51,0.0651,0.01069,0.016036,6.08957,6.037034,6.156355,0.019594,灰区/证据不足,1.0,是
锈蚀钢筋,6,58,0.0242,0.004799,0.007198,5.043124,4.994392,5.103471,0.021629,灰区/证据不足,1.0,是
锈蚀钢筋,6,90,0.0008,0.000151,0.000227,5.297357,5.163618,5.435919,0.051403,灰区/证据不足,1.0,是
锈蚀钢筋,7,1,2.2293,0.871267,1.306901,2.558687,2.548095,2.56804,0.007795,支持曾遭雷击,1.0,否
锈蚀钢筋,7,2,1.9555,0.792209,1.188313,2.468416,2.4584,2.477351,0.007677,支持曾遭雷击,1.0,否
锈蚀钢筋,7,3,1.7152,0.719798,1.079698,2.382889,2.37339,2.391412,0.007563,支持曾遭雷击,1.0,否
锈蚀钢筋,7,4,1.6065,0.664218,0.996327,2.418633,2.409827,2.42646,0.006877,支持曾遭雷击,1.0,否
锈蚀钢筋,7,5,1.5002,0.609734,0.914601,2.460418,2.452331,2.467636,0.00622,支持曾遭雷击,1.0,否
锈蚀钢筋,7,6,1.4041,0.568723,0.853085,2.468864,2.462447,2.474403,0.004843,支持曾遭雷击,1.0,否
锈蚀钢筋,7,7,1.3147,0.526863,0.790295,2.495335,2.490061,2.499798,0.003902,支持曾遭雷击,1.0,否
锈蚀钢筋,7,8,1.2339,0.495041,0.742562,2.492519,2.488546,2.495715,0.002876,支持曾遭雷击,1.0,否
锈蚀钢筋,7,9,1.1516,0.455572,0.683358,2.52781,2.524963,2.530243,0.002089,支持曾遭雷击,1.0,否
锈蚀钢筋,7,10,1.0724,0.412522,0.618783,2.599618,2.597304,2.601493,0.001611,支持曾遭雷击,1.0,否
锈蚀钢筋,7,11,0.9968,0.369876,0.554814,2.694958,2.692257,2.697379,0.001901,支持曾遭雷击,1.0,否
锈蚀钢筋,7,12,0.9286,0.334058,0.501087,2.779756,2.776737,2.782601,0.00211,支持曾遭雷击,1.0,否
锈蚀钢筋,7,13,0.8733,0.323541,0.485312,2.699191,2.696953,2.701505,0.001686,支持曾遭雷击,1.0,否
锈蚀钢筋,7,14,0.817,0.301859,0.452788,2.706564,2.702605,2.710752,0.00301,支持曾遭雷击,1.0,否
锈蚀钢筋,7,15,0.7621,0.278082,0.417123,2.740562,2.735349,2.745702,0.003777,支持曾遭雷击,1.0,否
锈蚀钢筋,7,22,0.3751,0.153955,0.230932,2.43643,2.426443,2.44758,0.008675,支持曾遭雷击,1.0,否
锈蚀钢筋,7,30,0.1803,0.071664,0.107495,2.515921,2.505031,2.528306,0.009251,支持曾遭雷击,1.0,否
锈蚀钢筋,7,37,0.1052,0.04147,0.062205,2.536761,2.517285,2.559054,0.016466,灰区/证据不足,1.0,是
锈蚀钢筋,7,44,0.0575,0.021819,0.032728,2.63532,2.612499,2.66209,0.018818,灰区/证据不足,1.0,是
锈蚀钢筋,7,51,0.0311,0.01069,0.016036,2.90915,2.884051,2.941054,0.019594,灰区/证据不足,1.0,是
锈蚀钢筋,7,58,0.0115,0.004799,0.007198,2.396526,2.373368,2.425203,0.021629,灰区/证据不足,1.0,是
锈蚀钢筋,7,90,0.0004,0.000151,0.000227,2.648679,2.581809,2.717959,0.051403,灰区/证据不足,1.0,是
锈蚀钢筋,8,1,2.5442,0.871267,1.306901,2.920114,2.908027,2.930789,0.007795,支持曾遭雷击,1.0,否
锈蚀钢筋,8,2,2.2316,0.792209,1.188313,2.816935,2.805505,2.827132,0.007677,支持曾遭雷击,1.0,否
锈蚀钢筋,8,3,1.9575,0.719798,1.079698,2.719511,2.70867,2.729237,0.007563,支持曾遭雷击,1.0,否
锈蚀钢筋,8,4,1.8334,0.664218,0.996327,2.760237,2.750188,2.76917,0.006877,支持曾遭雷击,1.0,否
锈蚀钢筋,8,5,1.7121,0.609734,0.914601,2.807947,2.798718,2.816184,0.00622,支持曾遭雷击,1.0,否
锈蚀钢筋,8,6,1.6025,0.568723,0.853085,2.817715,2.810392,2.824037,0.004843,支持曾遭雷击,1.0,否
锈蚀钢筋,8,7,1.5004,0.526863,0.790295,2.847799,2.841779,2.852892,0.003902,支持曾遭雷击,1.0,否
锈蚀钢筋,8,8,1.4082,0.495041,0.742562,2.84461,2.840076,2.848258,0.002876,支持曾遭雷击,1.0,否
锈蚀钢筋,8,9,1.3143,0.455572,0.683358,2.884943,2.881694,2.88772,0.002089,支持曾遭雷击,1.0,否
锈蚀钢筋,8,10,1.2239,0.412522,0.618783,2.966871,2.96423,2.969011,0.001611,支持曾遭雷击,1.0,否
锈蚀钢筋,8,11,1.1376,0.369876,0.554814,3.075626,3.072544,3.078389,0.001901,支持曾遭雷击,1.0,否
锈蚀钢筋,8,12,1.0597,0.334058,0.501087,3.172203,3.168757,3.175449,0.00211,支持曾遭雷击,1.0,否
锈蚀钢筋,8,13,0.9966,0.323541,0.485312,3.080286,3.077732,3.082927,0.001686,支持曾遭雷击,1.0,否
锈蚀钢筋,8,14,0.9324,0.301859,0.452788,3.088862,3.084344,3.093641,0.00301,支持曾遭雷击,1.0,否
锈蚀钢筋,8,15,0.8697,0.278082,0.417123,3.127498,3.12155,3.133364,0.003777,支持曾遭雷击,1.0,否
锈蚀钢筋,8,22,0.4281,0.153955,0.230932,2.780687,2.769289,2.793412,0.008675,支持曾遭雷击,1.0,否
锈蚀钢筋,8,30,0.2058,0.071664,0.107495,2.87175,2.85932,2.885887,0.009251,支持曾遭雷击,1.0,否
锈蚀钢筋,8,37,0.1201,0.04147,0.062205,2.896055,2.87382,2.921505,0.016466,灰区/证据不足,1.0,是
锈蚀钢筋,8,44,0.0656,0.021819,0.032728,3.006556,2.980521,3.037097,0.018818,灰区/证据不足,1.0,是
锈蚀钢筋,8,51,0.0354,0.01069,0.016036,3.311379,3.282811,3.347695,0.019594,灰区/证据不足,1.0,是
锈蚀钢筋,8,58,0.0132,0.004799,0.007198,2.750795,2.724214,2.783712,0.021629,灰区/证据不足,1.0,是
锈蚀钢筋,8,90,0.0004,0.000151,0.000227,2.648679,2.581809,2.717959,0.051403,灰区/证据不足,1.0,是
锈蚀钢筋,9,1,2.1026,0.871267,1.306901,2.413266,2.403277,2.422088,0.007795,支持曾遭雷击,1.0,否
锈蚀钢筋,9,2,1.8443,0.792209,1.188313,2.328049,2.318602,2.336476,0.007677,支持曾遭雷击,1.0,否
锈蚀钢筋,9,3,1.6177,0.719798,1.079698,2.247435,2.238475,2.255473,0.007563,支持曾遭雷击,1.0,否
锈蚀钢筋,9,4,1.5152,0.664218,0.996327,2.281178,2.272872,2.28856,0.006877,支持曾遭雷击,1.0,否
锈蚀钢筋,9,5,1.415,0.609734,0.914601,2.320685,2.313057,2.327493,0.00622,支持曾遭雷击,1.0,否
锈蚀钢筋,9,6,1.3243,0.568723,0.853085,2.328549,2.322497,2.333774,0.004843,支持曾遭雷击,1.0,否
锈蚀钢筋,9,7,1.24,0.526863,0.790295,2.353553,2.348578,2.357762,0.003902,支持曾遭雷击,1.0,否
锈蚀钢筋,9,8,1.1638,0.495041,0.742562,2.350914,2.347167,2.353929,0.002876,支持曾遭雷击,1.0,否
锈蚀钢筋,9,9,1.0862,0.455572,0.683358,2.384254,2.381569,2.386549,0.002089,支持曾遭雷击,1.0,否
锈蚀钢筋,9,10,1.0115,0.412522,0.618783,2.451989,2.449807,2.453758,0.001611,支持曾遭雷击,1.0,否
锈蚀钢筋,9,11,0.9401,0.369876,0.554814,2.541663,2.539116,2.543947,0.001901,支持曾遭雷击,1.0,否
锈蚀钢筋,9,12,0.8758,0.334058,0.501087,2.6217,2.618852,2.624383,0.00211,支持曾遭雷击,1.0,否
锈蚀钢筋,9,13,0.8236,0.323541,0.485312,2.545579,2.543468,2.547761,0.001686,支持曾遭雷击,1.0,否
锈蚀钢筋,9,14,0.7706,0.301859,0.452788,2.552849,2.549115,2.5568,0.00301,支持曾遭雷击,1.0,否
锈蚀钢筋,9,15,0.7188,0.278082,0.417123,2.584852,2.579936,2.5897,0.003777,支持曾遭雷击,1.0,否
锈蚀钢筋,9,22,0.3538,0.153955,0.230932,2.298078,2.288658,2.308594,0.008675,支持曾遭雷击,1.0,否
锈蚀钢筋,9,30,0.1701,0.071664,0.107495,2.373589,2.363315,2.385274,0.009251,支持曾遭雷击,1.0,否
锈蚀钢筋,9,37,0.0992,0.04147,0.062205,2.392079,2.373713,2.4131,0.016466,灰区/证据不足,1.0,是
锈蚀钢筋,9,44,0.0542,0.021819,0.032728,2.484076,2.462564,2.509309,0.018818,灰区/证据不足,1.0,是
锈蚀钢筋,9,51,0.0293,0.01069,0.016036,2.740774,2.717129,2.770833,0.019594,灰区/证据不足,1.0,是
锈蚀钢筋,9,58,0.0109,0.004799,0.007198,2.27149,2.24954,2.298671,0.021629,灰区/证据不足,1.0,是
锈蚀钢筋,9,90,0.0003,0.000151,0.000227,1.986509,1.936357,2.038469,0.051403,灰区/证据不足,1.0,是
锈蚀钢筋,10,1,2.9231,0.871267,1.306901,3.354998,3.34111,3.367262,0.007795,支持曾遭雷击,1.0,否
锈蚀钢筋,10,2,2.564,0.792209,1.188313,3.236521,3.223389,3.248237,0.007677,支持曾遭雷击,1.0,否
锈蚀钢筋,10,3,2.249,0.719798,1.079698,3.124486,3.11203,3.13566,0.007563,支持曾遭雷击,1.0,否
锈蚀钢筋,10,4,2.1064,0.664218,0.996327,3.171247,3.159701,3.181509,0.006877,支持曾遭雷击,1.0,否
锈蚀钢筋,10,5,1.9671,0.609734,0.914601,3.226163,3.215558,3.235626,0.00622,支持曾遭雷击,1.0,否
锈蚀钢筋,10,6,1.8411,0.568723,0.853085,3.237251,3.228838,3.244514,0.004843,支持曾遭雷击,1.0,否
锈蚀钢筋,10,7,1.7238,0.526863,0.790295,3.271818,3.264902,3.277669,0.003902,支持曾遭雷击,1.0,否
锈蚀钢筋,10,8,1.6179,0.495041,0.742562,3.268211,3.263002,3.272402,0.002876,支持曾遭雷击,1.0,否
锈蚀钢筋,10,9,1.51,0.455572,0.683358,3.314513,3.310779,3.317703,0.002089,支持曾遭雷击,1.0,否
锈蚀钢筋,10,10,1.4061,0.412522,0.618783,3.408544,3.40551,3.411003,0.001611,支持曾遭雷击,1.0,否
锈蚀钢筋,10,11,1.307,0.369876,0.554814,3.533618,3.530076,3.536792,0.001901,支持曾遭雷击,1.0,否
锈蚀钢筋,10,12,1.2175,0.334058,0.501087,3.644576,3.640617,3.648306,0.00211,支持曾遭雷击,1.0,否
锈蚀钢筋,10,13,1.145,0.323541,0.485312,3.53896,3.536026,3.541994,0.001686,支持曾遭雷击,1.0,否
锈蚀钢筋,10,14,1.0713,0.301859,0.452788,3.549011,3.543819,3.554502,0.00301,支持曾遭雷击,1.0,否
锈蚀钢筋,10,15,0.9993,0.278082,0.417123,3.593548,3.586714,3.600288,0.003777,支持曾遭雷击,1.0,否
锈蚀钢筋,10,22,0.4919,0.153955,0.230932,3.195094,3.181998,3.209716,0.008675,支持曾遭雷击,1.0,否
锈蚀钢筋,10,30,0.2364,0.071664,0.107495,3.298744,3.284467,3.314984,0.009251,支持曾遭雷击,1.0,否
锈蚀钢筋,10,37,0.138,0.04147,0.062205,3.32769,3.302141,3.356933,0.016466,灰区/证据不足,1.0,是
锈蚀钢筋,10,44,0.0753,0.021819,0.032728,3.451124,3.421238,3.48618,0.018818,灰区/证据不足,1.0,是
锈蚀钢筋,10,51,0.0407,0.01069,0.016036,3.807151,3.774305,3.848904,0.019594,灰区/证据不足,1.0,是
锈蚀钢筋,10,58,0.0151,0.004799,0.007198,3.146743,3.116335,3.184397,0.021629,灰区/证据不足,1.0,是
锈蚀钢筋,10,90,0.0005,0.000151,0.000227,3.310848,3.227261,3.397449,0.051403,灰区/证据不足,1.0,是
